filename,dialogue_id,utterance_id,emotion,speaker
dia0_utt0.wav,0,0,neutral,Chandler
dia0_utt1.wav,0,1,neutral,The Interviewer
dia0_utt2.wav,0,2,neutral,Chandler
dia0_utt3.wav,0,3,neutral,The Interviewer
dia0_utt4.wav,0,4,surprise,Chandler
dia0_utt5.wav,0,5,neutral,The Interviewer
dia0_utt6.wav,0,6,neutral,Chandler
dia0_utt7.wav,0,7,neutral,The Interviewer
dia0_utt8.wav,0,8,neutral,Chandler
dia0_utt9.wav,0,9,neutral,The Interviewer
dia0_utt10.wav,0,10,fear,Chandler
dia0_utt11.wav,0,11,neutral,The Interviewer
dia0_utt12.wav,0,12,surprise,Chandler
dia0_utt13.wav,0,13,neutral,The Interviewer
dia1_utt0.wav,1,0,surprise,Joey
dia1_utt1.wav,1,1,sadness,Rachel
dia1_utt2.wav,1,2,surprise,Joey
dia1_utt3.wav,1,3,fear,Rachel
dia1_utt4.wav,1,4,neutral,Joey
dia1_utt5.wav,1,5,neutral,Joey
dia1_utt8.wav,1,8,neutral,Rachel
dia2_utt0.wav,2,0,neutral,Chandler
dia2_utt1.wav,2,1,neutral,Monica
dia2_utt2.wav,2,2,joy,Chandler
dia2_utt3.wav,2,3,sadness,Monica
dia2_utt4.wav,2,4,surprise,Chandler
dia2_utt5.wav,2,5,neutral,Monica
dia2_utt6.wav,2,6,disgust,Chandler
dia2_utt7.wav,2,7,sadness,Monica
dia2_utt8.wav,2,8,neutral,Chandler
dia2_utt9.wav,2,9,neutral,Monica
dia2_utt10.wav,2,10,joy,Chandler
dia2_utt11.wav,2,11,neutral,Monica
dia2_utt12.wav,2,12,joy,Chandler
dia3_utt0.wav,3,0,surprise,Phoebe
dia3_utt1.wav,3,1,surprise,Chandler
dia3_utt2.wav,3,2,surprise,Phoebe
dia3_utt3.wav,3,3,neutral,Phoebe
dia3_utt4.wav,3,4,neutral,Phoebe
dia3_utt5.wav,3,5,neutral,Phoebe
dia3_utt6.wav,3,6,surprise,Phoebe
dia3_utt8.wav,3,8,sadness,Phoebe
dia3_utt9.wav,3,9,neutral,Joey
dia4_utt0.wav,4,0,surprise,Rachel
dia4_utt1.wav,4,1,joy,Ross
dia4_utt2.wav,4,2,surprise,Rachel
dia4_utt3.wav,4,3,neutral,Ross
dia4_utt4.wav,4,4,neutral,Rachel
dia4_utt5.wav,4,5,neutral,Ross
dia4_utt6.wav,4,6,neutral,Rachel
dia4_utt7.wav,4,7,neutral,Ross
dia4_utt8.wav,4,8,joy,Rachel
dia4_utt9.wav,4,9,joy,Ross
dia4_utt10.wav,4,10,joy,Rachel
dia4_utt11.wav,4,11,sadness,Ross
dia4_utt12.wav,4,12,neutral,Rachel
dia4_utt13.wav,4,13,neutral,Ross
dia4_utt14.wav,4,14,neutral,Rachel
dia5_utt0.wav,5,0,neutral,Phoebe
dia5_utt1.wav,5,1,neutral,Joey
dia5_utt2.wav,5,2,neutral,Phoebe
dia5_utt3.wav,5,3,surprise,Sergei
dia6_utt0.wav,6,0,joy,Chandler
dia6_utt1.wav,6,1,surprise,Joey
dia6_utt2.wav,6,2,joy,Chandler
dia6_utt3.wav,6,3,neutral,Joey
dia6_utt4.wav,6,4,neutral,Chandler
dia6_utt5.wav,6,5,anger,Joey
dia6_utt6.wav,6,6,joy,Chandler
dia6_utt7.wav,6,7,neutral,Joey
dia6_utt8.wav,6,8,surprise,Chandler
dia6_utt9.wav,6,9,anger,Joey
dia6_utt10.wav,6,10,anger,Joey
dia6_utt11.wav,6,11,anger,Joey
dia6_utt12.wav,6,12,neutral,Joey
dia6_utt13.wav,6,13,neutral,Joey
dia6_utt14.wav,6,14,sadness,Chandler
dia6_utt15.wav,6,15,sadness,Chandler
dia6_utt16.wav,6,16,sadness,Chandler
dia6_utt17.wav,6,17,surprise,Chandler
dia6_utt18.wav,6,18,anger,Chandler
dia6_utt19.wav,6,19,anger,Chandler
dia6_utt20.wav,6,20,anger,Chandler
dia6_utt21.wav,6,21,anger,Chandler
dia7_utt0.wav,7,0,neutral,Joey
dia7_utt1.wav,7,1,anger,Ross
dia8_utt0.wav,8,0,neutral,Phoebe
dia8_utt1.wav,8,1,neutral,Phoebe
dia8_utt2.wav,8,2,neutral,Chandler
dia8_utt3.wav,8,3,neutral,Customer
dia8_utt4.wav,8,4,joy,Chandler
dia8_utt5.wav,8,5,neutral,Customer
dia8_utt6.wav,8,6,joy,Chandler
dia9_utt0.wav,9,0,neutral,Chandler
dia9_utt1.wav,9,1,neutral,Jade
dia9_utt2.wav,9,2,neutral,Jade
dia9_utt3.wav,9,3,joy,Chandler
dia9_utt4.wav,9,4,neutral,Ross
dia9_utt5.wav,9,5,neutral,Chandler
dia9_utt6.wav,9,6,neutral,Jade
dia9_utt7.wav,9,7,neutral,Chandler
dia9_utt8.wav,9,8,neutral,Jade
dia9_utt9.wav,9,9,joy,Chandler
dia9_utt10.wav,9,10,neutral,Ross
dia9_utt11.wav,9,11,neutral,Chandler
dia9_utt12.wav,9,12,disgust,Ross
dia9_utt13.wav,9,13,anger,Chandler
dia10_utt0.wav,10,0,anger,Phoebe
dia10_utt1.wav,10,1,anger,Phoebe
dia10_utt2.wav,10,2,anger,Phoebe
dia10_utt3.wav,10,3,anger,Phoebe
dia10_utt4.wav,10,4,anger,Phoebe
dia10_utt5.wav,10,5,neutral,Monica
dia11_utt0.wav,11,0,neutral,Ross
dia11_utt1.wav,11,1,anger,Monica
dia11_utt2.wav,11,2,neutral,Ross
dia11_utt3.wav,11,3,joy,Chandler
dia11_utt4.wav,11,4,neutral,Phoebe
dia11_utt5.wav,11,5,neutral,Phoebe
dia11_utt6.wav,11,6,joy,Ross
dia11_utt7.wav,11,7,joy,Joey
dia11_utt8.wav,11,8,joy,Joey
dia11_utt9.wav,11,9,joy,Phoebe
dia12_utt0.wav,12,0,neutral,Chandler
dia12_utt1.wav,12,1,joy,Joey
dia12_utt2.wav,12,2,disgust,Chandler
dia12_utt3.wav,12,3,surprise,Joey
dia12_utt4.wav,12,4,disgust,Chandler
dia12_utt5.wav,12,5,neutral,Joey
dia12_utt6.wav,12,6,fear,Joey
dia12_utt7.wav,12,7,neutral,Joey
dia12_utt8.wav,12,8,surprise,Chandler
dia12_utt9.wav,12,9,fear,Joey
dia12_utt10.wav,12,10,disgust,Chandler
dia12_utt11.wav,12,11,anger,Joey
dia13_utt0.wav,13,0,joy,Mona
dia13_utt1.wav,13,1,neutral,Ross
dia13_utt2.wav,13,2,surprise,Mona
dia13_utt3.wav,13,3,neutral,Ross
dia14_utt0.wav,14,0,neutral,Ross
dia14_utt1.wav,14,1,neutral,Mona
dia14_utt2.wav,14,2,neutral,Ross
dia14_utt3.wav,14,3,surprise,Mona
dia14_utt4.wav,14,4,neutral,Ross
dia14_utt5.wav,14,5,neutral,Mona
dia15_utt0.wav,15,0,anger,Ross
dia15_utt1.wav,15,1,neutral,Charlie
dia15_utt2.wav,15,2,neutral,Ross
dia15_utt3.wav,15,3,sadness,Charlie
dia15_utt4.wav,15,4,surprise,Ross
dia15_utt5.wav,15,5,sadness,Charlie
dia15_utt6.wav,15,6,anger,Ross
dia15_utt7.wav,15,7,sadness,Charlie
dia15_utt8.wav,15,8,neutral,Ross
dia15_utt9.wav,15,9,sadness,Charlie
dia15_utt10.wav,15,10,neutral,Charlie
dia15_utt11.wav,15,11,neutral,Charlie
dia15_utt12.wav,15,12,neutral,Paleontologist
dia15_utt13.wav,15,13,neutral,Ross
dia15_utt14.wav,15,14,neutral,Charlie
dia15_utt15.wav,15,15,joy,Professore Clerk
dia15_utt16.wav,15,16,anger,Ross
dia15_utt17.wav,15,17,anger,Ross
dia15_utt18.wav,15,18,anger,Ross
dia15_utt19.wav,15,19,neutral,Ross
dia15_utt20.wav,15,20,anger,Ross
dia15_utt21.wav,15,21,joy,Ross
dia15_utt22.wav,15,22,joy,Ross
dia16_utt0.wav,16,0,joy,Ross
dia16_utt1.wav,16,1,joy,Rachel
dia16_utt2.wav,16,2,disgust,Phoebe
dia16_utt3.wav,16,3,surprise,Monica
dia16_utt4.wav,16,4,neutral,Phoebe
dia16_utt5.wav,16,5,neutral,Ross
dia17_utt0.wav,17,0,anger,Joey
dia17_utt1.wav,17,1,joy,Joey
dia17_utt2.wav,17,2,neutral,Chandler
dia17_utt3.wav,17,3,neutral,Monica
dia17_utt4.wav,17,4,fear,Rachel
dia17_utt5.wav,17,5,neutral,Monica
dia17_utt6.wav,17,6,fear,Rachel
dia17_utt7.wav,17,7,joy,Caitlin
dia17_utt8.wav,17,8,joy,Ross
dia17_utt9.wav,17,9,joy,Caitlin
dia17_utt10.wav,17,10,joy,Ross
dia18_utt0.wav,18,0,neutral,Ross
dia18_utt1.wav,18,1,neutral,Joey
dia18_utt2.wav,18,2,neutral,Ross
dia18_utt3.wav,18,3,joy,Joey
dia18_utt4.wav,18,4,neutral,Ross
dia18_utt5.wav,18,5,joy,Joey
dia18_utt6.wav,18,6,fear,Joey
dia18_utt7.wav,18,7,neutral,Ross
dia18_utt8.wav,18,8,sadness,Joey
dia18_utt9.wav,18,9,surprise,Joey
dia18_utt10.wav,18,10,fear,Ross
dia19_utt0.wav,19,0,neutral,Joey
dia19_utt1.wav,19,1,neutral,Phoebe
dia20_utt0.wav,20,0,neutral,Rachel
dia20_utt1.wav,20,1,joy,Joey
dia20_utt2.wav,20,2,joy,Phoebe
dia20_utt3.wav,20,3,joy,Joey
dia20_utt4.wav,20,4,joy,Joey
dia20_utt5.wav,20,5,joy,Joey
dia20_utt6.wav,20,6,joy,Joey
dia20_utt7.wav,20,7,joy,Joey
dia20_utt8.wav,20,8,neutral,Joey
dia20_utt9.wav,20,9,neutral,Joey
dia20_utt10.wav,20,10,neutral,Phoebe
dia20_utt11.wav,20,11,neutral,Joey
dia20_utt12.wav,20,12,joy,Joey
dia20_utt13.wav,20,13,joy,Joey
dia20_utt14.wav,20,14,joy,Joey
dia20_utt15.wav,20,15,surprise,Rachel
dia20_utt16.wav,20,16,neutral,Joey
dia21_utt0.wav,21,0,surprise,Monica
dia21_utt1.wav,21,1,neutral,Ross
dia21_utt2.wav,21,2,joy,Monica
dia21_utt3.wav,21,3,surprise,Phoebe
dia21_utt4.wav,21,4,neutral,Ross
dia21_utt5.wav,21,5,surprise,Monica
dia21_utt6.wav,21,6,anger,Phoebe
dia21_utt7.wav,21,7,neutral,Ross
dia21_utt8.wav,21,8,disgust,Phoebe
dia21_utt9.wav,21,9,neutral,Phoebe
dia21_utt10.wav,21,10,neutral,Phoebe
dia21_utt11.wav,21,11,disgust,Phoebe
dia21_utt12.wav,21,12,neutral,Monica
dia21_utt13.wav,21,13,joy,Phoebe
dia22_utt0.wav,22,0,disgust,Joey
dia22_utt1.wav,22,1,neutral,Nurse
dia22_utt2.wav,22,2,surprise,Joey
dia22_utt3.wav,22,3,neutral,Nurse
dia23_utt0.wav,23,0,surprise,Monica
dia23_utt1.wav,23,1,anger,Chandler
dia23_utt2.wav,23,2,surprise,Phoebe
dia23_utt3.wav,23,3,joy,Rachel
dia23_utt4.wav,23,4,neutral,Monica
dia23_utt5.wav,23,5,neutral,Ross
dia23_utt6.wav,23,6,neutral,Rachel
dia23_utt7.wav,23,7,neutral,Monica
dia23_utt8.wav,23,8,surprise,Chandler
dia24_utt0.wav,24,0,neutral,Rachel
dia24_utt1.wav,24,1,neutral,Rachel
dia24_utt2.wav,24,2,neutral,Rachel
dia24_utt3.wav,24,3,joy,Ross
dia24_utt4.wav,24,4,surprise,Rachel
dia24_utt5.wav,24,5,neutral,Ross
dia24_utt6.wav,24,6,neutral,Ross
dia24_utt7.wav,24,7,joy,Rachel
dia24_utt8.wav,24,8,fear,Ross
dia25_utt0.wav,25,0,joy,Mr. Treeger
dia25_utt1.wav,25,1,joy,Joey
dia25_utt2.wav,25,2,joy,Mr. Treeger
dia25_utt3.wav,25,3,joy,Joey
dia25_utt4.wav,25,4,neutral,Mr. Treeger
dia25_utt5.wav,25,5,neutral,Joey
dia25_utt6.wav,25,6,neutral,Mr. Treeger
dia25_utt7.wav,25,7,neutral,Joey
dia25_utt8.wav,25,8,neutral,Mr. Treeger
dia25_utt9.wav,25,9,neutral,Joey
dia25_utt10.wav,25,10,neutral,Mr. Treeger
dia25_utt11.wav,25,11,surprise,Joey
dia25_utt12.wav,25,12,neutral,Mr. Treeger
dia25_utt13.wav,25,13,neutral,Joey
dia26_utt0.wav,26,0,surprise,Ross
dia26_utt1.wav,26,1,neutral,Joey
dia26_utt2.wav,26,2,surprise,Carol
dia26_utt3.wav,26,3,neutral,Joey
dia26_utt4.wav,26,4,neutral,The Casting Director
dia26_utt5.wav,26,5,joy,Ross
dia26_utt6.wav,26,6,joy,Joey
dia26_utt7.wav,26,7,joy,Ross
dia26_utt8.wav,26,8,neutral,The Casting Director
dia26_utt9.wav,26,9,neutral,The Casting Director
dia26_utt10.wav,26,10,neutral,The Casting Director
dia26_utt11.wav,26,11,sadness,Joey
dia26_utt12.wav,26,12,neutral,Ross
dia26_utt13.wav,26,13,neutral,Ross
dia27_utt0.wav,27,0,sadness,Monica
dia27_utt1.wav,27,1,joy,Chandler
dia28_utt0.wav,28,0,anger,Ross
dia28_utt1.wav,28,1,anger,Ross
dia28_utt2.wav,28,2,anger,Ross
dia28_utt3.wav,28,3,joy,Ross
dia28_utt4.wav,28,4,fear,Emily
dia28_utt5.wav,28,5,joy,Ross
dia28_utt6.wav,28,6,fear,Emily
dia28_utt7.wav,28,7,sadness,Ross
dia29_utt0.wav,29,0,surprise,Monica
dia29_utt1.wav,29,1,joy,Chandler
dia29_utt2.wav,29,2,neutral,Monica
dia29_utt3.wav,29,3,joy,Chandler
dia29_utt4.wav,29,4,surprise,Monica
dia29_utt6.wav,29,6,anger,Monica
dia29_utt7.wav,29,7,anger,Monica
dia29_utt8.wav,29,8,anger,Monica
dia29_utt9.wav,29,9,neutral,Chandler
dia29_utt10.wav,29,10,anger,Monica
dia29_utt11.wav,29,11,anger,Monica
dia29_utt12.wav,29,12,surprise,Chandler
dia29_utt13.wav,29,13,neutral,Ross
dia30_utt0.wav,30,0,neutral,Elizabeth
dia30_utt1.wav,30,1,joy,Ross
dia30_utt2.wav,30,2,neutral,Paul
dia30_utt3.wav,30,3,neutral,Ross
dia30_utt4.wav,30,4,anger,Paul
dia30_utt5.wav,30,5,surprise,Ross
dia30_utt6.wav,30,6,anger,Paul
dia30_utt7.wav,30,7,fear,Ross
dia30_utt8.wav,30,8,neutral,Paul
dia30_utt9.wav,30,9,neutral,Ross
dia30_utt10.wav,30,10,neutral,Ross
dia30_utt11.wav,30,11,fear,Ross
dia30_utt12.wav,30,12,neutral,Paul
dia30_utt13.wav,30,13,neutral,Ross
dia30_utt14.wav,30,14,anger,Paul
dia30_utt15.wav,30,15,surprise,Elizabeth
dia31_utt0.wav,31,0,neutral,Joey
dia31_utt1.wav,31,1,neutral,The Dry Cleaner
dia31_utt2.wav,31,2,neutral,Joey
dia31_utt3.wav,31,3,neutral,Phoebe
dia32_utt0.wav,32,0,surprise,Joey and Chandler
dia32_utt1.wav,32,1,neutral,Phoebe
dia32_utt2.wav,32,2,surprise,Monica
dia32_utt3.wav,32,3,neutral,Phoebe
dia32_utt4.wav,32,4,surprise,Rachel
dia32_utt5.wav,32,5,neutral,Phoebe
dia32_utt6.wav,32,6,surprise,Monica
dia32_utt7.wav,32,7,surprise,Ross
dia32_utt8.wav,32,8,neutral,Ross
dia32_utt9.wav,32,9,surprise,Chandler
dia32_utt10.wav,32,10,joy,Ross
dia32_utt11.wav,32,11,joy,Ross
dia32_utt12.wav,32,12,anger,Ross
dia32_utt13.wav,32,13,anger,Ross
dia32_utt14.wav,32,14,anger,Ross
dia32_utt15.wav,32,15,neutral,Chandler
dia32_utt16.wav,32,16,neutral,Joey
dia32_utt17.wav,32,17,fear,Phoebe
dia32_utt18.wav,32,18,neutral,Ross
dia33_utt0.wav,33,0,fear,Chandler
dia33_utt1.wav,33,1,joy,Joey
dia33_utt2.wav,33,2,neutral,Ross
dia33_utt3.wav,33,3,neutral,Chandler
dia33_utt4.wav,33,4,surprise,Phoebe
dia33_utt5.wav,33,5,neutral,Chandler
dia33_utt6.wav,33,6,neutral,Ross
dia33_utt7.wav,33,7,neutral,Monica
dia33_utt8.wav,33,8,joy,Chandler
dia33_utt9.wav,33,9,joy,Monica
dia33_utt10.wav,33,10,neutral,Rachel
dia34_utt0.wav,34,0,neutral,Rachel
dia34_utt1.wav,34,1,neutral,Rachel
dia34_utt2.wav,34,2,neutral,Rachel
dia34_utt3.wav,34,3,joy,Ross
dia34_utt4.wav,34,4,neutral,Rachel
dia34_utt5.wav,34,5,neutral,Ross
dia34_utt6.wav,34,6,neutral,Rachel
dia34_utt7.wav,34,7,neutral,Ross
dia34_utt8.wav,34,8,neutral,Rachel
dia34_utt9.wav,34,9,surprise,Ross
dia34_utt10.wav,34,10,neutral,Rachel
dia34_utt11.wav,34,11,neutral,Ross
dia34_utt12.wav,34,12,neutral,Rachel
dia34_utt13.wav,34,13,disgust,Ross
dia35_utt0.wav,35,0,surprise,Phoebe
dia35_utt1.wav,35,1,joy,Phoebe
dia35_utt2.wav,35,2,joy,Phoebe
dia35_utt3.wav,35,3,joy,Phoebe
dia35_utt4.wav,35,4,joy,Phoebe
dia35_utt5.wav,35,5,joy,Ross
dia36_utt0.wav,36,0,neutral,Ross
dia36_utt1.wav,36,1,neutral,Ross
dia36_utt2.wav,36,2,neutral,Chandler
dia36_utt3.wav,36,3,neutral,Joey
dia36_utt4.wav,36,4,sadness,Chandler
dia36_utt5.wav,36,5,sadness,Ross
dia37_utt0.wav,37,0,neutral,Monica
dia37_utt1.wav,37,1,joy,Joey
dia37_utt2.wav,37,2,joy,Monica
dia37_utt3.wav,37,3,disgust,Joey
dia38_utt0.wav,38,0,anger,Monica
dia38_utt1.wav,38,1,neutral,Chandler
dia38_utt2.wav,38,2,joy,Monica
dia38_utt3.wav,38,3,neutral,Ross
dia38_utt4.wav,38,4,surprise,Phoebe
dia38_utt5.wav,38,5,neutral,Ross
dia38_utt6.wav,38,6,anger,Ross
dia38_utt7.wav,38,7,surprise,Ross
dia38_utt8.wav,38,8,surprise,Ross
dia38_utt9.wav,38,9,surprise,Ross
dia38_utt10.wav,38,10,surprise,Phoebe
dia38_utt11.wav,38,11,surprise,Joey
dia39_utt0.wav,39,0,anger,Kate
dia39_utt1.wav,39,1,anger,Joey
dia39_utt2.wav,39,2,surprise,Joey
dia39_utt3.wav,39,3,anger,Joey
dia39_utt4.wav,39,4,anger,Joey
dia39_utt5.wav,39,5,anger,Joey
dia39_utt6.wav,39,6,anger,Joey
dia39_utt7.wav,39,7,joy,The Director
dia39_utt8.wav,39,8,neutral,Kate
dia39_utt9.wav,39,9,neutral,The Director
dia39_utt10.wav,39,10,disgust,Kate
dia39_utt11.wav,39,11,neutral,The Director
dia39_utt12.wav,39,12,neutral,Joey
dia39_utt13.wav,39,13,neutral,Kate
dia39_utt14.wav,39,14,neutral,Joey
dia39_utt15.wav,39,15,anger,Joey
dia39_utt16.wav,39,16,anger,Joey
dia39_utt17.wav,39,17,anger,Kate
dia39_utt18.wav,39,18,anger,Joey
dia40_utt0.wav,40,0,anger,Phoebe
dia40_utt1.wav,40,1,anger,Joey
dia40_utt2.wav,40,2,neutral,Chandler
dia40_utt3.wav,40,3,neutral,Phoebe
dia40_utt4.wav,40,4,neutral,Monica
dia40_utt5.wav,40,5,neutral,Chandler
dia40_utt6.wav,40,6,joy,Joey
dia40_utt7.wav,40,7,neutral,Monica
dia40_utt8.wav,40,8,disgust,Joey
dia40_utt9.wav,40,9,fear,Monica
dia40_utt10.wav,40,10,neutral,Chandler
dia40_utt11.wav,40,11,surprise,Monica
dia40_utt12.wav,40,12,joy,Joey
dia40_utt13.wav,40,13,sadness,Monica
dia40_utt14.wav,40,14,sadness,Rachel
dia41_utt0.wav,41,0,sadness,Mr. Tribbiani
dia41_utt1.wav,41,1,surprise,Joey
dia41_utt2.wav,41,2,neutral,Mr. Tribbiani
dia41_utt3.wav,41,3,neutral,Joey
dia41_utt4.wav,41,4,neutral,Mr. Tribbiani
dia41_utt5.wav,41,5,surprise,Joey
dia41_utt6.wav,41,6,neutral,Mr. Tribbiani
dia41_utt7.wav,41,7,neutral,Mr. Tribbiani
dia41_utt8.wav,41,8,neutral,Mr. Tribbiani
dia41_utt9.wav,41,9,neutral,Mr. Tribbiani
dia41_utt10.wav,41,10,neutral,Joey
dia41_utt11.wav,41,11,neutral,Mr. Tribbiani
dia41_utt12.wav,41,12,disgust,Joey
dia41_utt13.wav,41,13,neutral,Mr. Tribbiani
dia41_utt14.wav,41,14,disgust,Joey
dia41_utt15.wav,41,15,surprise,Mr. Tribbiani
dia42_utt0.wav,42,0,neutral,Chandler
dia42_utt1.wav,42,1,surprise,Guru Saj
dia43_utt0.wav,43,0,neutral,Monica
dia43_utt1.wav,43,1,neutral,Rachel
dia43_utt2.wav,43,2,neutral,Monica
dia43_utt3.wav,43,3,neutral,Rachel
dia43_utt4.wav,43,4,neutral,Rachel
dia43_utt5.wav,43,5,neutral,Monica
dia43_utt6.wav,43,6,neutral,Rachel
dia44_utt0.wav,44,0,neutral,Charlie
dia44_utt1.wav,44,1,surprise,Ross
dia44_utt2.wav,44,2,neutral,Charlie
dia45_utt0.wav,45,0,sadness,Joey
dia45_utt1.wav,45,1,disgust,Chandler
dia45_utt2.wav,45,2,neutral,Joey
dia45_utt3.wav,45,3,anger,Chandler
dia45_utt4.wav,45,4,neutral,Joey
dia46_utt0.wav,46,0,joy,Monica
dia46_utt1.wav,46,1,surprise,Joey
dia46_utt2.wav,46,2,anger,Monica
dia46_utt3.wav,46,3,surprise,Phoebe
dia46_utt4.wav,46,4,neutral,Rachel
dia46_utt5.wav,46,5,neutral,Joey
dia46_utt6.wav,46,6,anger,Rachel
dia46_utt7.wav,46,7,surprise,Joey
dia46_utt8.wav,46,8,joy,Chandler
dia46_utt9.wav,46,9,joy,Monica
dia46_utt10.wav,46,10,neutral,Joey
dia46_utt11.wav,46,11,fear,Monica
dia46_utt12.wav,46,12,joy,Chandler
dia46_utt13.wav,46,13,surprise,Joey
dia46_utt14.wav,46,14,joy,Chandler
dia47_utt0.wav,47,0,neutral,Chandler
dia47_utt1.wav,47,1,neutral,Joey
dia47_utt2.wav,47,2,neutral,Joey
dia47_utt3.wav,47,3,neutral,Joey
dia47_utt4.wav,47,4,neutral,Joey
dia47_utt5.wav,47,5,neutral,Joey
dia47_utt6.wav,47,6,neutral,Joey
dia47_utt7.wav,47,7,joy,Joey
dia47_utt8.wav,47,8,neutral,Joey
dia47_utt9.wav,47,9,neutral,Chandler
dia47_utt11.wav,47,11,surprise,Chandler
dia47_utt12.wav,47,12,neutral,Joey
dia47_utt13.wav,47,13,surprise,Chandler
dia47_utt14.wav,47,14,neutral,Joey
dia47_utt15.wav,47,15,joy,Joey
dia47_utt16.wav,47,16,joy,Joey
dia47_utt17.wav,47,17,neutral,Chandler
dia48_utt0.wav,48,0,neutral,Rachel
dia49_utt0.wav,49,0,neutral,Ross
dia49_utt1.wav,49,1,neutral,Ross
dia49_utt2.wav,49,2,anger,Ross
dia49_utt3.wav,49,3,joy,Monica
dia49_utt4.wav,49,4,fear,Ross
dia49_utt5.wav,49,5,neutral,Joey
dia49_utt6.wav,49,6,neutral,Joey
dia49_utt7.wav,49,7,neutral,Joey
dia49_utt8.wav,49,8,neutral,Joey
dia49_utt9.wav,49,9,joy,Monica
dia49_utt10.wav,49,10,neutral,Chandler
dia49_utt11.wav,49,11,neutral,Joey
dia49_utt12.wav,49,12,sadness,Chandler
dia49_utt13.wav,49,13,surprise,Joey
dia49_utt14.wav,49,14,neutral,Chandler
dia49_utt15.wav,49,15,surprise,Monica
dia49_utt16.wav,49,16,neutral,Ross
dia49_utt17.wav,49,17,neutral,Chandler
dia49_utt18.wav,49,18,surprise,Ross
dia49_utt19.wav,49,19,neutral,Chandler
dia49_utt20.wav,49,20,surprise,Monica
dia49_utt21.wav,49,21,anger,Joey
dia50_utt0.wav,50,0,joy,Joey
dia50_utt1.wav,50,1,anger,Wayne
dia50_utt2.wav,50,2,surprise,Joey
dia50_utt3.wav,50,3,neutral,Joey
dia50_utt4.wav,50,4,neutral,Joey
dia50_utt5.wav,50,5,fear,Joey
dia50_utt6.wav,50,6,fear,Joey
dia50_utt7.wav,50,7,sadness,Joey
dia50_utt8.wav,50,8,joy,Joey
dia50_utt9.wav,50,9,surprise,Joey
dia50_utt10.wav,50,10,surprise,Joey
dia50_utt11.wav,50,11,neutral,Joey
dia50_utt12.wav,50,12,neutral,Joey
dia50_utt13.wav,50,13,anger,Joey
dia50_utt14.wav,50,14,surprise,Joey
dia50_utt15.wav,50,15,anger,Joey
dia50_utt16.wav,50,16,neutral,Joey
dia51_utt0.wav,51,0,neutral,Ross
dia51_utt1.wav,51,1,sadness,Rachel
dia51_utt2.wav,51,2,neutral,Ross
dia51_utt3.wav,51,3,disgust,Rachel
dia51_utt4.wav,51,4,anger,Ross
dia51_utt5.wav,51,5,anger,Rachel
dia51_utt6.wav,51,6,anger,Ross
dia51_utt7.wav,51,7,anger,Rachel
dia51_utt8.wav,51,8,anger,Ross
dia51_utt9.wav,51,9,anger,Rachel
dia51_utt10.wav,51,10,anger,Rachel
dia52_utt0.wav,52,0,neutral,Monica
dia52_utt1.wav,52,1,joy,Phoebe
dia52_utt2.wav,52,2,neutral,Monica
dia52_utt3.wav,52,3,neutral,Phoebe
dia52_utt4.wav,52,4,neutral,Monica
dia52_utt5.wav,52,5,neutral,Phoebe
dia52_utt6.wav,52,6,neutral,Monica
dia52_utt7.wav,52,7,neutral,Phoebe
dia52_utt8.wav,52,8,neutral,Monica
dia52_utt9.wav,52,9,neutral,Phoebe
dia52_utt10.wav,52,10,neutral,Monica
dia52_utt11.wav,52,11,neutral,Phoebe
dia53_utt0.wav,53,0,joy,Richard
dia53_utt1.wav,53,1,joy,Monica
dia53_utt2.wav,53,2,neutral,Richard
dia53_utt3.wav,53,3,neutral,Monica
dia53_utt4.wav,53,4,neutral,Monica
dia53_utt5.wav,53,5,neutral,Monica
dia53_utt6.wav,53,6,joy,Richard
dia53_utt7.wav,53,7,neutral,Monica
dia53_utt8.wav,53,8,joy,Richard
dia54_utt0.wav,54,0,disgust,Joey
dia54_utt1.wav,54,1,sadness,Rachel
dia54_utt2.wav,54,2,anger,Joey
dia54_utt3.wav,54,3,fear,Dina
dia54_utt4.wav,54,4,fear,Dina
dia54_utt5.wav,54,5,neutral,Dina
dia54_utt6.wav,54,6,joy,Bobby
dia54_utt7.wav,54,7,anger,Dina
dia54_utt8.wav,54,8,sadness,Joey
dia54_utt9.wav,54,9,joy,Dina
dia54_utt10.wav,54,10,neutral,Dina
dia54_utt11.wav,54,11,neutral,Dina
dia54_utt12.wav,54,12,fear,Dina
dia54_utt13.wav,54,13,fear,Joey
dia54_utt14.wav,54,14,sadness,Dina
dia54_utt15.wav,54,15,sadness,Dina
dia54_utt16.wav,54,16,sadness,Dina
dia54_utt17.wav,54,17,joy,Joey
dia54_utt18.wav,54,18,joy,Dina
dia54_utt19.wav,54,19,joy,Joey
dia54_utt20.wav,54,20,joy,Bobby
dia54_utt21.wav,54,21,neutral,Rachel
dia54_utt22.wav,54,22,joy,Joey
dia54_utt23.wav,54,23,anger,Rachel
dia55_utt0.wav,55,0,joy,Danny
dia55_utt1.wav,55,1,joy,Rachel
dia55_utt2.wav,55,2,neutral,Danny
dia55_utt3.wav,55,3,surprise,Rachel
dia55_utt4.wav,55,4,neutral,Danny
dia55_utt5.wav,55,5,joy,Rachel
dia55_utt6.wav,55,6,surprise,Krista
dia55_utt7.wav,55,7,neutral,Danny
dia55_utt8.wav,55,8,joy,Krista
dia55_utt9.wav,55,9,joy,Danny
dia55_utt10.wav,55,10,joy,Krista
dia55_utt11.wav,55,11,joy,Danny
dia55_utt12.wav,55,12,joy,Krista
dia55_utt13.wav,55,13,joy,Danny
dia55_utt14.wav,55,14,joy,Krista
dia55_utt15.wav,55,15,joy,Danny
dia55_utt16.wav,55,16,neutral,Rachel
dia56_utt0.wav,56,0,surprise,Chandler
dia56_utt1.wav,56,1,neutral,Jill
dia56_utt2.wav,56,2,surprise,Chandler
dia56_utt3.wav,56,3,neutral,Jill
dia56_utt4.wav,56,4,neutral,Chandler
dia56_utt5.wav,56,5,neutral,Jill
dia56_utt6.wav,56,6,joy,Chandler
dia57_utt1.wav,57,1,neutral,Chandler
dia57_utt2.wav,57,2,fear,Chandler
dia57_utt3.wav,57,3,fear,Chandler
dia58_utt0.wav,58,0,neutral,Phoebe
dia58_utt1.wav,58,1,neutral,Rachel
dia58_utt2.wav,58,2,surprise,Phoebe
dia58_utt3.wav,58,3,neutral,Joey
dia58_utt4.wav,58,4,anger,Monica
dia58_utt5.wav,58,5,surprise,Joey
dia58_utt6.wav,58,6,neutral,Monica
dia58_utt7.wav,58,7,neutral,Monica
dia58_utt8.wav,58,8,neutral,Monica
dia58_utt9.wav,58,9,neutral,Joey
dia59_utt0.wav,59,0,neutral,Doug
dia59_utt1.wav,59,1,joy,Doug
dia59_utt2.wav,59,2,neutral,Doug
dia59_utt3.wav,59,3,joy,Doug
dia59_utt4.wav,59,4,joy,Doug
dia59_utt5.wav,59,5,joy,Doug
dia59_utt6.wav,59,6,joy,Doug
dia59_utt7.wav,59,7,joy,Doug
dia59_utt8.wav,59,8,joy,Doug
dia59_utt9.wav,59,9,joy,Doug
dia61_utt0.wav,61,0,neutral,Stevens
dia61_utt1.wav,61,1,joy,Doug
dia61_utt2.wav,61,2,joy,Doug
dia61_utt3.wav,61,3,neutral,Doug
dia61_utt4.wav,61,4,neutral,Doug
dia61_utt5.wav,61,5,sadness,Chandler
dia61_utt6.wav,61,6,joy,Doug
dia61_utt7.wav,61,7,sadness,Chandler
dia61_utt8.wav,61,8,joy,Doug
dia62_utt0.wav,62,0,neutral,Chandler
dia62_utt1.wav,62,1,joy,Bob
dia62_utt2.wav,62,2,neutral,Chandler
dia62_utt3.wav,62,3,joy,Bob
dia62_utt5.wav,62,5,joy,Chandler
dia62_utt6.wav,62,6,neutral,Mr. Franklin
dia62_utt7.wav,62,7,neutral,Chandler
dia62_utt8.wav,62,8,neutral,Mr. Franklin
dia62_utt9.wav,62,9,surprise,Chandler
dia62_utt10.wav,62,10,surprise,Mr. Franklin
dia62_utt11.wav,62,11,neutral,Chandler
dia63_utt0.wav,63,0,joy,Ross
dia63_utt1.wav,63,1,neutral,Chandler
dia63_utt2.wav,63,2,joy,Ross
dia63_utt3.wav,63,3,surprise,Chandler
dia63_utt4.wav,63,4,joy,Ross
dia63_utt5.wav,63,5,anger,Chandler
dia63_utt6.wav,63,6,neutral,Ross
dia63_utt7.wav,63,7,sadness,Chandler
dia64_utt0.wav,64,0,anger,Chandler
dia64_utt1.wav,64,1,neutral,Monica
dia64_utt2.wav,64,2,neutral,Chandler
dia64_utt3.wav,64,3,neutral,Phoebe
dia64_utt4.wav,64,4,neutral,Monica
dia64_utt5.wav,64,5,joy,Phoebe
dia64_utt6.wav,64,6,neutral,Monica
dia64_utt7.wav,64,7,joy,Phoebe
dia64_utt8.wav,64,8,joy,Joey
dia64_utt9.wav,64,9,anger,Phoebe
dia64_utt10.wav,64,10,neutral,Chandler
dia64_utt11.wav,64,11,anger,Joey
dia64_utt12.wav,64,12,neutral,Chandler
dia65_utt0.wav,65,0,joy,Ross
dia65_utt1.wav,65,1,surprise,Rachel
dia65_utt2.wav,65,2,neutral,Ross
dia65_utt3.wav,65,3,joy,Rachel
dia66_utt1.wav,66,1,neutral,Phoebe
dia66_utt2.wav,66,2,neutral,Phoebe
dia66_utt3.wav,66,3,neutral,Monica
dia66_utt4.wav,66,4,neutral,Phoebe
dia66_utt5.wav,66,5,surprise,Monica
dia66_utt6.wav,66,6,neutral,Phoebe
dia66_utt7.wav,66,7,neutral,Monica
dia66_utt8.wav,66,8,sadness,Phoebe
dia66_utt9.wav,66,9,joy,Monica
dia66_utt10.wav,66,10,joy,Phoebe
dia66_utt11.wav,66,11,sadness,Monica
dia66_utt12.wav,66,12,neutral,Phoebe
dia67_utt0.wav,67,0,surprise,Rachel
dia67_utt1.wav,67,1,neutral,Ross
dia67_utt2.wav,67,2,joy,Rachel
dia67_utt3.wav,67,3,neutral,Ross
dia67_utt5.wav,67,5,joy,Rachel
dia67_utt6.wav,67,6,sadness,Rachel
dia67_utt7.wav,67,7,joy,Rachel
dia67_utt8.wav,67,8,joy,Rachel
dia67_utt9.wav,67,9,neutral,Ross
dia67_utt10.wav,67,10,joy,Rachel
dia67_utt11.wav,67,11,joy,Ross
dia67_utt12.wav,67,12,neutral,Phoebe
dia67_utt13.wav,67,13,neutral,Phoebe
dia67_utt14.wav,67,14,neutral,Phoebe
dia67_utt15.wav,67,15,anger,Phoebe
dia68_utt0.wav,68,0,anger,Director
dia68_utt1.wav,68,1,joy,Joey
dia68_utt2.wav,68,2,neutral,Director
dia68_utt3.wav,68,3,surprise,Joey
dia69_utt0.wav,69,0,joy,Chandler
dia69_utt1.wav,69,1,neutral,Chandler
dia69_utt2.wav,69,2,neutral,Janice
dia69_utt3.wav,69,3,surprise,Chandler
dia69_utt4.wav,69,4,sadness,Phoebe
dia69_utt5.wav,69,5,neutral,Chandler
dia69_utt6.wav,69,6,anger,Phoebe
dia70_utt0.wav,70,0,joy,Tony
dia70_utt1.wav,70,1,neutral,Joey
dia70_utt2.wav,70,2,neutral,Chandler
dia70_utt3.wav,70,3,neutral,Tony
dia70_utt4.wav,70,4,neutral,Chandler
dia70_utt5.wav,70,5,anger,Tony
dia70_utt6.wav,70,6,neutral,Chandler
dia70_utt7.wav,70,7,anger,Peter
dia70_utt8.wav,70,8,anger,Joey
dia71_utt0.wav,71,0,neutral,Rachel
dia71_utt1.wav,71,1,neutral,Phoebe
dia72_utt0.wav,72,0,neutral,Chandler
dia72_utt1.wav,72,1,surprise,Ticket Counter Attendant
dia72_utt2.wav,72,2,neutral,Chandler
dia72_utt3.wav,72,3,surprise,Ticket Counter Attendant
dia72_utt4.wav,72,4,neutral,Chandler
dia72_utt5.wav,72,5,neutral,Ticket Counter Attendant
dia72_utt6.wav,72,6,neutral,Chandler
dia72_utt7.wav,72,7,neutral,Chandler
dia73_utt0.wav,73,0,neutral,Chandler
dia73_utt1.wav,73,1,joy,Chandler
dia73_utt2.wav,73,2,joy,Chandler
dia73_utt3.wav,73,3,neutral,Joey
dia73_utt4.wav,73,4,neutral,Chandler
dia73_utt5.wav,73,5,neutral,Joey
dia73_utt6.wav,73,6,surprise,Chandler
dia73_utt7.wav,73,7,neutral,Joey
dia73_utt8.wav,73,8,neutral,Chandler
dia73_utt9.wav,73,9,neutral,Joey
dia73_utt10.wav,73,10,surprise,Chandler
dia73_utt11.wav,73,11,neutral,Joey
dia74_utt0.wav,74,0,joy,Joey
dia74_utt1.wav,74,1,neutral,Phoebe
dia74_utt2.wav,74,2,neutral,Chandler
dia74_utt3.wav,74,3,neutral,Phoebe
dia74_utt4.wav,74,4,disgust,Joey
dia74_utt5.wav,74,5,anger,Phoebe
dia74_utt6.wav,74,6,anger,Joey
dia75_utt0.wav,75,0,neutral,Ross
dia76_utt0.wav,76,0,neutral,Rachel
dia76_utt1.wav,76,1,neutral,Ross
dia76_utt2.wav,76,2,neutral,Ross
dia76_utt3.wav,76,3,neutral,Ross
dia76_utt4.wav,76,4,neutral,Ross
dia76_utt5.wav,76,5,joy,Rachel
dia76_utt6.wav,76,6,joy,Ross
dia76_utt7.wav,76,7,sadness,Rachel
dia77_utt0.wav,77,0,neutral,Dr. Long
dia77_utt1.wav,77,1,neutral,Rachel
dia77_utt2.wav,77,2,neutral,Dr. Long
dia77_utt3.wav,77,3,neutral,Rachel
dia77_utt4.wav,77,4,joy,Rachel
dia78_utt0.wav,78,0,joy,Ross
dia78_utt1.wav,78,1,anger,Rachel
dia78_utt2.wav,78,2,anger,Phoebe
dia78_utt3.wav,78,3,neutral,Phoebe
dia78_utt4.wav,78,4,fear,Ross
dia78_utt5.wav,78,5,surprise,Rachel
dia79_utt0.wav,79,0,neutral,Joey
dia79_utt1.wav,79,1,disgust,Rachel
dia79_utt2.wav,79,2,joy,Joey
dia79_utt3.wav,79,3,surprise,Rachel
dia79_utt4.wav,79,4,neutral,Joey
dia79_utt5.wav,79,5,disgust,Rachel
dia79_utt6.wav,79,6,neutral,Joey
dia79_utt7.wav,79,7,neutral,Joey
dia80_utt0.wav,80,0,neutral,Rachel
dia80_utt1.wav,80,1,joy,Joey
dia80_utt2.wav,80,2,surprise,Rachel
dia80_utt3.wav,80,3,neutral,Joey
dia80_utt4.wav,80,4,neutral,Rachel
dia80_utt5.wav,80,5,neutral,Joey
dia81_utt0.wav,81,0,neutral,Joey
dia81_utt1.wav,81,1,neutral,Monica
dia81_utt2.wav,81,2,neutral,Joey
dia81_utt3.wav,81,3,joy,Monica
dia81_utt4.wav,81,4,fear,Joey
dia81_utt5.wav,81,5,neutral,Phoebe
dia81_utt6.wav,81,6,joy,Monica
dia81_utt7.wav,81,7,surprise,Phoebe
dia81_utt8.wav,81,8,joy,Monica
dia81_utt9.wav,81,9,neutral,Phoebe
dia81_utt10.wav,81,10,neutral,Joey
dia81_utt11.wav,81,11,anger,Phoebe
dia81_utt12.wav,81,12,neutral,Monica
dia81_utt13.wav,81,13,anger,Phoebe
dia81_utt14.wav,81,14,anger,Phoebe
dia81_utt15.wav,81,15,anger,Phoebe
dia81_utt16.wav,81,16,surprise,Phoebe
dia82_utt0.wav,82,0,neutral,Monica
dia82_utt1.wav,82,1,neutral,Chandler
dia82_utt2.wav,82,2,anger,Monica
dia82_utt3.wav,82,3,disgust,Chandler
dia82_utt4.wav,82,4,sadness,Monica
dia82_utt5.wav,82,5,neutral,Chandler
dia82_utt6.wav,82,6,disgust,Chandler
dia82_utt7.wav,82,7,neutral,Phoebe
dia82_utt9.wav,82,9,disgust,Chandler
dia82_utt10.wav,82,10,neutral,Monica
dia82_utt11.wav,82,11,neutral,Phoebe
dia83_utt0.wav,83,0,neutral,Charlton Heston
dia83_utt1.wav,83,1,neutral,Joey
dia83_utt2.wav,83,2,anger,Charlton Heston
dia83_utt3.wav,83,3,neutral,Joey
dia84_utt0.wav,84,0,fear,Monica
dia84_utt1.wav,84,1,anger,Phoebe
dia84_utt2.wav,84,2,anger,Rachel
dia84_utt3.wav,84,3,anger,Phoebe
dia84_utt4.wav,84,4,neutral,Rachel
dia84_utt5.wav,84,5,neutral,Joshua
dia84_utt6.wav,84,6,sadness,Rachel
dia85_utt0.wav,85,0,neutral,Rachel
dia85_utt1.wav,85,1,neutral,Phoebe
dia85_utt2.wav,85,2,neutral,Rachel
dia85_utt3.wav,85,3,neutral,Phoebe
dia85_utt4.wav,85,4,neutral,Rachel
dia86_utt0.wav,86,0,neutral,Rachel
dia86_utt1.wav,86,1,neutral,Rachel
dia86_utt2.wav,86,2,surprise,Nancy
dia86_utt3.wav,86,3,neutral,Rachel
dia86_utt4.wav,86,4,neutral,Rachel
dia86_utt5.wav,86,5,surprise,Rachel
dia86_utt6.wav,86,6,neutral,Rachel
dia86_utt7.wav,86,7,neutral,Kim
dia86_utt8.wav,86,8,neutral,Rachel
dia86_utt9.wav,86,9,neutral,Kim
dia86_utt10.wav,86,10,joy,Rachel
dia87_utt0.wav,87,0,sadness,Rachel
dia87_utt1.wav,87,1,neutral,Ross
dia87_utt2.wav,87,2,sadness,Rachel
dia87_utt3.wav,87,3,sadness,Ross
dia87_utt4.wav,87,4,joy,Phoebe
dia87_utt5.wav,87,5,neutral,Monica
dia87_utt6.wav,87,6,neutral,Phoebe
dia87_utt7.wav,87,7,joy,Joey
dia87_utt8.wav,87,8,joy,Monica
dia87_utt9.wav,87,9,joy,Ross
dia88_utt0.wav,88,0,neutral,Phoebe
dia88_utt1.wav,88,1,joy,Rachel
dia88_utt2.wav,88,2,neutral,Phoebe
dia88_utt3.wav,88,3,neutral,Phoebe
dia89_utt0.wav,89,0,anger,Joey
dia89_utt1.wav,89,1,neutral,Chandler
dia89_utt2.wav,89,2,joy,Rachel
dia89_utt4.wav,89,4,neutral,Joey
dia89_utt5.wav,89,5,neutral,Rachel
dia89_utt6.wav,89,6,joy,Rachel
dia89_utt7.wav,89,7,joy,Rachel
dia89_utt8.wav,89,8,neutral,Rachel
dia89_utt9.wav,89,9,anger,Rachel
dia89_utt10.wav,89,10,surprise,Chandler
dia89_utt11.wav,89,11,anger,Rachel
dia89_utt12.wav,89,12,disgust,Rachel
dia89_utt15.wav,89,15,neutral,Rachel
dia89_utt16.wav,89,16,joy,Rachel
dia90_utt0.wav,90,0,surprise,Phoebe
dia91_utt0.wav,91,0,anger,Phoebe
dia92_utt0.wav,92,0,anger,Phoebe
dia92_utt1.wav,92,1,neutral,Phoebe
dia93_utt0.wav,93,0,neutral,Chandler
dia93_utt1.wav,93,1,neutral,Monica
dia93_utt2.wav,93,2,neutral,Chandler
dia93_utt3.wav,93,3,surprise,Joey
dia93_utt4.wav,93,4,neutral,Chandler
dia93_utt5.wav,93,5,surprise,Joey
dia93_utt6.wav,93,6,disgust,Monica
dia93_utt7.wav,93,7,surprise,Joey
dia94_utt0.wav,94,0,neutral,Rachel
dia94_utt1.wav,94,1,neutral,Joanna
dia94_utt2.wav,94,2,fear,Rachel
dia94_utt3.wav,94,3,neutral,Joanna
dia94_utt4.wav,94,4,disgust,Rachel
dia94_utt5.wav,94,5,fear,Joanna
dia94_utt6.wav,94,6,anger,Joanna
dia94_utt7.wav,94,7,sadness,Joanna
dia94_utt8.wav,94,8,neutral,Joanna
dia94_utt9.wav,94,9,neutral,Joanna
dia94_utt10.wav,94,10,joy,Rachel
dia94_utt11.wav,94,11,joy,Joanna
dia94_utt12.wav,94,12,neutral,Rachel
dia94_utt13.wav,94,13,joy,Joanna
dia94_utt14.wav,94,14,neutral,Rachel
dia94_utt15.wav,94,15,joy,Joanna
dia95_utt0.wav,95,0,joy,Rachel
dia95_utt1.wav,95,1,surprise,Joey
dia95_utt2.wav,95,2,neutral,Rachel
dia95_utt3.wav,95,3,neutral,Joey
dia95_utt4.wav,95,4,joy,Rachel
dia95_utt5.wav,95,5,joy,Monica
dia95_utt6.wav,95,6,surprise,Rachel
dia95_utt7.wav,95,7,surprise,Rachel
dia95_utt8.wav,95,8,anger,Rachel
dia95_utt9.wav,95,9,neutral,Rachel
dia95_utt10.wav,95,10,neutral,Rachel
dia95_utt11.wav,95,11,neutral,Monica
dia95_utt12.wav,95,12,surprise,Rachel
dia95_utt13.wav,95,13,neutral,Monica
dia95_utt14.wav,95,14,neutral,Rachel
dia95_utt15.wav,95,15,neutral,Joey
dia95_utt16.wav,95,16,neutral,Rachel
dia95_utt17.wav,95,17,neutral,Joey
dia96_utt0.wav,96,0,neutral,Monica
dia96_utt1.wav,96,1,neutral,Monica
dia96_utt2.wav,96,2,neutral,Monica
dia96_utt3.wav,96,3,neutral,Monica
dia96_utt4.wav,96,4,neutral,Monica
dia97_utt0.wav,97,0,neutral,Monica
dia97_utt1.wav,97,1,neutral,Rachel
dia97_utt2.wav,97,2,neutral,Ross
dia97_utt3.wav,97,3,anger,Rachel
dia98_utt1.wav,98,1,neutral,Chandler
dia99_utt0.wav,99,0,joy,Chandler
dia99_utt1.wav,99,1,joy,Monica
dia99_utt2.wav,99,2,joy,Chandler
dia99_utt3.wav,99,3,joy,Monica
dia99_utt4.wav,99,4,neutral,Chandler
dia99_utt5.wav,99,5,fear,Monica
dia99_utt6.wav,99,6,neutral,Chandler
dia99_utt7.wav,99,7,anger,Monica
dia99_utt8.wav,99,8,joy,Chandler
dia99_utt9.wav,99,9,neutral,Monica
dia99_utt10.wav,99,10,neutral,Chandler
dia99_utt11.wav,99,11,anger,Monica
dia99_utt12.wav,99,12,neutral,Cassie
dia99_utt13.wav,99,13,joy,Chandler
dia99_utt14.wav,99,14,neutral,Cassie
dia99_utt15.wav,99,15,neutral,Monica
dia99_utt16.wav,99,16,neutral,Cassie
dia99_utt17.wav,99,17,anger,Monica
dia99_utt18.wav,99,18,neutral,Chandler
dia100_utt0.wav,100,0,neutral,Ross
dia100_utt1.wav,100,1,neutral,Ross
dia100_utt2.wav,100,2,neutral,Ross
dia100_utt3.wav,100,3,fear,Ross
dia100_utt4.wav,100,4,neutral,Dr. Rhodes
dia100_utt5.wav,100,5,neutral,Ross
dia100_utt6.wav,100,6,neutral,Dr. Rhodes
dia100_utt7.wav,100,7,surprise,Ross
dia101_utt0.wav,101,0,neutral,Dr. Rhodes
dia101_utt1.wav,101,1,surprise,Ross
dia102_utt0.wav,102,0,neutral,Dr. Rhodes
dia102_utt1.wav,102,1,neutral,Dr. Johnson
dia102_utt2.wav,102,2,neutral,Dr. Rhodes
dia103_utt0.wav,103,0,joy,Kristen
dia103_utt1.wav,103,1,neutral,Ross
dia103_utt2.wav,103,2,surprise,Kristen
dia103_utt3.wav,103,3,joy,Ross
dia103_utt4.wav,103,4,neutral,Kristen
dia103_utt5.wav,103,5,neutral,Ross
dia103_utt6.wav,103,6,joy,Kristen
dia103_utt7.wav,103,7,joy,Ross
dia104_utt0.wav,104,0,surprise,Janice
dia104_utt1.wav,104,1,joy,Rachel
dia105_utt0.wav,105,0,fear,Ross
dia105_utt1.wav,105,1,surprise,Janice
dia106_utt0.wav,106,0,neutral,Ross
dia106_utt1.wav,106,1,surprise,Janice
dia106_utt2.wav,106,2,neutral,Ross
dia106_utt3.wav,106,3,neutral,Janice
dia106_utt4.wav,106,4,neutral,Rachel
dia106_utt5.wav,106,5,fear,Janice
dia107_utt0.wav,107,0,neutral,Joey
dia107_utt1.wav,107,1,neutral,Ross
dia107_utt2.wav,107,2,neutral,Monica
dia107_utt4.wav,107,4,neutral,Monica
dia107_utt5.wav,107,5,joy,Joey
dia107_utt6.wav,107,6,neutral,Ross
dia107_utt7.wav,107,7,neutral,Phoebe
dia107_utt8.wav,107,8,neutral,Phoebe
dia107_utt9.wav,107,9,neutral,Phoebe
dia107_utt10.wav,107,10,neutral,Phoebe
dia108_utt0.wav,108,0,neutral,Chandler
dia108_utt1.wav,108,1,neutral,Monica
dia108_utt2.wav,108,2,joy,Rachel
dia108_utt3.wav,108,3,neutral,Monica
dia108_utt4.wav,108,4,joy,Rachel
dia108_utt5.wav,108,5,neutral,Chandler
dia108_utt6.wav,108,6,neutral,Rachel
dia109_utt0.wav,109,0,neutral,Monica
dia109_utt1.wav,109,1,disgust,Chandler
dia109_utt3.wav,109,3,anger,Phoebe
dia109_utt4.wav,109,4,joy,Monica
dia109_utt5.wav,109,5,joy,Phoebe
dia109_utt6.wav,109,6,sadness,Rachel
dia109_utt7.wav,109,7,sadness,Rachel
dia109_utt8.wav,109,8,sadness,Rachel
dia109_utt9.wav,109,9,joy,Phoebe
dia109_utt10.wav,109,10,neutral,Monica
dia109_utt11.wav,109,11,neutral,Phoebe
dia109_utt12.wav,109,12,neutral,Monica
dia109_utt13.wav,109,13,neutral,Chandler
dia109_utt14.wav,109,14,neutral,Phoebe
dia109_utt15.wav,109,15,anger,Chandler
dia109_utt16.wav,109,16,fear,Chandler
dia109_utt17.wav,109,17,fear,Chandler
dia109_utt18.wav,109,18,fear,Chandler
dia109_utt19.wav,109,19,surprise,Phoebe
dia109_utt20.wav,109,20,anger,Chandler
dia109_utt21.wav,109,21,joy,Monica
dia110_utt0.wav,110,0,neutral,Monica
dia110_utt1.wav,110,1,surprise,Phoebe
dia110_utt2.wav,110,2,surprise,Monica
dia110_utt3.wav,110,3,anger,Phoebe
dia110_utt4.wav,110,4,neutral,Joey
dia110_utt5.wav,110,5,joy,Monica
dia111_utt0.wav,111,0,joy,Joey
dia111_utt1.wav,111,1,fear,Chandler
dia111_utt2.wav,111,2,joy,Joey
dia111_utt3.wav,111,3,neutral,Chandler
dia111_utt4.wav,111,4,surprise,Joey
dia111_utt5.wav,111,5,fear,Chandler
dia111_utt6.wav,111,6,fear,Chandler
dia111_utt7.wav,111,7,neutral,Joey
dia111_utt8.wav,111,8,surprise,Chandler
dia111_utt9.wav,111,9,neutral,Joey
dia111_utt10.wav,111,10,surprise,Chandler
dia111_utt11.wav,111,11,neutral,Joey
dia111_utt12.wav,111,12,neutral,Joey
dia111_utt13.wav,111,13,fear,Chandler
dia111_utt14.wav,111,14,neutral,Joey
dia111_utt15.wav,111,15,disgust,Chandler
dia111_utt16.wav,111,16,surprise,Joey
dia111_utt17.wav,111,17,disgust,Chandler
dia112_utt0.wav,112,0,surprise,Ross
dia112_utt1.wav,112,1,surprise,Phoebe
dia112_utt2.wav,112,2,anger,Ross
dia112_utt3.wav,112,3,anger,Phoebe
dia112_utt4.wav,112,4,disgust,Ross
dia113_utt0.wav,113,0,neutral,Ross
dia113_utt1.wav,113,1,anger,Monica
dia113_utt2.wav,113,2,neutral,Ross
dia113_utt3.wav,113,3,neutral,Ross
dia113_utt4.wav,113,4,neutral,Ross
dia113_utt5.wav,113,5,neutral,Ross
dia113_utt6.wav,113,6,neutral,Ross
dia113_utt7.wav,113,7,neutral,Chandler
dia113_utt8.wav,113,8,joy,Ross
dia113_utt9.wav,113,9,neutral,Ross
dia113_utt10.wav,113,10,neutral,Chandler
dia114_utt0.wav,114,0,neutral,Chandler
dia114_utt1.wav,114,1,surprise,Chandler
dia114_utt2.wav,114,2,neutral,Chandler
dia114_utt3.wav,114,3,joy,Joey
dia114_utt4.wav,114,4,joy,Joey
dia115_utt0.wav,115,0,neutral,Jester
dia115_utt1.wav,115,1,neutral,Monica
dia115_utt2.wav,115,2,neutral,Jester
dia115_utt3.wav,115,3,neutral,Joey
dia115_utt4.wav,115,4,anger,Jester
dia115_utt5.wav,115,5,neutral,Joey
dia115_utt6.wav,115,6,surprise,Jester
dia115_utt7.wav,115,7,surprise,Janice
dia116_utt0.wav,116,0,neutral,Ross
dia116_utt1.wav,116,1,neutral,Ross
dia116_utt2.wav,116,2,sadness,Sarah
dia116_utt3.wav,116,3,surprise,Ross
dia116_utt4.wav,116,4,neutral,Sarah
dia116_utt5.wav,116,5,neutral,Sarah
dia116_utt6.wav,116,6,neutral,Ross
dia116_utt7.wav,116,7,sadness,Sarah
dia117_utt0.wav,117,0,joy,Monica
dia117_utt1.wav,117,1,neutral,Richard
dia117_utt2.wav,117,2,joy,Monica
dia117_utt3.wav,117,3,neutral,Richard
dia118_utt0.wav,118,0,neutral,Chandler
dia118_utt1.wav,118,1,surprise,Ross
dia118_utt2.wav,118,2,neutral,Chandler
dia118_utt3.wav,118,3,joy,Ross
dia118_utt4.wav,118,4,anger,Chandler
dia118_utt5.wav,118,5,joy,Ross
dia119_utt0.wav,119,0,neutral,Joey
dia119_utt1.wav,119,1,neutral,Joey
dia119_utt2.wav,119,2,neutral,Joey
dia119_utt3.wav,119,3,neutral,Joey
dia119_utt4.wav,119,4,sadness,Joey
dia119_utt5.wav,119,5,neutral,Monica
dia119_utt6.wav,119,6,sadness,Joey
dia119_utt7.wav,119,7,surprise,Monica
dia119_utt8.wav,119,8,neutral,Joey
dia119_utt9.wav,119,9,neutral,Monica
dia119_utt10.wav,119,10,neutral,Monica
dia119_utt11.wav,119,11,neutral,Monica
dia119_utt12.wav,119,12,anger,Joey
dia120_utt0.wav,120,0,fear,Rachel
dia120_utt1.wav,120,1,joy,Monica
dia120_utt2.wav,120,2,surprise,Rachel
dia120_utt3.wav,120,3,neutral,Monica
dia120_utt4.wav,120,4,fear,Rachel
dia120_utt7.wav,120,7,neutral,Ross
dia120_utt8.wav,120,8,neutral,Joey
dia120_utt9.wav,120,9,neutral,Chandler
dia120_utt10.wav,120,10,neutral,Ross
dia120_utt11.wav,120,11,neutral,Joey
dia120_utt12.wav,120,12,neutral,Ross
dia120_utt13.wav,120,13,neutral,Chandler
dia120_utt14.wav,120,14,neutral,Ross
dia120_utt15.wav,120,15,neutral,Joey
dia121_utt0.wav,121,0,neutral,Phoebe
dia121_utt1.wav,121,1,joy,Monica
dia121_utt2.wav,121,2,joy,Chandler
dia121_utt4.wav,121,4,disgust,Chandler
dia121_utt5.wav,121,5,anger,Phoebe
dia121_utt6.wav,121,6,neutral,Chandler
dia121_utt7.wav,121,7,sadness,Phoebe
dia122_utt0.wav,122,0,surprise,Monica
dia122_utt1.wav,122,1,fear,Monica
dia122_utt2.wav,122,2,neutral,Rachel
dia122_utt3.wav,122,3,neutral,Monica
dia122_utt4.wav,122,4,neutral,Pete
dia122_utt5.wav,122,5,neutral,Monica
dia122_utt6.wav,122,6,neutral,Pete
dia122_utt7.wav,122,7,joy,Monica
dia122_utt8.wav,122,8,joy,Pete
dia122_utt9.wav,122,9,disgust,Pete
dia122_utt10.wav,122,10,neutral,Pete
dia122_utt11.wav,122,11,neutral,Rachel
dia122_utt12.wav,122,12,disgust,Rachel
dia122_utt13.wav,122,13,disgust,Rachel
dia122_utt14.wav,122,14,neutral,Monica
dia122_utt15.wav,122,15,neutral,Pete
dia123_utt0.wav,123,0,surprise,Chandler
dia123_utt1.wav,123,1,anger,Ross
dia123_utt2.wav,123,2,anger,Ross
dia123_utt3.wav,123,3,anger,Ross
dia123_utt4.wav,123,4,anger,Ross
dia123_utt5.wav,123,5,neutral,Chandler
dia123_utt6.wav,123,6,anger,Ross
dia123_utt7.wav,123,7,neutral,Chandler
dia123_utt8.wav,123,8,anger,Ross
dia123_utt9.wav,123,9,neutral,Chandler
dia123_utt10.wav,123,10,anger,Ross
dia124_utt0.wav,124,0,joy,Ross
dia124_utt1.wav,124,1,surprise,Chandler
dia124_utt2.wav,124,2,neutral,Ross
dia124_utt3.wav,124,3,disgust,Chandler
dia124_utt4.wav,124,4,sadness,Ross
dia124_utt5.wav,124,5,joy,Joey
dia124_utt6.wav,124,6,joy,Ross
dia124_utt7.wav,124,7,surprise,Joey
dia124_utt8.wav,124,8,sadness,Ross
dia124_utt9.wav,124,9,neutral,Joey
dia124_utt10.wav,124,10,neutral,Ross
dia124_utt11.wav,124,11,joy,Joey
dia125_utt0.wav,125,0,joy,Emily
dia125_utt1.wav,125,1,neutral,Ross
dia125_utt2.wav,125,2,neutral,Emily
dia125_utt4.wav,125,4,neutral,Ross
dia125_utt5.wav,125,5,neutral,Ross
dia125_utt6.wav,125,6,neutral,Emily
dia125_utt7.wav,125,7,neutral,Ross
dia125_utt8.wav,125,8,surprise,Emily
dia126_utt0.wav,126,0,joy,The Singing Man
dia126_utt1.wav,126,1,anger,Rachel
dia126_utt2.wav,126,2,joy,The Singing Man
dia126_utt3.wav,126,3,neutral,Rachel
dia126_utt4.wav,126,4,joy,Joey
dia126_utt5.wav,126,5,anger,Rachel
dia126_utt6.wav,126,6,neutral,Monica
dia126_utt7.wav,126,7,anger,Rachel
dia126_utt8.wav,126,8,neutral,Monica
dia126_utt9.wav,126,9,sadness,Rachel
dia126_utt10.wav,126,10,neutral,Monica
dia126_utt11.wav,126,11,neutral,Joey
dia126_utt12.wav,126,12,anger,Monica
dia127_utt0.wav,127,0,neutral,Chandler
dia127_utt1.wav,127,1,fear,Chandler
dia127_utt2.wav,127,2,fear,Chandler
dia127_utt3.wav,127,3,disgust,Chandler
dia127_utt4.wav,127,4,disgust,Chandler
dia128_utt0.wav,128,0,neutral,Phoebe
dia128_utt1.wav,128,1,neutral,Monica
dia128_utt2.wav,128,2,joy,Phoebe
dia128_utt3.wav,128,3,joy,Monica
dia128_utt4.wav,128,4,joy,Phoebe
dia128_utt5.wav,128,5,joy,Monica
dia128_utt6.wav,128,6,neutral,Phoebe
dia128_utt7.wav,128,7,joy,Monica
dia128_utt8.wav,128,8,neutral,Phoebe
dia128_utt9.wav,128,9,joy,Monica
dia129_utt0.wav,129,0,joy,Kate
dia129_utt1.wav,129,1,sadness,The Director
dia129_utt2.wav,129,2,sadness,Kate
dia129_utt3.wav,129,3,disgust,Joey
dia129_utt4.wav,129,4,sadness,Kate
dia129_utt5.wav,129,5,anger,Joey
dia129_utt6.wav,129,6,surprise,Kate
dia129_utt7.wav,129,7,anger,Joey
dia129_utt8.wav,129,8,neutral,Joey
dia129_utt9.wav,129,9,neutral,Joey
dia129_utt10.wav,129,10,anger,Joey
dia129_utt11.wav,129,11,surprise,Kate
dia129_utt12.wav,129,12,surprise,Joey
dia129_utt13.wav,129,13,neutral,Kate
dia129_utt14.wav,129,14,neutral,Joey
dia130_utt0.wav,130,0,joy,Rachel
dia130_utt1.wav,130,1,neutral,Joey
dia130_utt2.wav,130,2,neutral,Rachel
dia130_utt3.wav,130,3,disgust,Joey
dia130_utt4.wav,130,4,neutral,Rachel
dia130_utt5.wav,130,5,neutral,Joey
dia130_utt6.wav,130,6,neutral,Rachel
dia130_utt7.wav,130,7,neutral,Joey
dia130_utt8.wav,130,8,neutral,Rachel
dia130_utt9.wav,130,9,disgust,Joey
dia130_utt10.wav,130,10,neutral,Rachel
dia130_utt11.wav,130,11,surprise,Joey
dia130_utt12.wav,130,12,neutral,Rachel
dia130_utt13.wav,130,13,neutral,Rachel
dia130_utt14.wav,130,14,neutral,Rachel
dia130_utt15.wav,130,15,neutral,Joey
dia130_utt16.wav,130,16,surprise,Rachel
dia130_utt17.wav,130,17,joy,Joey
dia131_utt0.wav,131,0,neutral,Commercial
dia131_utt1.wav,131,1,sadness,Monica
dia131_utt2.wav,131,2,neutral,Joey
dia132_utt0.wav,132,0,surprise,Rachel
dia132_utt1.wav,132,1,neutral,Mark
dia132_utt2.wav,132,2,sadness,Rachel
dia132_utt3.wav,132,3,surprise,Mark
dia132_utt4.wav,132,4,sadness,Rachel
dia132_utt5.wav,132,5,neutral,Mark
dia132_utt6.wav,132,6,sadness,Rachel
dia132_utt7.wav,132,7,neutral,Mark
dia132_utt8.wav,132,8,sadness,Rachel
dia132_utt9.wav,132,9,neutral,Mark
dia132_utt10.wav,132,10,neutral,Rachel
dia133_utt0.wav,133,0,fear,Chandler
dia134_utt0.wav,134,0,neutral,Chandler
dia135_utt0.wav,135,0,neutral,Chandler
dia135_utt1.wav,135,1,neutral,Chandler
dia135_utt2.wav,135,2,neutral,Chandler
dia135_utt4.wav,135,4,neutral,Joey
dia135_utt5.wav,135,5,neutral,Joey
dia135_utt6.wav,135,6,neutral,Joey
dia135_utt7.wav,135,7,neutral,Joey
dia135_utt8.wav,135,8,neutral,Joey
dia136_utt0.wav,136,0,neutral,Ross
dia136_utt1.wav,136,1,neutral,Ross
dia136_utt2.wav,136,2,surprise,Joey
dia136_utt4.wav,136,4,neutral,Ross
dia136_utt5.wav,136,5,neutral,Ross
dia137_utt0.wav,137,0,neutral,Ross
dia137_utt1.wav,137,1,neutral,Ross
dia137_utt2.wav,137,2,neutral,Ross
dia137_utt3.wav,137,3,neutral,Ross
dia137_utt4.wav,137,4,joy,Ross
dia137_utt5.wav,137,5,neutral,Ross
dia137_utt6.wav,137,6,joy,Ross
dia137_utt7.wav,137,7,neutral,Ross
dia138_utt0.wav,138,0,anger,Rachel
dia138_utt1.wav,138,1,anger,Rachel
dia138_utt2.wav,138,2,joy,Rachel
dia138_utt3.wav,138,3,anger,Rachel
dia138_utt4.wav,138,4,surprise,Monica
dia138_utt5.wav,138,5,disgust,Rachel
dia138_utt6.wav,138,6,surprise,Monica
dia138_utt7.wav,138,7,neutral,Rachel
dia138_utt8.wav,138,8,neutral,Rachel
dia138_utt9.wav,138,9,neutral,Rachel
dia138_utt10.wav,138,10,joy,Monica
dia138_utt11.wav,138,11,anger,Rachel
dia138_utt12.wav,138,12,neutral,Monica
dia138_utt13.wav,138,13,surprise,Rachel
dia138_utt14.wav,138,14,neutral,Monica
dia138_utt15.wav,138,15,anger,Rachel
dia138_utt16.wav,138,16,surprise,Monica
dia139_utt0.wav,139,0,neutral,Phoebe
dia139_utt1.wav,139,1,neutral,A Female Student
dia139_utt2.wav,139,2,anger,Phoebe
dia139_utt3.wav,139,3,joy,Monica
dia139_utt4.wav,139,4,surprise,All
dia139_utt5.wav,139,5,joy,Monica
dia140_utt0.wav,140,0,neutral,Phoebe
dia140_utt1.wav,140,1,neutral,Cliff
dia140_utt2.wav,140,2,surprise,Phoebe
dia141_utt0.wav,141,0,neutral,Mr. Franklin
dia141_utt1.wav,141,1,neutral,Chandler
dia141_utt2.wav,141,2,neutral,Mr. Franklin
dia141_utt3.wav,141,3,neutral,Mr. Franklin
dia141_utt4.wav,141,4,neutral,Mr. Franklin
dia141_utt5.wav,141,5,neutral,Chandler
dia141_utt6.wav,141,6,neutral,Mr. Franklin
dia141_utt7.wav,141,7,neutral,Chandler
dia142_utt0.wav,142,0,neutral,Ross
dia142_utt1.wav,142,1,joy,All
dia143_utt0.wav,143,0,neutral,Phoebe
dia143_utt1.wav,143,1,neutral,Chandler
dia143_utt2.wav,143,2,sadness,Rachel
dia143_utt3.wav,143,3,joy,Phoebe
dia143_utt4.wav,143,4,neutral,Joey
dia144_utt0.wav,144,0,neutral,Tag
dia144_utt1.wav,144,1,neutral,Joey
dia144_utt2.wav,144,2,neutral,Tag
dia144_utt3.wav,144,3,neutral,Joey
dia144_utt4.wav,144,4,surprise,Tag
dia144_utt5.wav,144,5,joy,Joey
dia145_utt0.wav,145,0,surprise,Chandler
dia145_utt1.wav,145,1,neutral,Monica
dia145_utt2.wav,145,2,anger,Chandler
dia145_utt3.wav,145,3,neutral,Ross
dia145_utt4.wav,145,4,fear,Chandler
dia145_utt5.wav,145,5,fear,Chandler
dia145_utt6.wav,145,6,anger,Chandler
dia145_utt7.wav,145,7,surprise,Monica
dia145_utt8.wav,145,8,anger,Phoebe
dia145_utt9.wav,145,9,disgust,Monica
dia145_utt10.wav,145,10,disgust,Joey
dia145_utt11.wav,145,11,disgust,Joey
dia145_utt12.wav,145,12,anger,Joey
dia145_utt13.wav,145,13,anger,Joey
dia145_utt14.wav,145,14,joy,Monica
dia145_utt15.wav,145,15,disgust,Joey
dia145_utt16.wav,145,16,surprise,Phoebe
dia145_utt17.wav,145,17,neutral,Joey
dia145_utt18.wav,145,18,surprise,Chandler
dia146_utt0.wav,146,0,neutral,Monica
dia146_utt1.wav,146,1,sadness,Phoebe
dia146_utt2.wav,146,2,neutral,Monica
dia146_utt3.wav,146,3,anger,Phoebe
dia146_utt4.wav,146,4,neutral,Monica
dia146_utt5.wav,146,5,neutral,Phoebe
dia146_utt6.wav,146,6,neutral,Monica
dia146_utt7.wav,146,7,neutral,Phoebe
dia146_utt8.wav,146,8,neutral,Monica
dia146_utt9.wav,146,9,sadness,Phoebe
dia146_utt10.wav,146,10,sadness,Phoebe
dia146_utt11.wav,146,11,sadness,Phoebe
dia146_utt12.wav,146,12,sadness,Phoebe
dia147_utt0.wav,147,0,neutral,Ross
dia147_utt1.wav,147,1,neutral,Chandler
dia147_utt2.wav,147,2,neutral,Ross
dia147_utt3.wav,147,3,joy,Chandler
dia147_utt4.wav,147,4,fear,Ross
dia147_utt5.wav,147,5,joy,Chandler
dia147_utt6.wav,147,6,surprise,Ross
dia147_utt7.wav,147,7,disgust,Chandler
dia147_utt8.wav,147,8,surprise,Chandler
dia147_utt9.wav,147,9,neutral,Ross
dia147_utt10.wav,147,10,neutral,Chandler
dia147_utt11.wav,147,11,anger,Ross
dia148_utt0.wav,148,0,anger,Chandler
dia148_utt1.wav,148,1,neutral,Joey
dia148_utt2.wav,148,2,anger,Chandler
dia148_utt3.wav,148,3,anger,Joey
dia148_utt4.wav,148,4,anger,Chandler
dia148_utt5.wav,148,5,surprise,Joey
dia148_utt6.wav,148,6,disgust,Chandler
dia148_utt7.wav,148,7,neutral,Joey
dia148_utt8.wav,148,8,neutral,Chandler
dia148_utt9.wav,148,9,neutral,Joey
dia148_utt10.wav,148,10,neutral,Chandler
dia148_utt11.wav,148,11,neutral,Joey
dia148_utt12.wav,148,12,neutral,Chandler
dia148_utt13.wav,148,13,surprise,Joey
dia148_utt14.wav,148,14,neutral,Chandler
dia148_utt15.wav,148,15,fear,Joey
dia148_utt16.wav,148,16,neutral,Chandler
dia148_utt17.wav,148,17,anger,Joey
dia148_utt18.wav,148,18,anger,Chandler
dia148_utt19.wav,148,19,sadness,Joey
dia148_utt20.wav,148,20,sadness,Chandler
dia149_utt0.wav,149,0,sadness,Phoebe
dia149_utt1.wav,149,1,neutral,Eric
dia149_utt2.wav,149,2,neutral,Phoebe
dia149_utt3.wav,149,3,joy,Eric
dia150_utt0.wav,150,0,fear,Mona
dia150_utt1.wav,150,1,neutral,Ross
dia150_utt2.wav,150,2,anger,Dr. Green
dia150_utt3.wav,150,3,sadness,Ross
dia151_utt0.wav,151,0,joy,Rachel
dia151_utt1.wav,151,1,joy,Ross
dia151_utt2.wav,151,2,joy,Rachel
dia151_utt3.wav,151,3,joy,Ross
dia151_utt6.wav,151,6,surprise,Rachel
dia151_utt7.wav,151,7,neutral,Ross
dia151_utt8.wav,151,8,anger,Ross
dia151_utt9.wav,151,9,joy,Ross
dia151_utt10.wav,151,10,neutral,Ross
dia151_utt11.wav,151,11,sadness,Rachel
dia151_utt12.wav,151,12,neutral,Rachel
dia151_utt13.wav,151,13,neutral,Rachel
dia151_utt15.wav,151,15,neutral,Ross
dia151_utt16.wav,151,16,anger,Rachel
dia151_utt17.wav,151,17,neutral,Ross
dia152_utt0.wav,152,0,surprise,Monica
dia152_utt1.wav,152,1,joy,Paul
dia152_utt4.wav,152,4,neutral,Monica
dia152_utt5.wav,152,5,neutral,Paul
dia152_utt6.wav,152,6,neutral,Monica
dia152_utt7.wav,152,7,neutral,Paul
dia152_utt8.wav,152,8,surprise,Monica
dia152_utt9.wav,152,9,sadness,Rachel
dia152_utt10.wav,152,10,sadness,Rachel
dia152_utt11.wav,152,11,sadness,Rachel
dia153_utt0.wav,153,0,neutral,Ross
dia153_utt1.wav,153,1,joy,Ross
dia153_utt2.wav,153,2,neutral,Ross
dia153_utt3.wav,153,3,neutral,Phoebe
dia153_utt4.wav,153,4,joy,Ross
dia153_utt5.wav,153,5,neutral,Phoebe
dia153_utt6.wav,153,6,surprise,Monica
dia153_utt7.wav,153,7,neutral,Phoebe
dia153_utt8.wav,153,8,disgust,Monica
dia153_utt9.wav,153,9,neutral,Phoebe
dia153_utt10.wav,153,10,anger,Mr. Heckles
dia153_utt11.wav,153,11,anger,Phoebe
dia153_utt12.wav,153,12,anger,Mr. Heckles
dia154_utt0.wav,154,0,joy,Rachel
dia154_utt1.wav,154,1,joy,Mark
dia154_utt2.wav,154,2,anger,Ross
dia154_utt3.wav,154,3,surprise,Mark
dia154_utt4.wav,154,4,anger,Ross
dia154_utt5.wav,154,5,surprise,Rachel
dia154_utt6.wav,154,6,anger,Ross
dia154_utt7.wav,154,7,anger,Ross
dia154_utt8.wav,154,8,neutral,Ross
dia155_utt0.wav,155,0,neutral,Mona
dia155_utt1.wav,155,1,neutral,Ross
dia155_utt2.wav,155,2,joy,Mona
dia155_utt3.wav,155,3,joy,Ross
dia155_utt4.wav,155,4,joy,Mona
dia155_utt5.wav,155,5,surprise,Ross
dia155_utt6.wav,155,6,neutral,Mona
dia155_utt7.wav,155,7,joy,Ross
dia155_utt8.wav,155,8,surprise,Mona
dia155_utt9.wav,155,9,joy,Ross
dia155_utt10.wav,155,10,neutral,Mona
dia155_utt11.wav,155,11,neutral,Ross
dia155_utt12.wav,155,12,neutral,Mona
dia156_utt0.wav,156,0,sadness,Phoebe
dia156_utt1.wav,156,1,anger,Phoebe
dia156_utt2.wav,156,2,surprise,Rachel
dia156_utt3.wav,156,3,anger,Phoebe
dia156_utt4.wav,156,4,neutral,Phoebe
dia156_utt5.wav,156,5,surprise,Rachel
dia156_utt6.wav,156,6,neutral,Phoebe
dia156_utt7.wav,156,7,fear,Rachel
dia156_utt8.wav,156,8,surprise,Phoebe
dia156_utt9.wav,156,9,joy,Rachel
dia156_utt10.wav,156,10,neutral,Phoebe
dia156_utt11.wav,156,11,neutral,Tag
dia157_utt0.wav,157,0,joy,Phoebe
dia157_utt1.wav,157,1,joy,Chandler
dia157_utt2.wav,157,2,joy,Monica
dia158_utt1.wav,158,1,neutral,Joey
dia158_utt2.wav,158,2,neutral,Mr. Geller
dia158_utt3.wav,158,3,disgust,Ross
dia158_utt4.wav,158,4,surprise,Mr. Geller
dia158_utt6.wav,158,6,sadness,Joey
dia158_utt7.wav,158,7,surprise,Mr. Geller
dia158_utt8.wav,158,8,neutral,Chandler
dia159_utt0.wav,159,0,joy,Joanna
dia159_utt1.wav,159,1,surprise,Rachel
dia159_utt2.wav,159,2,joy,Joanna
dia159_utt3.wav,159,3,joy,Joanna
dia159_utt4.wav,159,4,surprise,Joanna
dia159_utt5.wav,159,5,joy,Joanna
dia159_utt6.wav,159,6,joy,Rachel
dia159_utt7.wav,159,7,joy,Joanna
dia159_utt8.wav,159,8,joy,Sophie
dia159_utt9.wav,159,9,neutral,Joanna
dia160_utt0.wav,160,0,neutral,Ross
dia160_utt1.wav,160,1,joy,Rachel
dia160_utt2.wav,160,2,neutral,Ross
dia160_utt3.wav,160,3,neutral,Mark
dia160_utt4.wav,160,4,neutral,Ross
dia160_utt5.wav,160,5,sadness,Rachel
dia160_utt6.wav,160,6,fear,Ross
dia160_utt7.wav,160,7,neutral,Rachel
dia160_utt8.wav,160,8,sadness,Ross
dia160_utt10.wav,160,10,joy,Ross
dia160_utt11.wav,160,11,neutral,Rachel
dia160_utt12.wav,160,12,joy,Ross
dia160_utt13.wav,160,13,neutral,Mark
dia160_utt14.wav,160,14,neutral,Ross
dia160_utt15.wav,160,15,sadness,Rachel
dia160_utt16.wav,160,16,sadness,Mark
dia160_utt17.wav,160,17,neutral,Mark
dia160_utt18.wav,160,18,neutral,Rachel
dia161_utt0.wav,161,0,neutral,Ross
dia161_utt1.wav,161,1,joy,Chandler
dia161_utt2.wav,161,2,neutral,Ross
dia161_utt3.wav,161,3,neutral,Ross
dia161_utt4.wav,161,4,neutral,Ross
dia161_utt5.wav,161,5,surprise,Chandler
dia162_utt0.wav,162,0,neutral,Ross
dia162_utt1.wav,162,1,neutral,Rachel
dia163_utt0.wav,163,0,neutral,Joey
dia163_utt1.wav,163,1,anger,Monica
dia163_utt2.wav,163,2,surprise,Joey
dia163_utt3.wav,163,3,anger,Monica
dia163_utt4.wav,163,4,surprise,Joey
dia163_utt5.wav,163,5,neutral,Monica
dia163_utt6.wav,163,6,neutral,Joey
dia163_utt7.wav,163,7,surprise,Monica
dia163_utt8.wav,163,8,anger,Monica
dia163_utt9.wav,163,9,anger,Monica
dia163_utt10.wav,163,10,neutral,Joey
dia164_utt0.wav,164,0,fear,Ross
dia164_utt1.wav,164,1,neutral,Rachel
dia164_utt2.wav,164,2,surprise,Ross
dia164_utt3.wav,164,3,neutral,Rachel
dia164_utt4.wav,164,4,sadness,Ross
dia164_utt5.wav,164,5,fear,Ross
dia164_utt6.wav,164,6,neutral,Ross
dia164_utt7.wav,164,7,neutral,Ross
dia164_utt8.wav,164,8,joy,Rachel
dia164_utt9.wav,164,9,joy,Ross
dia165_utt0.wav,165,0,neutral,Chandler
dia165_utt1.wav,165,1,joy,Joey
dia165_utt2.wav,165,2,neutral,Chandler
dia165_utt3.wav,165,3,surprise,Joey
dia165_utt4.wav,165,4,neutral,Chandler
dia165_utt5.wav,165,5,joy,Joey
dia165_utt6.wav,165,6,fear,Chandler
dia165_utt7.wav,165,7,joy,Joey
dia165_utt8.wav,165,8,joy,Joey
dia165_utt9.wav,165,9,neutral,Chandler
dia165_utt10.wav,165,10,neutral,Joey
dia165_utt11.wav,165,11,neutral,Chandler
dia165_utt12.wav,165,12,neutral,Joey
dia165_utt13.wav,165,13,neutral,Chandler
dia165_utt14.wav,165,14,neutral,Joey
dia165_utt15.wav,165,15,neutral,Chandler
dia165_utt16.wav,165,16,joy,Joey
dia165_utt17.wav,165,17,joy,Joey
dia165_utt18.wav,165,18,joy,Joey
dia165_utt19.wav,165,19,joy,Chandler
dia166_utt0.wav,166,0,neutral,Chandler
dia166_utt1.wav,166,1,neutral,Monica
dia166_utt2.wav,166,2,neutral,Chandler
dia167_utt0.wav,167,0,joy,Singer
dia167_utt1.wav,167,1,surprise,Joey
dia167_utt2.wav,167,2,anger,Phoebe
dia167_utt3.wav,167,3,neutral,Chandler
dia167_utt4.wav,167,4,neutral,Phoebe
dia167_utt5.wav,167,5,neutral,Chandler
dia167_utt6.wav,167,6,anger,Monica
dia167_utt7.wav,167,7,neutral,Ross
dia167_utt8.wav,167,8,sadness,Joey
dia167_utt9.wav,167,9,anger,Phoebe
dia167_utt10.wav,167,10,neutral,Singer
dia167_utt11.wav,167,11,neutral,Singer
dia167_utt12.wav,167,12,neutral,Phoebe
dia168_utt0.wav,168,0,neutral,Ross
dia168_utt1.wav,168,1,neutral,Ross
dia168_utt2.wav,168,2,neutral,Ross
dia168_utt3.wav,168,3,neutral,Ross
dia168_utt4.wav,168,4,neutral,Ross
dia168_utt5.wav,168,5,neutral,Ross
dia168_utt6.wav,168,6,surprise,Rachel
dia168_utt7.wav,168,7,neutral,Ross
dia168_utt8.wav,168,8,neutral,Ross
dia168_utt9.wav,168,9,anger,Rachel
dia168_utt10.wav,168,10,neutral,Ross
dia168_utt11.wav,168,11,anger,Rachel
dia168_utt12.wav,168,12,neutral,Ross
dia168_utt13.wav,168,13,neutral,Ross
dia168_utt14.wav,168,14,neutral,Ross
dia169_utt0.wav,169,0,joy,Ross
dia169_utt1.wav,169,1,joy,Rachel
dia169_utt2.wav,169,2,neutral,Ross
dia170_utt0.wav,170,0,surprise,Monica
dia170_utt1.wav,170,1,neutral,Joey
dia170_utt2.wav,170,2,disgust,Monica
dia170_utt3.wav,170,3,surprise,Joey
dia170_utt4.wav,170,4,disgust,Monica
dia170_utt5.wav,170,5,neutral,Joey
dia170_utt6.wav,170,6,disgust,Monica
dia170_utt7.wav,170,7,surprise,Joey
dia170_utt8.wav,170,8,neutral,Joey
dia170_utt9.wav,170,9,neutral,Joey
dia170_utt10.wav,170,10,sadness,Joey
dia170_utt11.wav,170,11,neutral,Monica
dia171_utt0.wav,171,0,joy,Rachel
dia171_utt1.wav,171,1,neutral,Ross
dia171_utt2.wav,171,2,neutral,Rachel
dia171_utt3.wav,171,3,neutral,Ross
dia171_utt4.wav,171,4,surprise,Rachel
dia171_utt5.wav,171,5,neutral,Ross
dia171_utt6.wav,171,6,surprise,Rachel
dia171_utt7.wav,171,7,surprise,Ross
dia172_utt0.wav,172,0,neutral,David
dia172_utt1.wav,172,1,neutral,Chandler
dia172_utt3.wav,172,3,joy,David
dia172_utt4.wav,172,4,joy,David
dia172_utt5.wav,172,5,neutral,David
dia172_utt6.wav,172,6,neutral,David
dia172_utt7.wav,172,7,neutral,David
dia172_utt8.wav,172,8,joy,Chandler
dia172_utt10.wav,172,10,neutral,Chandler
dia173_utt0.wav,173,0,joy,Phoebe
dia173_utt1.wav,173,1,surprise,Joey
dia173_utt2.wav,173,2,joy,Phoebe
dia173_utt3.wav,173,3,anger,Phoebe
dia173_utt4.wav,173,4,anger,Phoebe
dia173_utt5.wav,173,5,neutral,Joey
dia173_utt6.wav,173,6,anger,Phoebe
dia173_utt7.wav,173,7,surprise,Joey
dia173_utt8.wav,173,8,anger,Phoebe
dia173_utt10.wav,173,10,joy,Hitchhiker
dia174_utt0.wav,174,0,joy,1st Customer
dia174_utt1.wav,174,1,joy,Monica
dia174_utt2.wav,174,2,joy,2nd Customer
dia174_utt3.wav,174,3,joy,Monica
dia174_utt4.wav,174,4,neutral,3rd Customer
dia174_utt5.wav,174,5,neutral,Monica
dia174_utt6.wav,174,6,sadness,3rd Customer
dia174_utt7.wav,174,7,surprise,Monica
dia175_utt0.wav,175,0,neutral,Joey
dia175_utt1.wav,175,1,joy,Monica
dia175_utt2.wav,175,2,joy,Rachel
dia175_utt3.wav,175,3,neutral,Monica
dia175_utt4.wav,175,4,surprise,Rachel
dia175_utt5.wav,175,5,anger,Rachel
dia175_utt6.wav,175,6,neutral,Chandler
dia175_utt7.wav,175,7,sadness,Ross
dia175_utt8.wav,175,8,neutral,Chandler
dia175_utt9.wav,175,9,sadness,Chandler
dia175_utt10.wav,175,10,surprise,Rachel
dia175_utt11.wav,175,11,sadness,Chandler
dia176_utt0.wav,176,0,surprise,Rachel
dia176_utt1.wav,176,1,neutral,Ross
dia176_utt2.wav,176,2,surprise,Rachel
dia176_utt4.wav,176,4,surprise,Chandler
dia176_utt5.wav,176,5,surprise,Ross
dia176_utt6.wav,176,6,neutral,Monica
dia176_utt7.wav,176,7,surprise,Rachel
dia176_utt8.wav,176,8,neutral,Monica
dia176_utt9.wav,176,9,neutral,Ross
dia176_utt10.wav,176,10,joy,Joey
dia177_utt0.wav,177,0,joy,Tag
dia177_utt1.wav,177,1,neutral,Phoebe
dia177_utt2.wav,177,2,neutral,Tag
dia177_utt3.wav,177,3,fear,Phoebe
dia177_utt4.wav,177,4,joy,Tag
dia177_utt5.wav,177,5,fear,Rachel
dia177_utt6.wav,177,6,joy,Tag
dia177_utt7.wav,177,7,joy,Tag
dia177_utt8.wav,177,8,sadness,Rachel
dia177_utt9.wav,177,9,joy,Tag
dia177_utt10.wav,177,10,neutral,Rachel
dia178_utt0.wav,178,0,joy,Joey
dia178_utt1.wav,178,1,neutral,The Presenter
dia178_utt2.wav,178,2,surprise,Joey
dia179_utt0.wav,179,0,neutral,Rachel
dia179_utt1.wav,179,1,neutral,Policeman
dia179_utt2.wav,179,2,neutral,Rachel
dia179_utt3.wav,179,3,neutral,Policeman
dia179_utt4.wav,179,4,neutral,Rachel
dia179_utt5.wav,179,5,neutral,Policeman
dia179_utt6.wav,179,6,neutral,Rachel
dia179_utt7.wav,179,7,neutral,Policeman
dia179_utt8.wav,179,8,neutral,Rachel
dia179_utt9.wav,179,9,neutral,Policeman
dia179_utt10.wav,179,10,joy,Rachel
dia179_utt11.wav,179,11,neutral,Policeman
dia179_utt12.wav,179,12,neutral,Rachel
dia179_utt13.wav,179,13,neutral,Policeman
dia179_utt14.wav,179,14,neutral,Rachel
dia179_utt15.wav,179,15,neutral,Policeman
dia179_utt16.wav,179,16,neutral,Rachel
dia179_utt17.wav,179,17,neutral,Policeman
dia179_utt18.wav,179,18,neutral,Rachel
dia179_utt19.wav,179,19,anger,Ross
dia180_utt0.wav,180,0,joy,Monica
dia180_utt4.wav,180,4,sadness,Monica
dia180_utt5.wav,180,5,sadness,Rachel
dia180_utt6.wav,180,6,surprise,Chandler
dia180_utt7.wav,180,7,surprise,Janice
dia180_utt8.wav,180,8,surprise,Joey
dia180_utt9.wav,180,9,joy,Ross
dia180_utt10.wav,180,10,neutral,Janice
dia180_utt11.wav,180,11,surprise,Chandler
dia180_utt12.wav,180,12,neutral,Janice
dia180_utt13.wav,180,13,surprise,Chandler
dia180_utt14.wav,180,14,joy,Janice
dia180_utt15.wav,180,15,fear,Chandler
dia181_utt0.wav,181,0,anger,Joey
dia181_utt1.wav,181,1,neutral,Ross
dia181_utt2.wav,181,2,neutral,Ross
dia181_utt3.wav,181,3,surprise,Joey
dia181_utt4.wav,181,4,neutral,Ross
dia182_utt0.wav,182,0,neutral,Monica
dia182_utt1.wav,182,1,sadness,Rachel
dia182_utt2.wav,182,2,sadness,Monica
dia182_utt3.wav,182,3,anger,Rachel
dia182_utt4.wav,182,4,anger,Monica
dia182_utt5.wav,182,5,anger,Rachel
dia182_utt6.wav,182,6,anger,Monica
dia182_utt7.wav,182,7,neutral,Monica
dia182_utt8.wav,182,8,anger,Monica
dia182_utt9.wav,182,9,anger,Monica
dia182_utt10.wav,182,10,neutral,Monica
dia182_utt11.wav,182,11,neutral,Rachel
dia182_utt12.wav,182,12,neutral,Rachel
dia182_utt13.wav,182,13,neutral,Rachel
dia182_utt14.wav,182,14,neutral,Rachel
dia182_utt15.wav,182,15,neutral,Rachel
dia183_utt0.wav,183,0,neutral,Phoebe
dia183_utt1.wav,183,1,surprise,Duncan
dia183_utt2.wav,183,2,joy,Phoebe
dia183_utt3.wav,183,3,neutral,Duncan
dia183_utt4.wav,183,4,neutral,Phoebe
dia183_utt5.wav,183,5,joy,Duncan
dia183_utt6.wav,183,6,neutral,Phoebe
dia183_utt7.wav,183,7,neutral,Duncan
dia183_utt8.wav,183,8,neutral,Phoebe
dia183_utt9.wav,183,9,joy,Phoebe
dia183_utt10.wav,183,10,neutral,Phoebe
dia183_utt11.wav,183,11,neutral,Phoebe
dia183_utt12.wav,183,12,joy,Duncan
dia183_utt13.wav,183,13,neutral,Phoebe
dia183_utt14.wav,183,14,neutral,Duncan
dia183_utt15.wav,183,15,neutral,Phoebe
dia183_utt16.wav,183,16,neutral,Duncan
dia183_utt17.wav,183,17,neutral,Phoebe
dia183_utt18.wav,183,18,neutral,Duncan
dia183_utt19.wav,183,19,joy,Phoebe
dia184_utt0.wav,184,0,joy,Jane
dia184_utt1.wav,184,1,neutral,Jane
dia184_utt2.wav,184,2,neutral,Jane
dia184_utt3.wav,184,3,joy,Joey
dia184_utt4.wav,184,4,joy,Rachel
dia184_utt5.wav,184,5,joy,Joey
dia184_utt6.wav,184,6,sadness,Rachel
dia184_utt7.wav,184,7,neutral,Joey
dia184_utt8.wav,184,8,neutral,Rachel
dia184_utt9.wav,184,9,joy,Message
dia184_utt10.wav,184,10,anger,Joey
dia184_utt11.wav,184,11,surprise,Rachel
dia184_utt12.wav,184,12,neutral,Joey
dia184_utt13.wav,184,13,anger,Rachel
dia184_utt14.wav,184,14,neutral,Joey
dia184_utt15.wav,184,15,surprise,Rachel
dia184_utt16.wav,184,16,anger,Joey
dia184_utt17.wav,184,17,anger,Rachel
dia184_utt18.wav,184,18,neutral,Joey
dia184_utt19.wav,184,19,anger,Rachel
dia184_utt20.wav,184,20,neutral,Joey
dia184_utt21.wav,184,21,anger,Rachel
dia185_utt0.wav,185,0,surprise,Rachel
dia185_utt1.wav,185,1,neutral,Chandler
dia185_utt2.wav,185,2,surprise,Rachel
dia185_utt3.wav,185,3,neutral,Phoebe
dia185_utt4.wav,185,4,surprise,Rachel
dia185_utt5.wav,185,5,sadness,Rachel
dia185_utt6.wav,185,6,surprise,Rachel
dia185_utt7.wav,185,7,surprise,Rachel
dia185_utt8.wav,185,8,surprise,Phoebe
dia185_utt9.wav,185,9,surprise,Monica
dia185_utt10.wav,185,10,neutral,Chandler
dia185_utt11.wav,185,11,surprise,Rachel
dia185_utt12.wav,185,12,fear,Chandler
dia185_utt13.wav,185,13,surprise,Rachel
dia186_utt0.wav,186,0,joy,Gary
dia186_utt1.wav,186,1,joy,Phoebe
dia186_utt2.wav,186,2,joy,Gary
dia186_utt3.wav,186,3,joy,Phoebe
dia186_utt4.wav,186,4,neutral,Gary
dia186_utt5.wav,186,5,surprise,Phoebe
dia187_utt0.wav,187,0,sadness,Rachel
dia187_utt1.wav,187,1,surprise,Phoebe
dia187_utt2.wav,187,2,joy,Bonnie
dia187_utt3.wav,187,3,surprise,Rachel
dia187_utt4.wav,187,4,neutral,Bonnie
dia187_utt5.wav,187,5,surprise,Rachel
dia187_utt6.wav,187,6,neutral,Bonnie
dia187_utt7.wav,187,7,neutral,Rachel
dia187_utt8.wav,187,8,neutral,Phoebe
dia187_utt9.wav,187,9,joy,Bonnie
dia188_utt0.wav,188,0,neutral,Rachel
dia188_utt2.wav,188,2,neutral,Rachel
dia188_utt3.wav,188,3,anger,Ross
dia188_utt4.wav,188,4,anger,Rachel
dia188_utt5.wav,188,5,anger,Ross
dia188_utt6.wav,188,6,neutral,Rachel
dia189_utt0.wav,189,0,fear,Monica
dia189_utt1.wav,189,1,neutral,Joey
dia189_utt2.wav,189,2,neutral,Rachel
dia189_utt3.wav,189,3,neutral,Joey
dia189_utt4.wav,189,4,neutral,Phoebe
dia189_utt5.wav,189,5,joy,Rachel
dia189_utt6.wav,189,6,anger,Monica
dia189_utt7.wav,189,7,neutral,Ross
dia189_utt8.wav,189,8,anger,Rachel
dia189_utt9.wav,189,9,neutral,Phoebe
dia189_utt10.wav,189,10,neutral,Ross
dia189_utt12.wav,189,12,surprise,Joey
dia189_utt13.wav,189,13,anger,Ross
dia189_utt14.wav,189,14,joy,Joey
dia189_utt15.wav,189,15,neutral,Janice
dia190_utt0.wav,190,0,neutral,Chandler
dia190_utt1.wav,190,1,neutral,Phoebe
dia190_utt2.wav,190,2,joy,Joey
dia190_utt3.wav,190,3,neutral,Chandler
dia190_utt4.wav,190,4,joy,Monica
dia190_utt5.wav,190,5,neutral,Joey
dia190_utt6.wav,190,6,joy,Chandler
dia190_utt7.wav,190,7,neutral,Joey
dia191_utt0.wav,191,0,anger,Joey
dia191_utt1.wav,191,1,neutral,Woman
dia191_utt2.wav,191,2,neutral,Joey
dia191_utt3.wav,191,3,joy,Woman
dia191_utt4.wav,191,4,neutral,Joey
dia191_utt5.wav,191,5,neutral,Joey
dia191_utt6.wav,191,6,neutral,Joey
dia192_utt0.wav,192,0,sadness,Ross
dia192_utt1.wav,192,1,neutral,Ross
dia192_utt2.wav,192,2,neutral,Ross
dia192_utt3.wav,192,3,joy,Ross
dia192_utt4.wav,192,4,joy,Ross
dia192_utt5.wav,192,5,disgust,Rachel
dia192_utt6.wav,192,6,joy,Joey
dia192_utt7.wav,192,7,disgust,Ross
dia193_utt0.wav,193,0,neutral,Phoebe
dia193_utt1.wav,193,1,joy,Leslie
dia193_utt2.wav,193,2,joy,Phoebe
dia193_utt3.wav,193,3,neutral,Leslie
dia193_utt4.wav,193,4,neutral,Phoebe
dia193_utt5.wav,193,5,surprise,Leslie
dia193_utt6.wav,193,6,neutral,Phoebe
dia193_utt7.wav,193,7,neutral,Phoebe
dia194_utt0.wav,194,0,neutral,Leslie
dia194_utt1.wav,194,1,joy,Phoebe
dia195_utt0.wav,195,0,neutral,Rachel
dia195_utt1.wav,195,1,neutral,Rachel
dia195_utt2.wav,195,2,joy,Rachel
dia195_utt3.wav,195,3,disgust,Rachel
dia195_utt4.wav,195,4,joy,Ross
dia195_utt5.wav,195,5,neutral,Isabella
dia195_utt6.wav,195,6,neutral,Ross
dia195_utt7.wav,195,7,surprise,Monica
dia195_utt8.wav,195,8,anger,Ross
dia195_utt9.wav,195,9,neutral,Monica
dia195_utt10.wav,195,10,neutral,Ross
dia195_utt11.wav,195,11,disgust,Rachel
dia195_utt12.wav,195,12,neutral,Ross
dia195_utt13.wav,195,13,neutral,Rachel
dia195_utt14.wav,195,14,anger,Ross
dia195_utt15.wav,195,15,neutral,Rachel
dia195_utt16.wav,195,16,neutral,Ross
dia195_utt17.wav,195,17,neutral,Rachel
dia195_utt18.wav,195,18,surprise,Monica
dia195_utt19.wav,195,19,joy,Rachel
dia196_utt0.wav,196,0,neutral,Ross
dia196_utt1.wav,196,1,neutral,Ross
dia196_utt2.wav,196,2,surprise,Monica
dia197_utt0.wav,197,0,joy,Joey
dia197_utt1.wav,197,1,surprise,Joey's Hand Twin
dia197_utt2.wav,197,2,joy,Joey
dia197_utt3.wav,197,3,surprise,Joey's Hand Twin
dia197_utt4.wav,197,4,joy,Joey
dia197_utt5.wav,197,5,neutral,Joey's Hand Twin
dia197_utt6.wav,197,6,neutral,Joey
dia197_utt7.wav,197,7,neutral,Ross
dia198_utt0.wav,198,0,neutral,Phoebe
dia198_utt1.wav,198,1,neutral,Rachel
dia198_utt2.wav,198,2,joy,Phoebe
dia198_utt3.wav,198,3,neutral,Rachel
dia198_utt4.wav,198,4,surprise,Phoebe
dia198_utt5.wav,198,5,neutral,Rachel
dia198_utt6.wav,198,6,joy,Phoebe
dia199_utt0.wav,199,0,sadness,Phoebe
dia199_utt1.wav,199,1,joy,Rachel
dia199_utt2.wav,199,2,joy,Rachel
dia199_utt3.wav,199,3,joy,Rachel
dia199_utt4.wav,199,4,neutral,Chandler
dia199_utt5.wav,199,5,neutral,Rachel
dia199_utt6.wav,199,6,surprise,Joey
dia199_utt7.wav,199,7,surprise,All
dia199_utt8.wav,199,8,neutral,Joey
dia199_utt9.wav,199,9,surprise,Phoebe
dia199_utt10.wav,199,10,neutral,Rachel
dia199_utt11.wav,199,11,neutral,Joey
dia200_utt0.wav,200,0,neutral,Ross
dia200_utt1.wav,200,1,anger,Joey
dia200_utt2.wav,200,2,surprise,Ross
dia200_utt3.wav,200,3,surprise,Joey
dia200_utt4.wav,200,4,anger,Ross
dia200_utt5.wav,200,5,anger,Joey
dia200_utt6.wav,200,6,anger,Ross
dia200_utt7.wav,200,7,joy,Joey
dia200_utt8.wav,200,8,joy,Ross
dia200_utt9.wav,200,9,joy,Joey
dia201_utt0.wav,201,0,neutral,Elizabeth
dia201_utt1.wav,201,1,neutral,Ross
dia201_utt2.wav,201,2,joy,Elizabeth
dia201_utt3.wav,201,3,fear,Ross
dia201_utt4.wav,201,4,sadness,Ross
dia201_utt5.wav,201,5,fear,Ross
dia201_utt6.wav,201,6,surprise,Elizabeth
dia201_utt7.wav,201,7,surprise,Ross
dia201_utt8.wav,201,8,joy,Elizabeth
dia201_utt9.wav,201,9,joy,Ross
dia202_utt0.wav,202,0,joy,Chandler
dia202_utt1.wav,202,1,neutral,Phoebe
dia202_utt2.wav,202,2,neutral,Chandler
dia202_utt3.wav,202,3,neutral,Phoebe
dia202_utt4.wav,202,4,neutral,Chandler
dia202_utt5.wav,202,5,surprise,Monica
dia202_utt6.wav,202,6,neutral,Phoebe
dia202_utt7.wav,202,7,surprise,Monica
dia202_utt8.wav,202,8,joy,Phoebe
dia202_utt9.wav,202,9,surprise,Monica
dia202_utt12.wav,202,12,neutral,Chandler
dia202_utt13.wav,202,13,neutral,Monica
dia202_utt14.wav,202,14,neutral,Monica
dia202_utt15.wav,202,15,neutral,Monica
dia202_utt16.wav,202,16,anger,Chandler
dia203_utt0.wav,203,0,joy,Joey
dia203_utt1.wav,203,1,surprise,Ross
dia203_utt2.wav,203,2,joy,Rachel
dia203_utt3.wav,203,3,joy,Ross
dia203_utt4.wav,203,4,joy,Rachel
dia203_utt5.wav,203,5,neutral,Joey
dia204_utt0.wav,204,0,joy,Rachel
dia204_utt1.wav,204,1,neutral,Kiki
dia204_utt2.wav,204,2,neutral,Joanne
dia204_utt3.wav,204,3,neutral,Rachel
dia204_utt4.wav,204,4,neutral,Joanne
dia204_utt5.wav,204,5,surprise,Rachel
dia204_utt6.wav,204,6,neutral,Joanne
dia204_utt7.wav,204,7,neutral,Rachel
dia204_utt8.wav,204,8,surprise,Kiki
dia204_utt9.wav,204,9,neutral,Rachel
dia204_utt10.wav,204,10,neutral,Rachel
dia204_utt11.wav,204,11,neutral,Rachel
dia204_utt12.wav,204,12,neutral,Rachel
dia204_utt13.wav,204,13,sadness,Rachel
dia205_utt0.wav,205,0,neutral,Fireman No. 3
dia205_utt1.wav,205,1,neutral,Rachel
dia205_utt2.wav,205,2,neutral,Fireman No. 3
dia205_utt3.wav,205,3,surprise,Rachel
dia205_utt4.wav,205,4,joy,Phoebe
dia205_utt5.wav,205,5,neutral,Monica
dia205_utt6.wav,205,6,joy,Rachel
dia206_utt0.wav,206,0,neutral,Susan
dia206_utt1.wav,206,1,anger,Ross
dia206_utt2.wav,206,2,neutral,Carol
dia206_utt3.wav,206,3,surprise,Ross
dia206_utt4.wav,206,4,anger,Carol
dia206_utt5.wav,206,5,neutral,Ross
dia206_utt6.wav,206,6,neutral,Susan
dia206_utt7.wav,206,7,anger,Ross
dia206_utt8.wav,206,8,neutral,Susan
dia206_utt9.wav,206,9,anger,Carol
dia206_utt10.wav,206,10,surprise,Ross
dia206_utt11.wav,206,11,anger,Susan
dia206_utt12.wav,206,12,anger,Ross
dia206_utt13.wav,206,13,anger,Carol
dia206_utt14.wav,206,14,anger,Carol
dia206_utt15.wav,206,15,anger,Ross
dia206_utt16.wav,206,16,anger,Susan
dia206_utt17.wav,206,17,neutral,Ross
dia206_utt18.wav,206,18,anger,Carol
dia207_utt0.wav,207,0,joy,Monica
dia207_utt1.wav,207,1,neutral,Mischa
dia207_utt2.wav,207,2,surprise,Monica
dia207_utt3.wav,207,3,neutral,Phoebe
dia207_utt4.wav,207,4,neutral,Phoebe
dia207_utt5.wav,207,5,neutral,Phoebe
dia207_utt6.wav,207,6,neutral,Mischa
dia207_utt7.wav,207,7,neutral,Mischa
dia207_utt8.wav,207,8,neutral,Phoebe
dia207_utt9.wav,207,9,neutral,Mischa
dia207_utt10.wav,207,10,joy,Phoebe
dia207_utt11.wav,207,11,joy,Mischa
dia207_utt12.wav,207,12,neutral,Mischa
dia207_utt13.wav,207,13,joy,Monica
dia207_utt14.wav,207,14,surprise,Mischa
dia207_utt15.wav,207,15,neutral,Phoebe
dia207_utt16.wav,207,16,neutral,Monica
dia207_utt17.wav,207,17,anger,Phoebe
dia207_utt18.wav,207,18,anger,Monica
dia207_utt19.wav,207,19,neutral,Phoebe
dia208_utt0.wav,208,0,disgust,Danny
dia208_utt1.wav,208,1,neutral,Joey
dia208_utt2.wav,208,2,surprise,Chandler
dia208_utt3.wav,208,3,neutral,Joey
dia208_utt4.wav,208,4,disgust,Chandler
dia208_utt5.wav,208,5,joy,Krista
dia208_utt6.wav,208,6,anger,Danny
dia208_utt7.wav,208,7,neutral,Krista
dia208_utt8.wav,208,8,neutral,Krista
dia208_utt9.wav,208,9,joy,Danny
dia208_utt10.wav,208,10,surprise,Rachel
dia208_utt11.wav,208,11,joy,Chandler
dia208_utt12.wav,208,12,surprise,Monica
dia208_utt14.wav,208,14,sadness,Joey
dia208_utt15.wav,208,15,surprise,Chandler
dia208_utt16.wav,208,16,surprise,Joey
dia209_utt0.wav,209,0,neutral,The Director
dia210_utt0.wav,210,0,anger,Richard
dia210_utt1.wav,210,1,surprise,Joey
dia210_utt2.wav,210,2,anger,Richard
dia210_utt3.wav,210,3,anger,Joey
dia210_utt4.wav,210,4,anger,Richard
dia210_utt5.wav,210,5,anger,Joey
dia210_utt6.wav,210,6,joy,The Director
dia210_utt7.wav,210,7,joy,Joey
dia210_utt8.wav,210,8,joy,Richard
dia210_utt9.wav,210,9,neutral,The Assistant Director
dia210_utt10.wav,210,10,neutral,Phoebe
dia211_utt0.wav,211,0,joy,Mrs. Geller
dia211_utt1.wav,211,1,neutral,Chandler
dia211_utt2.wav,211,2,joy,Mr. Geller
dia211_utt3.wav,211,3,neutral,Chandler
dia211_utt5.wav,211,5,joy,Mr. Geller
dia211_utt6.wav,211,6,disgust,Mrs. Geller
dia211_utt7.wav,211,7,neutral,Chandler
dia211_utt8.wav,211,8,disgust,Monica
dia211_utt9.wav,211,9,surprise,Mr. Geller
dia211_utt10.wav,211,10,joy,Monica
dia211_utt11.wav,211,11,surprise,Monica
dia211_utt12.wav,211,12,fear,Mrs. Geller
dia211_utt13.wav,211,13,surprise,Monica
dia211_utt14.wav,211,14,neutral,Mr. Geller
dia212_utt0.wav,212,0,neutral,Phoebe
dia212_utt1.wav,212,1,joy,Monica
dia212_utt2.wav,212,2,neutral,Phoebe
dia212_utt3.wav,212,3,surprise,Monica
dia212_utt4.wav,212,4,surprise,Phoebe
dia212_utt5.wav,212,5,disgust,Monica
dia212_utt6.wav,212,6,neutral,Phoebe
dia212_utt7.wav,212,7,anger,Monica
dia212_utt8.wav,212,8,neutral,Monica
dia212_utt9.wav,212,9,surprise,Phoebe
dia213_utt0.wav,213,0,neutral,Ross
dia213_utt1.wav,213,1,neutral,Ross
dia213_utt2.wav,213,2,joy,Ross
dia213_utt3.wav,213,3,neutral,Ross
dia213_utt4.wav,213,4,sadness,Chandler
dia214_utt0.wav,214,0,surprise,Phoebe
dia214_utt1.wav,214,1,neutral,Monica
dia214_utt2.wav,214,2,sadness,Phoebe
dia214_utt3.wav,214,3,surprise,David
dia214_utt4.wav,214,4,neutral,Phoebe
dia214_utt5.wav,214,5,surprise,David
dia214_utt6.wav,214,6,surprise,Phoebe
dia214_utt7.wav,214,7,neutral,David
dia214_utt8.wav,214,8,joy,Phoebe
dia214_utt9.wav,214,9,neutral,David
dia214_utt10.wav,214,10,neutral,Phoebe
dia215_utt0.wav,215,0,joy,Ross
dia216_utt0.wav,216,0,sadness,Ross
dia216_utt1.wav,216,1,neutral,Joey
dia216_utt2.wav,216,2,neutral,Ross
dia217_utt0.wav,217,0,neutral,Joey
dia218_utt1.wav,218,1,neutral,Ross
dia218_utt2.wav,218,2,neutral,Ross
dia218_utt3.wav,218,3,neutral,Ross
dia218_utt4.wav,218,4,sadness,Monica
dia218_utt5.wav,218,5,neutral,Joey
dia218_utt6.wav,218,6,sadness,Joey
dia218_utt7.wav,218,7,neutral,Joey
dia218_utt8.wav,218,8,neutral,Joey
dia218_utt9.wav,218,9,neutral,Joey
dia218_utt10.wav,218,10,neutral,Joey
dia218_utt11.wav,218,11,neutral,Joey
dia218_utt12.wav,218,12,neutral,Rachel
dia219_utt0.wav,219,0,joy,Chandler
dia219_utt1.wav,219,1,neutral,Joey
dia219_utt2.wav,219,2,neutral,Joey
dia219_utt3.wav,219,3,joy,Joey
dia219_utt4.wav,219,4,joy,Joey
dia219_utt5.wav,219,5,neutral,Ross
dia219_utt6.wav,219,6,sadness,Monica
dia219_utt7.wav,219,7,neutral,Phoebe
dia219_utt8.wav,219,8,sadness,Monica
dia219_utt9.wav,219,9,neutral,Chandler
dia219_utt10.wav,219,10,sadness,Chandler
dia219_utt11.wav,219,11,sadness,Chandler
dia219_utt12.wav,219,12,anger,Monica
dia220_utt0.wav,220,0,neutral,Phoebe
dia220_utt1.wav,220,1,joy,Rachel
dia220_utt2.wav,220,2,neutral,Monica
dia220_utt3.wav,220,3,sadness,Phoebe
dia220_utt4.wav,220,4,neutral,Rachel
dia220_utt5.wav,220,5,neutral,Monica
dia220_utt6.wav,220,6,neutral,Rachel
dia221_utt0.wav,221,0,neutral,Rachel
dia221_utt1.wav,221,1,neutral,Joshua
dia221_utt2.wav,221,2,surprise,Rachel
dia221_utt3.wav,221,3,neutral,Joshua
dia221_utt4.wav,221,4,neutral,Rachel
dia221_utt5.wav,221,5,fear,Joshua
dia222_utt0.wav,222,0,joy,Doug
dia222_utt1.wav,222,1,neutral,Chandler
dia222_utt2.wav,222,2,neutral,Monica
dia222_utt3.wav,222,3,joy,Doug
dia222_utt4.wav,222,4,sadness,Chandler
dia222_utt5.wav,222,5,joy,Doug
dia222_utt6.wav,222,6,neutral,Monica
dia222_utt7.wav,222,7,neutral,Doug
dia222_utt8.wav,222,8,joy,Doug
dia222_utt9.wav,222,9,neutral,Doug
dia222_utt11.wav,222,11,joy,Doug
dia222_utt12.wav,222,12,joy,Doug
dia222_utt13.wav,222,13,joy,Monica
dia222_utt14.wav,222,14,neutral,Monica
dia222_utt15.wav,222,15,disgust,Monica
dia222_utt16.wav,222,16,disgust,Monica
dia222_utt17.wav,222,17,neutral,Chandler
dia222_utt18.wav,222,18,disgust,Monica
dia222_utt19.wav,222,19,disgust,Chandler
dia223_utt0.wav,223,0,neutral,Emeril
dia223_utt1.wav,223,1,neutral,Chandler
dia223_utt2.wav,223,2,neutral,Monica
dia223_utt3.wav,223,3,neutral,Chandler
dia223_utt4.wav,223,4,neutral,Monica
dia223_utt5.wav,223,5,sadness,Chandler
dia223_utt6.wav,223,6,neutral,Monica
dia223_utt7.wav,223,7,neutral,Chandler
dia223_utt8.wav,223,8,neutral,Chandler
dia223_utt9.wav,223,9,neutral,Monica
dia223_utt10.wav,223,10,neutral,Chandler
dia223_utt11.wav,223,11,neutral,Monica
dia223_utt12.wav,223,12,surprise,Chandler
dia223_utt13.wav,223,13,neutral,Monica
dia223_utt14.wav,223,14,neutral,Chandler
dia224_utt0.wav,224,0,neutral,Joey
dia224_utt1.wav,224,1,neutral,Man
dia224_utt2.wav,224,2,neutral,Joey
dia224_utt3.wav,224,3,neutral,Jake
dia224_utt4.wav,224,4,joy,Joey
dia224_utt5.wav,224,5,joy,Jake
dia225_utt0.wav,225,0,disgust,Carol
dia225_utt1.wav,225,1,neutral,Ross
dia225_utt2.wav,225,2,joy,Carol
dia225_utt3.wav,225,3,joy,Ross
dia225_utt4.wav,225,4,neutral,Ross
dia225_utt5.wav,225,5,neutral,Ross
dia225_utt6.wav,225,6,joy,Carol
dia225_utt7.wav,225,7,neutral,Ross
dia225_utt8.wav,225,8,neutral,Carol
dia225_utt9.wav,225,9,sadness,Ross
dia225_utt10.wav,225,10,neutral,Carol
dia225_utt11.wav,225,11,neutral,Ross
dia226_utt0.wav,226,0,surprise,Rachel
dia226_utt1.wav,226,1,joy,Danny
dia226_utt2.wav,226,2,neutral,Rachel
dia226_utt3.wav,226,3,neutral,Danny
dia226_utt4.wav,226,4,neutral,Rachel
dia226_utt5.wav,226,5,neutral,Monica
dia226_utt6.wav,226,6,neutral,Rachel
dia226_utt7.wav,226,7,neutral,Danny
dia226_utt8.wav,226,8,surprise,Rachel
dia226_utt9.wav,226,9,joy,Danny
dia226_utt10.wav,226,10,neutral,Tom
dia226_utt11.wav,226,11,neutral,Rachel
dia226_utt12.wav,226,12,surprise,Tom
dia226_utt13.wav,226,13,neutral,Rachel
dia226_utt17.wav,226,17,sadness,Tom
dia226_utt18.wav,226,18,disgust,Rachel
dia226_utt19.wav,226,19,joy,Rachel
dia226_utt20.wav,226,20,neutral,Monica
dia226_utt21.wav,226,21,joy,Rachel
dia227_utt0.wav,227,0,neutral,Joey
dia228_utt0.wav,228,0,anger,Phoebe
dia228_utt1.wav,228,1,sadness,Joey
dia228_utt2.wav,228,2,neutral,Joey
dia228_utt3.wav,228,3,surprise,Joey
dia228_utt4.wav,228,4,joy,Phoebe
dia228_utt5.wav,228,5,joy,Joey
dia228_utt6.wav,228,6,neutral,Joey
dia228_utt7.wav,228,7,anger,Phoebe
dia229_utt0.wav,229,0,neutral,Jill
dia229_utt1.wav,229,1,joy,Chandler
dia229_utt2.wav,229,2,neutral,Jill
dia229_utt3.wav,229,3,neutral,Chandler
dia229_utt4.wav,229,4,neutral,Chandler
dia230_utt0.wav,230,0,neutral,Lecturer
dia230_utt1.wav,230,1,joy,Ross
dia231_utt0.wav,231,0,neutral,Ross
dia231_utt1.wav,231,1,neutral,Rachel
dia231_utt2.wav,231,2,neutral,Rachel
dia231_utt3.wav,231,3,neutral,Ross
dia231_utt4.wav,231,4,neutral,Ross
dia231_utt5.wav,231,5,neutral,Rachel
dia231_utt6.wav,231,6,neutral,Ross
dia231_utt7.wav,231,7,anger,Rachel
dia231_utt8.wav,231,8,neutral,Ross
dia231_utt9.wav,231,9,anger,Rachel
dia231_utt10.wav,231,10,sadness,Ross
dia231_utt11.wav,231,11,neutral,Rachel
dia231_utt12.wav,231,12,neutral,Ross
dia231_utt13.wav,231,13,neutral,Rachel
dia231_utt14.wav,231,14,neutral,Sophie
dia232_utt0.wav,232,0,surprise,Monica
dia232_utt1.wav,232,1,neutral,Chandler
dia232_utt2.wav,232,2,neutral,Chandler
dia232_utt3.wav,232,3,surprise,Monica
dia232_utt4.wav,232,4,neutral,Chandler
dia232_utt5.wav,232,5,anger,Monica
dia232_utt6.wav,232,6,neutral,Chandler
dia232_utt7.wav,232,7,anger,Monica
dia232_utt8.wav,232,8,neutral,Chandler
dia232_utt9.wav,232,9,surprise,Monica
dia232_utt10.wav,232,10,surprise,Chandler
dia232_utt11.wav,232,11,neutral,Rachel
dia232_utt12.wav,232,12,surprise,Phoebe
dia232_utt13.wav,232,13,surprise,Monica
dia232_utt14.wav,232,14,neutral,Rachel
dia232_utt15.wav,232,15,neutral,Monica
dia232_utt16.wav,232,16,surprise,Rachel
dia232_utt17.wav,232,17,neutral,Chandler
dia232_utt18.wav,232,18,neutral,Rachel
dia232_utt19.wav,232,19,neutral,Chandler
dia233_utt0.wav,233,0,joy,Ross
dia233_utt1.wav,233,1,surprise,Monica
dia234_utt1.wav,234,1,joy,The Woman
dia234_utt2.wav,234,2,neutral,Chandler
dia234_utt3.wav,234,3,neutral,The Woman
dia234_utt4.wav,234,4,surprise,Monica
dia234_utt5.wav,234,5,neutral,Chandler
dia234_utt6.wav,234,6,anger,Chandler
dia234_utt8.wav,234,8,neutral,Chandler
dia234_utt9.wav,234,9,neutral,Monica
dia234_utt10.wav,234,10,surprise,Chandler
dia234_utt11.wav,234,11,anger,Monica
dia235_utt0.wav,235,0,anger,Monica
dia235_utt1.wav,235,1,surprise,Rachel
dia235_utt2.wav,235,2,joy,Monica
dia235_utt3.wav,235,3,joy,Rachel
dia235_utt4.wav,235,4,surprise,Monica
dia235_utt5.wav,235,5,joy,Ross
dia235_utt6.wav,235,6,neutral,Monica
dia235_utt7.wav,235,7,neutral,Monica and Ross
dia235_utt8.wav,235,8,sadness,Monica
dia235_utt9.wav,235,9,neutral,Chandler
dia236_utt0.wav,236,0,joy,Joey
dia236_utt1.wav,236,1,neutral,The Vendor
dia236_utt2.wav,236,2,neutral,Joey
dia236_utt3.wav,236,3,neutral,Chandler
dia236_utt4.wav,236,4,neutral,Joey
dia236_utt5.wav,236,5,anger,Chandler
dia236_utt6.wav,236,6,surprise,Joey
dia236_utt7.wav,236,7,neutral,Chandler
dia236_utt9.wav,236,9,neutral,Chandler
dia236_utt10.wav,236,10,neutral,The Vendor
dia236_utt11.wav,236,11,disgust,Chandler
dia236_utt12.wav,236,12,neutral,Joey
dia236_utt13.wav,236,13,anger,The Vendor
dia236_utt14.wav,236,14,joy,Joey
dia236_utt15.wav,236,15,anger,Chandler
dia237_utt0.wav,237,0,surprise,Monica
dia237_utt1.wav,237,1,surprise,Julio
dia237_utt2.wav,237,2,anger,Monica
dia237_utt3.wav,237,3,neutral,Monica
dia237_utt4.wav,237,4,surprise,Julio
dia237_utt5.wav,237,5,anger,Monica
dia237_utt6.wav,237,6,surprise,Julio
dia237_utt7.wav,237,7,surprise,Monica
dia237_utt8.wav,237,8,sadness,Julio
dia237_utt9.wav,237,9,sadness,Monica
dia237_utt10.wav,237,10,neutral,Julio
dia237_utt11.wav,237,11,neutral,Monica
dia238_utt0.wav,238,0,neutral,Ross
dia238_utt1.wav,238,1,neutral,Phoebe
dia238_utt2.wav,238,2,neutral,Phoebe
dia238_utt3.wav,238,3,neutral,Phoebe
dia238_utt4.wav,238,4,neutral,Phoebe
dia238_utt5.wav,238,5,neutral,Phoebe
dia238_utt6.wav,238,6,neutral,Phoebe
dia239_utt0.wav,239,0,neutral,Ross
dia239_utt1.wav,239,1,neutral,Ross
dia239_utt2.wav,239,2,joy,Janine
dia239_utt3.wav,239,3,joy,Ross
dia239_utt4.wav,239,4,neutral,Ross
dia239_utt5.wav,239,5,fear,Janine
dia239_utt6.wav,239,6,joy,Chandler
dia240_utt0.wav,240,0,neutral,Monica
dia240_utt1.wav,240,1,neutral,David
dia240_utt2.wav,240,2,neutral,Monica
dia240_utt3.wav,240,3,fear,Chandler
dia240_utt4.wav,240,4,neutral,Monica
dia240_utt5.wav,240,5,neutral,Phoebe
dia240_utt6.wav,240,6,neutral,Phoebe
dia241_utt0.wav,241,0,anger,Phoebe
dia241_utt1.wav,241,1,sadness,Phoebe
dia241_utt2.wav,241,2,neutral,Phoebe
dia241_utt3.wav,241,3,anger,Phoebe
dia241_utt4.wav,241,4,joy,Phoebe
dia241_utt5.wav,241,5,anger,Rachel
dia241_utt6.wav,241,6,neutral,Phoebe
dia241_utt7.wav,241,7,neutral,Rachel
dia241_utt8.wav,241,8,anger,Phoebe
dia241_utt9.wav,241,9,neutral,Rachel
dia241_utt10.wav,241,10,joy,Phoebe
dia241_utt11.wav,241,11,disgust,Joey
dia241_utt12.wav,241,12,disgust,Rachel
dia241_utt13.wav,241,13,disgust,Joey
dia242_utt0.wav,242,0,joy,Chandler
dia242_utt1.wav,242,1,neutral,Julie
dia242_utt2.wav,242,2,neutral,Chandler
dia242_utt3.wav,242,3,neutral,Monica
dia242_utt4.wav,242,4,neutral,Chandler
dia242_utt5.wav,242,5,surprise,Julie
dia242_utt6.wav,242,6,sadness,Chandler
dia243_utt0.wav,243,0,joy,Ross
dia243_utt1.wav,243,1,surprise,Rachel
dia244_utt0.wav,244,0,neutral,Ross
dia244_utt1.wav,244,1,neutral,Ross
dia244_utt3.wav,244,3,neutral,Ross
dia244_utt4.wav,244,4,fear,Rachel
dia244_utt5.wav,244,5,neutral,Ross
dia244_utt6.wav,244,6,neutral,Ross
dia245_utt0.wav,245,0,joy,Phoebe
dia245_utt1.wav,245,1,joy,Phoebe
dia245_utt2.wav,245,2,joy,Monica
dia245_utt3.wav,245,3,joy,Phoebe
dia245_utt4.wav,245,4,neutral,Monica
dia245_utt5.wav,245,5,joy,Phoebe
dia245_utt6.wav,245,6,neutral,Monica
dia245_utt7.wav,245,7,joy,Phoebe
dia245_utt8.wav,245,8,joy,Monica
dia245_utt9.wav,245,9,sadness,Monica
dia245_utt10.wav,245,10,disgust,Phoebe
dia245_utt11.wav,245,11,disgust,Monica
dia245_utt12.wav,245,12,surprise,Monica
dia245_utt13.wav,245,13,sadness,Monica
dia245_utt14.wav,245,14,surprise,Monica
dia245_utt15.wav,245,15,sadness,Monica
dia245_utt16.wav,245,16,neutral,Phoebe
dia246_utt0.wav,246,0,joy,Ross
dia246_utt1.wav,246,1,sadness,Mona
dia246_utt2.wav,246,2,neutral,Rachel
dia246_utt3.wav,246,3,neutral,Rachel
dia246_utt4.wav,246,4,neutral,Rachel
dia246_utt5.wav,246,5,neutral,Ross
dia246_utt6.wav,246,6,neutral,Rachel
dia247_utt0.wav,247,0,neutral,Joey
dia247_utt1.wav,247,1,surprise,Phoebe
dia247_utt2.wav,247,2,joy,Joey
dia248_utt0.wav,248,0,neutral,Phoebe
dia248_utt1.wav,248,1,anger,Phoebe
dia248_utt3.wav,248,3,joy,Phoebe
dia248_utt4.wav,248,4,joy,Phoebe
dia248_utt5.wav,248,5,anger,Monica
dia248_utt6.wav,248,6,joy,Phoebe
dia248_utt7.wav,248,7,anger,Monica
dia249_utt0.wav,249,0,neutral,Rachel
dia249_utt1.wav,249,1,neutral,Joey
dia249_utt2.wav,249,2,neutral,Monica
dia249_utt3.wav,249,3,joy,Joey
dia249_utt4.wav,249,4,sadness,Joey
dia249_utt5.wav,249,5,sadness,Joey
dia249_utt6.wav,249,6,sadness,Monica
dia249_utt7.wav,249,7,joy,Joey
dia249_utt8.wav,249,8,neutral,Monica
dia249_utt9.wav,249,9,joy,Joey
dia249_utt10.wav,249,10,joy,Joey
dia249_utt11.wav,249,11,neutral,Joey
dia249_utt13.wav,249,13,joy,Joey
dia250_utt0.wav,250,0,surprise,Phoebe
dia250_utt1.wav,250,1,joy,Chandler
dia250_utt2.wav,250,2,surprise,Phoebe
dia250_utt3.wav,250,3,joy,Chandler
dia250_utt4.wav,250,4,surprise,Phoebe
dia250_utt5.wav,250,5,neutral,Monica
dia250_utt6.wav,250,6,neutral,Rachel
dia251_utt0.wav,251,0,anger,Rachel
dia251_utt1.wav,251,1,neutral,Rachel
dia251_utt2.wav,251,2,neutral,Ross
dia251_utt3.wav,251,3,neutral,Rachel
dia251_utt4.wav,251,4,neutral,Ross
dia251_utt5.wav,251,5,neutral,Rachel
dia251_utt6.wav,251,6,sadness,Joey
dia252_utt0.wav,252,0,neutral,Ross
dia252_utt1.wav,252,1,neutral,Dr. Baldhara
dia252_utt2.wav,252,2,neutral,Dr. Baldhara
dia252_utt3.wav,252,3,neutral,Ross
dia252_utt4.wav,252,4,neutral,Dr. Baldhara
dia252_utt5.wav,252,5,neutral,Ross
dia252_utt6.wav,252,6,neutral,Dr. Baldhara
dia252_utt7.wav,252,7,neutral,Ross
dia252_utt8.wav,252,8,neutral,Dr. Baldhara
dia252_utt9.wav,252,9,neutral,Ross
dia252_utt10.wav,252,10,neutral,Dr. Baldhara
dia252_utt13.wav,252,13,neutral,Dr. Baldhara
dia252_utt14.wav,252,14,joy,Joey
dia252_utt15.wav,252,15,neutral,Joey
dia252_utt16.wav,252,16,neutral,Chandler
dia252_utt17.wav,252,17,joy,Ross
dia252_utt18.wav,252,18,disgust,Dr. Baldhara
dia252_utt19.wav,252,19,neutral,Dr. Baldhara
dia253_utt0.wav,253,0,neutral,Chandler
dia253_utt1.wav,253,1,joy,Chandler
dia253_utt2.wav,253,2,surprise,Chandler
dia253_utt3.wav,253,3,surprise,Chandler
dia253_utt4.wav,253,4,neutral,Janice
dia253_utt5.wav,253,5,joy,Janice
dia253_utt6.wav,253,6,surprise,Janice
dia253_utt7.wav,253,7,neutral,Janice
dia253_utt8.wav,253,8,joy,Chandler
dia253_utt9.wav,253,9,fear,Janice
dia253_utt10.wav,253,10,joy,Chandler
dia253_utt11.wav,253,11,neutral,Janice
dia254_utt0.wav,254,0,fear,Monica
dia254_utt1.wav,254,1,anger,Monica
dia254_utt2.wav,254,2,anger,Phoebe
dia254_utt3.wav,254,3,anger,Monica
dia254_utt4.wav,254,4,anger,Phoebe
dia254_utt5.wav,254,5,anger,Monica
dia254_utt6.wav,254,6,anger,Phoebe
dia254_utt7.wav,254,7,neutral,Monica
dia254_utt8.wav,254,8,joy,Monica
dia254_utt9.wav,254,9,anger,Phoebe
dia255_utt0.wav,255,0,disgust,Monica
dia255_utt1.wav,255,1,neutral,Young Ethan
dia255_utt2.wav,255,2,surprise,Monica
dia255_utt3.wav,255,3,neutral,Young Ethan
dia255_utt4.wav,255,4,disgust,Monica
dia255_utt5.wav,255,5,joy,Young Ethan
dia255_utt6.wav,255,6,fear,Monica
dia255_utt7.wav,255,7,joy,Young Ethan
dia255_utt8.wav,255,8,surprise,Monica
dia255_utt9.wav,255,9,sadness,Young Ethan
dia255_utt10.wav,255,10,anger,Monica
dia255_utt11.wav,255,11,anger,Monica
dia255_utt12.wav,255,12,joy,Monica
dia255_utt13.wav,255,13,disgust,Monica
dia255_utt14.wav,255,14,disgust,Monica
dia255_utt15.wav,255,15,neutral,Young Ethan
dia256_utt0.wav,256,0,sadness,Rachel
dia256_utt1.wav,256,1,neutral,Ross
dia256_utt2.wav,256,2,anger,Rachel
dia256_utt3.wav,256,3,neutral,Ross
dia256_utt4.wav,256,4,neutral,Ross
dia256_utt5.wav,256,5,neutral,Ross
dia256_utt6.wav,256,6,anger,Ross
dia256_utt7.wav,256,7,joy,Rachel
dia256_utt8.wav,256,8,neutral,Phoebe
dia256_utt9.wav,256,9,neutral,Rachel
dia256_utt10.wav,256,10,sadness,Rachel
dia256_utt11.wav,256,11,anger,Rachel
dia256_utt12.wav,256,12,anger,Rachel
dia256_utt13.wav,256,13,anger,Rachel
dia256_utt14.wav,256,14,anger,Rachel
dia256_utt15.wav,256,15,neutral,Chandler
dia257_utt0.wav,257,0,joy,Joey
dia257_utt1.wav,257,1,fear,Rachel
dia257_utt2.wav,257,2,fear,Rachel
dia257_utt3.wav,257,3,neutral,Rachel
dia257_utt4.wav,257,4,sadness,Rachel
dia257_utt5.wav,257,5,fear,Rachel
dia257_utt6.wav,257,6,fear,Joey
dia258_utt0.wav,258,0,joy,Chandler
dia258_utt1.wav,258,1,neutral,Monica
dia258_utt2.wav,258,2,surprise,Chandler
dia258_utt3.wav,258,3,neutral,Chandler
dia258_utt4.wav,258,4,neutral,Chandler
dia258_utt5.wav,258,5,neutral,Monica
dia258_utt6.wav,258,6,joy,Chandler
dia259_utt0.wav,259,0,fear,Dr. Leedbetter
dia259_utt1.wav,259,1,fear,Ross
dia259_utt2.wav,259,2,anger,Ross
dia259_utt3.wav,259,3,anger,Ross
dia260_utt0.wav,260,0,neutral,Joey
dia260_utt1.wav,260,1,anger,Phoebe
dia260_utt2.wav,260,2,surprise,Joey
dia260_utt3.wav,260,3,sadness,Phoebe
dia260_utt4.wav,260,4,sadness,Phoebe
dia260_utt5.wav,260,5,sadness,Phoebe
dia260_utt6.wav,260,6,sadness,Rachel
dia260_utt7.wav,260,7,sadness,Phoebe
dia260_utt8.wav,260,8,neutral,Chandler
dia260_utt9.wav,260,9,neutral,Phoebe
dia260_utt10.wav,260,10,fear,Ross
dia260_utt11.wav,260,11,anger,Phoebe
dia261_utt0.wav,261,0,surprise,Phoebe
dia261_utt1.wav,261,1,surprise,Phoebe Sr.
dia261_utt2.wav,261,2,neutral,Phoebe
dia261_utt3.wav,261,3,joy,Phoebe Sr.
dia261_utt4.wav,261,4,anger,Phoebe
dia261_utt5.wav,261,5,anger,Phoebe Sr.
dia261_utt6.wav,261,6,neutral,Phoebe
dia261_utt7.wav,261,7,surprise,Phoebe Sr.
dia261_utt8.wav,261,8,sadness,Phoebe
dia262_utt0.wav,262,0,neutral,Phoebe
dia262_utt1.wav,262,1,neutral,Phoebe
dia262_utt2.wav,262,2,neutral,Phoebe
dia262_utt3.wav,262,3,sadness,Chandler
dia262_utt4.wav,262,4,anger,Janice
dia263_utt0.wav,263,0,surprise,Phoebe
dia263_utt1.wav,263,1,surprise,Monica
dia263_utt2.wav,263,2,neutral,Phoebe
dia263_utt3.wav,263,3,surprise,Monica
dia263_utt4.wav,263,4,neutral,Phoebe
dia263_utt5.wav,263,5,neutral,Phoebe
dia263_utt6.wav,263,6,joy,Monica
dia263_utt7.wav,263,7,disgust,Monica
dia263_utt8.wav,263,8,joy,Phoebe
dia264_utt0.wav,264,0,neutral,Chandler
dia264_utt1.wav,264,1,neutral,Ross
dia264_utt2.wav,264,2,surprise,Chandler
dia264_utt3.wav,264,3,neutral,Ross
dia264_utt4.wav,264,4,joy,Chandler
dia264_utt5.wav,264,5,neutral,Ross
dia264_utt6.wav,264,6,neutral,Chandler
dia264_utt7.wav,264,7,anger,Ross
dia264_utt8.wav,264,8,fear,Chandler
dia264_utt9.wav,264,9,neutral,Ross
dia264_utt10.wav,264,10,neutral,Ross
dia264_utt11.wav,264,11,neutral,Ross
dia264_utt12.wav,264,12,neutral,Ross
dia264_utt13.wav,264,13,neutral,Chandler
dia264_utt14.wav,264,14,neutral,Ross
dia264_utt15.wav,264,15,joy,Ross
dia264_utt16.wav,264,16,neutral,Chandler
dia264_utt17.wav,264,17,neutral,Ross
dia264_utt18.wav,264,18,neutral,Chandler
dia265_utt0.wav,265,0,anger,Janice
dia265_utt1.wav,265,1,neutral,Monica
dia265_utt2.wav,265,2,anger,Janice
dia265_utt3.wav,265,3,neutral,Monica
dia265_utt4.wav,265,4,sadness,Janice
dia266_utt0.wav,266,0,neutral,Chandler
dia267_utt0.wav,267,0,neutral,Chandler
dia268_utt0.wav,268,0,surprise,Chandler
dia268_utt1.wav,268,1,neutral,Chandler
dia269_utt0.wav,269,0,neutral,Monica
dia269_utt1.wav,269,1,surprise,Janice
dia270_utt0.wav,270,0,neutral,Ross
dia270_utt1.wav,270,1,joy,Rachel
dia270_utt2.wav,270,2,joy,Ross
dia270_utt3.wav,270,3,neutral,Rachel
dia271_utt0.wav,271,0,surprise,Rachel
dia271_utt1.wav,271,1,joy,Katie
dia271_utt2.wav,271,2,joy,Rachel
dia271_utt3.wav,271,3,joy,Katie
dia271_utt4.wav,271,4,joy,Rachel
dia271_utt5.wav,271,5,surprise,Katie
dia271_utt6.wav,271,6,neutral,Joey
dia271_utt7.wav,271,7,neutral,Katie
dia271_utt8.wav,271,8,neutral,Joey
dia271_utt9.wav,271,9,anger,Katie
dia271_utt10.wav,271,10,neutral,Joey
dia272_utt0.wav,272,0,fear,Phoebe
dia272_utt1.wav,272,1,surprise,Joey
dia272_utt2.wav,272,2,anger,Phoebe
dia272_utt3.wav,272,3,anger,Hitchhiker
dia272_utt4.wav,272,4,neutral,Phoebe
dia272_utt5.wav,272,5,neutral,Hitchhiker
dia272_utt6.wav,272,6,neutral,Phoebe
dia272_utt7.wav,272,7,joy,Joey
dia272_utt8.wav,272,8,anger,Phoebe
dia273_utt0.wav,273,0,neutral,Chandler
dia273_utt1.wav,273,1,anger,Chandler
dia273_utt2.wav,273,2,sadness,Chandler
dia273_utt3.wav,273,3,sadness,Chandler
dia273_utt4.wav,273,4,sadness,Chandler
dia273_utt5.wav,273,5,neutral,Phoebe
dia273_utt6.wav,273,6,neutral,Chandler
dia273_utt7.wav,273,7,surprise,Phoebe
dia273_utt8.wav,273,8,anger,Chandler
dia273_utt9.wav,273,9,surprise,Phoebe
dia273_utt10.wav,273,10,neutral,Chandler
dia273_utt11.wav,273,11,neutral,Joey
dia273_utt12.wav,273,12,neutral,Chandler
dia273_utt13.wav,273,13,joy,Phoebe
dia273_utt14.wav,273,14,neutral,Chandler
dia273_utt15.wav,273,15,neutral,Ross
dia273_utt16.wav,273,16,neutral,Chandler
dia273_utt17.wav,273,17,disgust,Ross
dia273_utt18.wav,273,18,surprise,Joey
dia274_utt0.wav,274,0,surprise,Joey
dia274_utt1.wav,274,1,surprise,Chandler
dia274_utt2.wav,274,2,surprise,Joey
dia274_utt3.wav,274,3,disgust,Chandler
dia274_utt4.wav,274,4,neutral,Chandler
dia274_utt5.wav,274,5,joy,Chandler
dia274_utt6.wav,274,6,anger,Chandler
dia274_utt7.wav,274,7,anger,Joey
dia274_utt8.wav,274,8,fear,Joey
dia274_utt9.wav,274,9,joy,Joey
dia274_utt10.wav,274,10,fear,Joey
dia274_utt11.wav,274,11,surprise,Chandler
dia274_utt12.wav,274,12,fear,Joey
dia275_utt0.wav,275,0,anger,Ross
dia275_utt1.wav,275,1,anger,Joey
dia275_utt2.wav,275,2,neutral,Rachel
dia275_utt3.wav,275,3,fear,Ross
dia275_utt4.wav,275,4,anger,Joey
dia275_utt5.wav,275,5,fear,Rachel
dia275_utt6.wav,275,6,neutral,Joey
dia275_utt7.wav,275,7,neutral,Rachel
dia275_utt8.wav,275,8,neutral,Joey
dia275_utt9.wav,275,9,surprise,Rachel
dia275_utt10.wav,275,10,fear,Joey
dia275_utt11.wav,275,11,anger,Rachel
dia275_utt12.wav,275,12,disgust,Joey
dia275_utt13.wav,275,13,surprise,Rachel
dia275_utt14.wav,275,14,disgust,Joey
dia275_utt15.wav,275,15,fear,Rachel
dia275_utt16.wav,275,16,anger,Joey
dia276_utt0.wav,276,0,joy,Rachel
dia276_utt2.wav,276,2,anger,Rachel
dia276_utt3.wav,276,3,neutral,Joey
dia277_utt0.wav,277,0,neutral,Joey
dia277_utt1.wav,277,1,neutral,Joey
dia277_utt2.wav,277,2,neutral,The Interviewer
dia277_utt3.wav,277,3,anger,Joey
dia277_utt4.wav,277,4,neutral,Joey
dia277_utt5.wav,277,5,neutral,The Interviewer
dia277_utt6.wav,277,6,neutral,Joey
dia278_utt0.wav,278,0,neutral,Rachel
dia278_utt1.wav,278,1,joy,Phoebe
dia278_utt2.wav,278,2,joy,Phoebe
dia278_utt3.wav,278,3,neutral,Phoebe
dia278_utt4.wav,278,4,sadness,Phoebe
dia278_utt5.wav,278,5,joy,Phoebe
dia278_utt6.wav,278,6,neutral,Joey
dia278_utt7.wav,278,7,joy,Joey
dia278_utt8.wav,278,8,joy,Phoebe
dia279_utt0.wav,279,0,surprise,Joey
dia279_utt1.wav,279,1,sadness,Rachel
dia279_utt2.wav,279,2,anger,Joey
dia279_utt3.wav,279,3,fear,Monica
dia279_utt4.wav,279,4,anger,Rachel
dia279_utt5.wav,279,5,neutral,Joey
dia279_utt6.wav,279,6,surprise,Monica
dia279_utt7.wav,279,7,neutral,Chandler
dia279_utt8.wav,279,8,neutral,Ross
dia279_utt9.wav,279,9,joy,Chandler
dia279_utt10.wav,279,10,neutral,Ross
dia279_utt11.wav,279,11,joy,Chandler
dia279_utt12.wav,279,12,neutral,Ross
dia279_utt13.wav,279,13,anger,Chandler
dia279_utt14.wav,279,14,neutral,Ross
dia279_utt15.wav,279,15,fear,Chandler
dia280_utt0.wav,280,0,neutral,Rachel
dia280_utt1.wav,280,1,anger,Phoebe
dia280_utt2.wav,280,2,neutral,Joey
dia281_utt0.wav,281,0,joy,Joey
dia281_utt1.wav,281,1,joy,Phoebe
dia281_utt2.wav,281,2,neutral,Joey
dia281_utt3.wav,281,3,neutral,Phoebe
dia281_utt4.wav,281,4,surprise,Joey
dia281_utt5.wav,281,5,neutral,Phoebe
dia281_utt6.wav,281,6,disgust,Joey
dia281_utt7.wav,281,7,neutral,Phoebe
dia281_utt8.wav,281,8,disgust,Joey
dia281_utt9.wav,281,9,neutral,Phoebe
dia281_utt10.wav,281,10,surprise,Joey
dia282_utt0.wav,282,0,joy,Phoebe
dia282_utt1.wav,282,1,neutral,Joey
dia282_utt2.wav,282,2,joy,Phoebe
dia283_utt0.wav,283,0,disgust,Joey
dia283_utt1.wav,283,1,neutral,Phoebe
dia283_utt2.wav,283,2,disgust,Joey
dia283_utt3.wav,283,3,neutral,Phoebe
dia283_utt4.wav,283,4,neutral,Phoebe
dia283_utt5.wav,283,5,neutral,Joey
dia283_utt6.wav,283,6,disgust,Phoebe
dia284_utt0.wav,284,0,neutral,Phoebe
dia284_utt1.wav,284,1,neutral,Rachel
dia284_utt2.wav,284,2,neutral,Phoebe
dia285_utt0.wav,285,0,neutral,Joey
dia285_utt1.wav,285,1,joy,Rachel
dia285_utt2.wav,285,2,neutral,Joey
dia285_utt3.wav,285,3,joy,Rachel
dia285_utt4.wav,285,4,neutral,Nurse
dia285_utt5.wav,285,5,neutral,Rachel
dia285_utt6.wav,285,6,neutral,Nurse
dia285_utt7.wav,285,7,anger,Joey
dia285_utt8.wav,285,8,neutral,Rachel
dia285_utt9.wav,285,9,surprise,Joey
dia285_utt10.wav,285,10,neutral,Rachel
dia285_utt11.wav,285,11,neutral,Joey
dia285_utt13.wav,285,13,neutral,Rachel
dia285_utt14.wav,285,14,neutral,Rachel
dia285_utt15.wav,285,15,neutral,Rachel
dia285_utt16.wav,285,16,neutral,Joey
dia286_utt0.wav,286,0,neutral,Chandler
dia286_utt1.wav,286,1,neutral,Rachel
dia286_utt2.wav,286,2,neutral,Phoebe
dia286_utt3.wav,286,3,neutral,Chandler
dia287_utt0.wav,287,0,neutral,Joey
dia287_utt1.wav,287,1,sadness,Chandler
dia287_utt2.wav,287,2,anger,Joey
dia287_utt3.wav,287,3,neutral,Joey
dia287_utt4.wav,287,4,anger,Chandler
dia287_utt5.wav,287,5,neutral,Joey
dia287_utt6.wav,287,6,neutral,Joey
dia287_utt7.wav,287,7,joy,Joey
dia287_utt8.wav,287,8,neutral,Joey
dia287_utt9.wav,287,9,neutral,Joey
dia287_utt10.wav,287,10,neutral,Joey
dia287_utt11.wav,287,11,neutral,Ross
dia287_utt12.wav,287,12,joy,Chandler
dia288_utt0.wav,288,0,joy,Joey
dia288_utt1.wav,288,1,neutral,Gunther
dia288_utt2.wav,288,2,surprise,Joey
dia288_utt3.wav,288,3,surprise,Gunther
dia288_utt4.wav,288,4,neutral,Joey
dia288_utt5.wav,288,5,neutral,Gunther
dia288_utt6.wav,288,6,anger,Joey
dia288_utt7.wav,288,7,joy,Ross
dia288_utt8.wav,288,8,joy,Rachel
dia288_utt9.wav,288,9,neutral,Ross
dia288_utt10.wav,288,10,neutral,Rachel
dia288_utt11.wav,288,11,surprise,Ross
dia288_utt12.wav,288,12,surprise,Ross
dia288_utt13.wav,288,13,neutral,Ross
dia288_utt14.wav,288,14,surprise,Rachel
dia288_utt15.wav,288,15,joy,Ross
dia288_utt16.wav,288,16,neutral,Rachel
dia288_utt17.wav,288,17,neutral,Ross
dia288_utt18.wav,288,18,neutral,Ross
dia288_utt19.wav,288,19,neutral,Ross
dia288_utt20.wav,288,20,joy,Joey
dia289_utt1.wav,289,1,fear,Phoebe
dia289_utt2.wav,289,2,neutral,Earl
dia289_utt3.wav,289,3,sadness,Phoebe
dia289_utt4.wav,289,4,sadness,Earl
dia289_utt5.wav,289,5,neutral,Phoebe
dia290_utt0.wav,290,0,sadness,Earl
dia291_utt0.wav,291,0,sadness,Phoebe
dia291_utt1.wav,291,1,sadness,Earl
dia292_utt0.wav,292,0,neutral,Earl
dia292_utt1.wav,292,1,sadness,Earl
dia292_utt2.wav,292,2,neutral,Earl
dia292_utt3.wav,292,3,neutral,Earl
dia292_utt4.wav,292,4,sadness,Earl
dia292_utt5.wav,292,5,neutral,Earl
dia293_utt0.wav,293,0,surprise,Joey
dia293_utt1.wav,293,1,surprise,Joey
dia293_utt2.wav,293,2,fear,Joey
dia293_utt3.wav,293,3,neutral,Monica
dia293_utt4.wav,293,4,fear,Joey
dia293_utt5.wav,293,5,neutral,Monica
dia293_utt6.wav,293,6,neutral,Joey
dia293_utt7.wav,293,7,neutral,Joey
dia293_utt8.wav,293,8,joy,Joey
dia293_utt9.wav,293,9,neutral,Chandler
dia293_utt10.wav,293,10,sadness,Monica
dia293_utt11.wav,293,11,neutral,Chandler
dia293_utt12.wav,293,12,joy,Phoebe
dia294_utt0.wav,294,0,joy,Paul
dia294_utt1.wav,294,1,neutral,Rachel
dia295_utt0.wav,295,0,surprise,Joey
dia295_utt1.wav,295,1,neutral,Phoebe
dia295_utt2.wav,295,2,surprise,Joey
dia295_utt3.wav,295,3,surprise,Joey
dia295_utt4.wav,295,4,sadness,Phoebe
dia295_utt5.wav,295,5,anger,Joey
dia295_utt6.wav,295,6,anger,Joey
dia295_utt7.wav,295,7,anger,Joey
dia295_utt8.wav,295,8,anger,Joey
dia295_utt9.wav,295,9,anger,Joey
dia295_utt10.wav,295,10,anger,Phoebe
dia295_utt11.wav,295,11,anger,Joey
dia295_utt12.wav,295,12,surprise,Phoebe
dia295_utt13.wav,295,13,anger,Joey
dia295_utt14.wav,295,14,joy,Phoebe
dia295_utt15.wav,295,15,neutral,Phoebe
dia295_utt16.wav,295,16,anger,Phoebe
dia295_utt17.wav,295,17,anger,Joey
dia295_utt18.wav,295,18,anger,Phoebe
dia295_utt19.wav,295,19,anger,Joey
dia295_utt20.wav,295,20,anger,Phoebe
dia295_utt21.wav,295,21,anger,Joey
dia296_utt0.wav,296,0,neutral,Ross
dia296_utt1.wav,296,1,neutral,Susan
dia296_utt2.wav,296,2,neutral,Carol
dia296_utt3.wav,296,3,surprise,Ross
dia296_utt4.wav,296,4,neutral,Susan
dia296_utt5.wav,296,5,anger,Ross
dia296_utt6.wav,296,6,neutral,Carol
dia296_utt7.wav,296,7,neutral,Ross
dia296_utt8.wav,296,8,neutral,Susan
dia296_utt9.wav,296,9,neutral,Ross
dia296_utt10.wav,296,10,neutral,Carol
dia296_utt11.wav,296,11,joy,Ross
dia296_utt12.wav,296,12,neutral,Carol
dia296_utt13.wav,296,13,neutral,Ross
dia296_utt14.wav,296,14,surprise,Carol
dia296_utt15.wav,296,15,surprise,Rachel
dia296_utt16.wav,296,16,neutral,Barry
dia296_utt17.wav,296,17,surprise,Rachel
dia296_utt18.wav,296,18,neutral,Barry
dia296_utt19.wav,296,19,surprise,Robbie
dia296_utt20.wav,296,20,neutral,Barry
dia297_utt0.wav,297,0,neutral,Monica
dia297_utt1.wav,297,1,joy,Monica
dia297_utt2.wav,297,2,anger,Phoebe
dia297_utt3.wav,297,3,neutral,Monica
dia297_utt4.wav,297,4,joy,Phoebe
dia297_utt5.wav,297,5,neutral,Monica
dia297_utt6.wav,297,6,joy,Phoebe
dia297_utt7.wav,297,7,neutral,Monica
dia297_utt8.wav,297,8,joy,Phoebe
dia297_utt9.wav,297,9,neutral,Monica
dia298_utt0.wav,298,0,anger,Monica
dia298_utt1.wav,298,1,anger,Ross
dia298_utt2.wav,298,2,joy,Ross
dia298_utt3.wav,298,3,neutral,Monica
dia298_utt4.wav,298,4,sadness,Ross
dia298_utt5.wav,298,5,anger,Ross
dia298_utt6.wav,298,6,anger,Monica
dia299_utt0.wav,299,0,neutral,Joey
dia299_utt1.wav,299,1,neutral,Chandler
dia299_utt2.wav,299,2,neutral,Joey
dia299_utt3.wav,299,3,neutral,Chandler
dia300_utt0.wav,300,0,joy,Joey
dia300_utt1.wav,300,1,neutral,Lydia
dia300_utt2.wav,300,2,neutral,Joey
dia300_utt3.wav,300,3,anger,Lydia
dia300_utt4.wav,300,4,surprise,Joey
dia300_utt5.wav,300,5,disgust,Lydia
dia300_utt6.wav,300,6,neutral,Joey
dia300_utt7.wav,300,7,neutral,Lydia
dia300_utt8.wav,300,8,disgust,Joey
dia300_utt9.wav,300,9,anger,Lydia
dia300_utt10.wav,300,10,anger,Joey
dia300_utt11.wav,300,11,neutral,Lydia
dia300_utt12.wav,300,12,fear,Joey
dia300_utt14.wav,300,14,neutral,Joey
dia300_utt15.wav,300,15,neutral,Lydia
dia301_utt0.wav,301,0,fear,Barry
dia301_utt1.wav,301,1,fear,Bernice
dia301_utt2.wav,301,2,fear,Barry
dia301_utt3.wav,301,3,neutral,Barry
dia301_utt4.wav,301,4,fear,Barry
dia301_utt6.wav,301,6,neutral,Rachel
dia301_utt7.wav,301,7,neutral,Rachel
dia301_utt8.wav,301,8,anger,Rachel
dia301_utt9.wav,301,9,surprise,Rachel
dia301_utt10.wav,301,10,neutral,Rachel
dia301_utt11.wav,301,11,joy,Mindy
dia301_utt12.wav,301,12,disgust,Rachel
dia301_utt13.wav,301,13,neutral,Mindy
dia301_utt14.wav,301,14,surprise,Rachel
dia301_utt15.wav,301,15,fear,Mindy
dia301_utt16.wav,301,16,sadness,Rachel
dia302_utt0.wav,302,0,neutral,Phoebe
dia302_utt1.wav,302,1,sadness,Ross
dia302_utt2.wav,302,2,fear,Phoebe
dia302_utt3.wav,302,3,anger,Chandler
dia302_utt4.wav,302,4,neutral,Ross
dia302_utt5.wav,302,5,surprise,Robert
dia302_utt6.wav,302,6,neutral,Phoebe
dia302_utt7.wav,302,7,neutral,Robert
dia302_utt8.wav,302,8,neutral,Phoebe
dia302_utt9.wav,302,9,surprise,Robert
dia302_utt10.wav,302,10,neutral,Phoebe
dia303_utt0.wav,303,0,anger,Phoebe
dia303_utt1.wav,303,1,neutral,Monica
dia304_utt0.wav,304,0,neutral,Phoebe
dia304_utt1.wav,304,1,neutral,Chandler
dia304_utt2.wav,304,2,neutral,Monica
dia304_utt3.wav,304,3,neutral,Chandler
dia304_utt4.wav,304,4,neutral,Joey
dia304_utt5.wav,304,5,surprise,Chandler
dia304_utt6.wav,304,6,neutral,Monica
dia304_utt7.wav,304,7,neutral,Chandler
dia304_utt8.wav,304,8,anger,Monica
dia304_utt9.wav,304,9,anger,Chandler
dia304_utt10.wav,304,10,anger,Phoebe
dia305_utt0.wav,305,0,joy,Chandler
dia305_utt1.wav,305,1,neutral,Issac
dia305_utt2.wav,305,2,fear,Chandler
dia305_utt3.wav,305,3,neutral,Joey
dia305_utt4.wav,305,4,neutral,Issac
dia305_utt5.wav,305,5,joy,Chandler
dia305_utt6.wav,305,6,neutral,Chloe
dia305_utt7.wav,305,7,neutral,Chandler
dia305_utt8.wav,305,8,neutral,Chloe
dia305_utt9.wav,305,9,surprise,Joey
dia305_utt10.wav,305,10,neutral,Chloe
dia305_utt11.wav,305,11,neutral,Chloe
dia305_utt12.wav,305,12,joy,Joey
dia305_utt13.wav,305,13,joy,Chloe
dia305_utt14.wav,305,14,joy,Chandler
dia306_utt0.wav,306,0,joy,Ross
dia306_utt1.wav,306,1,joy,Ross
dia306_utt2.wav,306,2,sadness,Ross
dia306_utt3.wav,306,3,joy,Carol
dia306_utt4.wav,306,4,neutral,Carol
dia306_utt5.wav,306,5,joy,Ross
dia306_utt6.wav,306,6,joy,Carol
dia306_utt7.wav,306,7,neutral,Ross
dia307_utt0.wav,307,0,neutral,Ross
dia307_utt1.wav,307,1,joy,Monica
dia307_utt2.wav,307,2,sadness,Ross
dia307_utt3.wav,307,3,neutral,Monica
dia307_utt4.wav,307,4,neutral,Ross
dia307_utt5.wav,307,5,neutral,Monica
dia307_utt6.wav,307,6,neutral,Monica
dia307_utt7.wav,307,7,neutral,Ross
dia307_utt8.wav,307,8,surprise,Monica
dia307_utt9.wav,307,9,neutral,Ross
dia307_utt10.wav,307,10,neutral,Monica
dia307_utt11.wav,307,11,neutral,Ross
dia307_utt12.wav,307,12,neutral,Monica
dia308_utt0.wav,308,0,neutral,Supervisor
dia308_utt1.wav,308,1,joy,Phoebe
dia308_utt2.wav,308,2,neutral,Supervisor
dia308_utt3.wav,308,3,neutral,Phoebe
dia308_utt4.wav,308,4,neutral,Supervisor
dia308_utt5.wav,308,5,neutral,Phoebe
dia309_utt0.wav,309,0,joy,Chandler
dia309_utt1.wav,309,1,surprise,Kathy
dia309_utt2.wav,309,2,joy,Chandler
dia309_utt3.wav,309,3,neutral,Kathy
dia309_utt4.wav,309,4,neutral,Chandler
dia310_utt0.wav,310,0,neutral,Phoebe
dia310_utt1.wav,310,1,neutral,Monica
dia310_utt2.wav,310,2,joy,Phoebe
dia310_utt3.wav,310,3,sadness,Monica
dia310_utt4.wav,310,4,neutral,Rachel
dia310_utt5.wav,310,5,surprise,Monica
dia310_utt6.wav,310,6,sadness,Rachel
dia311_utt0.wav,311,0,neutral,Phoebe
dia311_utt1.wav,311,1,joy,Monica
dia311_utt2.wav,311,2,joy,Chandler
dia311_utt3.wav,311,3,joy,Phoebe
dia311_utt4.wav,311,4,neutral,Ross
dia311_utt5.wav,311,5,joy,Phoebe
dia311_utt6.wav,311,6,neutral,Joey
dia311_utt7.wav,311,7,joy,Monica
dia311_utt8.wav,311,8,surprise,Rachel
dia311_utt9.wav,311,9,neutral,Phoebe
dia311_utt10.wav,311,10,surprise,Rachel
dia311_utt11.wav,311,11,neutral,Phoebe
dia311_utt12.wav,311,12,neutral,Joey
dia312_utt0.wav,312,0,neutral,Ross
dia312_utt1.wav,312,1,anger,Rachel
dia312_utt2.wav,312,2,anger,Ross
dia312_utt3.wav,312,3,neutral,Rachel
dia312_utt4.wav,312,4,sadness,Ross
dia312_utt5.wav,312,5,sadness,Rachel
dia312_utt6.wav,312,6,neutral,Ross
dia312_utt7.wav,312,7,surprise,Rachel
dia312_utt8.wav,312,8,surprise,Ross
dia312_utt9.wav,312,9,anger,Rachel
dia312_utt10.wav,312,10,surprise,Rachel
dia312_utt11.wav,312,11,neutral,Rachel
dia312_utt12.wav,312,12,sadness,Rachel
dia312_utt13.wav,312,13,sadness,Ross
dia312_utt14.wav,312,14,neutral,Rachel
dia312_utt15.wav,312,15,neutral,Ross
dia312_utt16.wav,312,16,neutral,Rachel
dia312_utt17.wav,312,17,anger,Chandler
dia312_utt18.wav,312,18,sadness,Joey
dia312_utt19.wav,312,19,neutral,Rachel
dia312_utt20.wav,312,20,neutral,Joey
dia312_utt21.wav,312,21,sadness,Joey
dia313_utt0.wav,313,0,neutral,Joey
dia313_utt1.wav,313,1,neutral,Chandler
dia313_utt2.wav,313,2,neutral,Joey
dia313_utt3.wav,313,3,joy,Chandler
dia314_utt0.wav,314,0,joy,Rachel
dia314_utt1.wav,314,1,joy,Phoebe
dia314_utt2.wav,314,2,joy,Rachel
dia314_utt3.wav,314,3,neutral,Phoebe
dia314_utt4.wav,314,4,joy,Rachel
dia314_utt5.wav,314,5,joy,Phoebe
dia314_utt7.wav,314,7,neutral,Phoebe
dia314_utt8.wav,314,8,neutral,Rachel
dia314_utt9.wav,314,9,joy,Phoebe
dia314_utt10.wav,314,10,neutral,Rachel
dia314_utt11.wav,314,11,neutral,Joey
dia314_utt12.wav,314,12,neutral,Rachel
dia315_utt0.wav,315,0,neutral,Monica
dia315_utt1.wav,315,1,neutral,Phoebe
dia315_utt2.wav,315,2,joy,Monica
dia315_utt3.wav,315,3,joy,Monica
dia315_utt4.wav,315,4,anger,Phoebe
dia315_utt5.wav,315,5,neutral,Monica
dia315_utt6.wav,315,6,joy,All
dia315_utt7.wav,315,7,joy,Phoebe
dia315_utt8.wav,315,8,joy,Monica
dia315_utt9.wav,315,9,joy,Chandler
dia316_utt0.wav,316,0,neutral,Joey
dia316_utt1.wav,316,1,neutral,Chandler
dia316_utt2.wav,316,2,sadness,Chandler
dia316_utt3.wav,316,3,neutral,Joey
dia316_utt4.wav,316,4,fear,Chandler
dia316_utt5.wav,316,5,anger,Joey
dia316_utt6.wav,316,6,joy,Voice
dia316_utt7.wav,316,7,neutral,Joey
dia316_utt8.wav,316,8,neutral,Voice
dia317_utt0.wav,317,0,neutral,Phoebe
dia317_utt1.wav,317,1,joy,Rachel
dia317_utt2.wav,317,2,neutral,Phoebe
dia317_utt3.wav,317,3,anger,Rachel
dia317_utt4.wav,317,4,neutral,Phoebe
dia317_utt5.wav,317,5,joy,Ross
dia317_utt6.wav,317,6,joy,Joey
dia317_utt7.wav,317,7,joy,Phoebe
dia317_utt8.wav,317,8,surprise,Joey
dia317_utt9.wav,317,9,anger,Phoebe
dia317_utt10.wav,317,10,anger,Joey
dia317_utt11.wav,317,11,neutral,Ross
dia317_utt12.wav,317,12,anger,Phoebe
dia317_utt13.wav,317,13,anger,Phoebe
dia317_utt14.wav,317,14,anger,Phoebe
dia317_utt15.wav,317,15,anger,Phoebe
dia318_utt0.wav,318,0,neutral,Rachel
dia318_utt1.wav,318,1,neutral,Monica
dia318_utt2.wav,318,2,neutral,Chandler
dia318_utt3.wav,318,3,neutral,Monica
dia318_utt4.wav,318,4,neutral,Chandler
dia319_utt0.wav,319,0,neutral,Pete
dia319_utt1.wav,319,1,joy,Monica
dia319_utt2.wav,319,2,neutral,Pete
dia319_utt3.wav,319,3,neutral,Monica
dia319_utt4.wav,319,4,neutral,Pete
dia319_utt5.wav,319,5,neutral,Monica
dia319_utt6.wav,319,6,anger,Pete
dia319_utt7.wav,319,7,surprise,Monica
dia319_utt8.wav,319,8,sadness,Pete
dia319_utt9.wav,319,9,neutral,Monica
dia319_utt10.wav,319,10,neutral,Pete
dia319_utt11.wav,319,11,neutral,Monica
dia319_utt12.wav,319,12,neutral,Pete
dia319_utt13.wav,319,13,surprise,Monica
dia319_utt14.wav,319,14,joy,Pete
dia319_utt15.wav,319,15,surprise,Monica
dia319_utt16.wav,319,16,neutral,Pete
dia319_utt17.wav,319,17,joy,Monica
dia319_utt18.wav,319,18,neutral,Pete
dia319_utt19.wav,319,19,joy,Pete
dia319_utt20.wav,319,20,joy,Pete
dia319_utt21.wav,319,21,neutral,Pete
dia319_utt22.wav,319,22,disgust,Monica
dia320_utt0.wav,320,0,neutral,Chandler
dia320_utt1.wav,320,1,neutral,Monica
dia320_utt2.wav,320,2,neutral,Chandler
dia320_utt3.wav,320,3,surprise,Monica
dia320_utt4.wav,320,4,sadness,Chandler
dia320_utt5.wav,320,5,joy,Monica
dia320_utt6.wav,320,6,sadness,Chandler
dia320_utt7.wav,320,7,surprise,Monica
dia320_utt8.wav,320,8,sadness,Chandler
dia320_utt9.wav,320,9,neutral,Chandler
dia320_utt10.wav,320,10,neutral,Chandler
dia320_utt11.wav,320,11,neutral,Chandler
dia320_utt12.wav,320,12,surprise,Monica
dia320_utt13.wav,320,13,sadness,Chandler
dia320_utt14.wav,320,14,neutral,Monica
dia320_utt15.wav,320,15,neutral,Chandler
dia320_utt16.wav,320,16,surprise,Monica
dia320_utt17.wav,320,17,joy,Chandler
dia321_utt0.wav,321,0,joy,Phoebe
dia321_utt1.wav,321,1,joy,Eric
dia321_utt2.wav,321,2,joy,Phoebe
dia321_utt3.wav,321,3,neutral,Eric
dia321_utt4.wav,321,4,surprise,Phoebe
dia321_utt5.wav,321,5,neutral,Eric
dia321_utt6.wav,321,6,surprise,Phoebe
dia321_utt7.wav,321,7,joy,Eric
dia321_utt8.wav,321,8,surprise,Phoebe
dia321_utt9.wav,321,9,neutral,Eric
dia321_utt10.wav,321,10,disgust,Phoebe
dia321_utt11.wav,321,11,disgust,Eric
dia322_utt0.wav,322,0,disgust,Monica
dia322_utt1.wav,322,1,surprise,Stu
dia323_utt0.wav,323,0,sadness,Monica
dia324_utt0.wav,324,0,neutral,Phoebe Sr.
dia324_utt1.wav,324,1,surprise,Phoebe
dia324_utt2.wav,324,2,neutral,Joey
dia324_utt3.wav,324,3,neutral,Chandler
dia324_utt4.wav,324,4,neutral,Joey
dia324_utt5.wav,324,5,neutral,Joey
dia324_utt6.wav,324,6,neutral,Joey
dia324_utt7.wav,324,7,neutral,Joey
dia325_utt0.wav,325,0,neutral,Ross
dia326_utt0.wav,326,0,sadness,Phoebe
dia326_utt1.wav,326,1,surprise,Rachel
dia326_utt2.wav,326,2,surprise,Monica
dia326_utt3.wav,326,3,neutral,Phoebe
dia326_utt4.wav,326,4,surprise,Rachel
dia326_utt5.wav,326,5,fear,Monica
dia326_utt6.wav,326,6,joy,Rachel
dia326_utt7.wav,326,7,neutral,Phoebe
dia326_utt8.wav,326,8,neutral,Rachel
dia327_utt0.wav,327,0,anger,Phoebe
dia327_utt1.wav,327,1,neutral,Ross
dia327_utt2.wav,327,2,surprise,Phoebe
dia327_utt3.wav,327,3,neutral,Ross
dia327_utt4.wav,327,4,joy,Phoebe
dia327_utt5.wav,327,5,neutral,Phoebe
dia327_utt6.wav,327,6,anger,Phoebe
dia327_utt7.wav,327,7,neutral,Phoebe
dia328_utt0.wav,328,0,anger,Jill
dia328_utt1.wav,328,1,anger,Jill
dia328_utt2.wav,328,2,anger,Jill
dia328_utt3.wav,328,3,neutral,Rachel
dia328_utt4.wav,328,4,anger,Jill
dia328_utt5.wav,328,5,neutral,Ross
dia328_utt6.wav,328,6,joy,Jill
dia328_utt7.wav,328,7,joy,Joey
dia328_utt8.wav,328,8,sadness,Chandler
dia329_utt0.wav,329,0,joy,Monica
dia329_utt1.wav,329,1,anger,Rachel
dia329_utt2.wav,329,2,neutral,Phoebe
dia329_utt3.wav,329,3,joy,Rachel
dia329_utt4.wav,329,4,anger,Monica
dia329_utt5.wav,329,5,surprise,Rachel
dia329_utt6.wav,329,6,neutral,Phoebe
dia329_utt7.wav,329,7,anger,Monica
dia329_utt8.wav,329,8,neutral,Phoebe
dia329_utt9.wav,329,9,anger,Rachel
dia329_utt10.wav,329,10,neutral,Phoebe
dia330_utt0.wav,330,0,neutral,Joshua
dia330_utt1.wav,330,1,neutral,Rachel
dia330_utt2.wav,330,2,joy,Joshua
dia330_utt3.wav,330,3,neutral,Rachel
dia331_utt0.wav,331,0,anger,Phoebe
dia331_utt1.wav,331,1,neutral,Chandler
dia331_utt2.wav,331,2,neutral,Phoebe
dia331_utt3.wav,331,3,neutral,Phoebe
dia331_utt4.wav,331,4,sadness,Phoebe
dia331_utt5.wav,331,5,neutral,All
dia331_utt6.wav,331,6,neutral,Monica
dia331_utt7.wav,331,7,neutral,Rachel
dia331_utt8.wav,331,8,joy,Monica
dia331_utt9.wav,331,9,joy,Gunther
dia332_utt0.wav,332,0,surprise,Ross
dia332_utt1.wav,332,1,neutral,Joey
dia332_utt2.wav,332,2,neutral,Joey
dia332_utt3.wav,332,3,neutral,Joey
dia332_utt4.wav,332,4,neutral,Ross
dia332_utt5.wav,332,5,joy,Mona
dia332_utt6.wav,332,6,neutral,Joey
dia332_utt7.wav,332,7,anger,Mona
dia332_utt8.wav,332,8,neutral,Joey
dia332_utt9.wav,332,9,neutral,Mona
dia332_utt10.wav,332,10,neutral,Joey
dia332_utt11.wav,332,11,surprise,Ross
dia332_utt12.wav,332,12,anger,Ross
dia332_utt13.wav,332,13,surprise,Ross
dia332_utt14.wav,332,14,surprise,Ross
dia332_utt15.wav,332,15,neutral,Ross
dia333_utt0.wav,333,0,neutral,Joey
dia333_utt1.wav,333,1,neutral,Tour Guide
dia333_utt2.wav,333,2,surprise,Joey
dia333_utt3.wav,333,3,neutral,Tour Guide
dia333_utt4.wav,333,4,neutral,Tour Guide
dia334_utt0.wav,334,0,joy,Joey
dia334_utt1.wav,334,1,neutral,Chandler
dia334_utt2.wav,334,2,sadness,Joey
dia334_utt3.wav,334,3,neutral,Chandler
dia334_utt4.wav,334,4,neutral,Kathy
dia334_utt5.wav,334,5,neutral,Kathy
dia334_utt6.wav,334,6,neutral,Kathy
dia334_utt7.wav,334,7,neutral,Kathy
dia334_utt8.wav,334,8,neutral,Kathy
dia334_utt9.wav,334,9,neutral,Chandler
dia334_utt10.wav,334,10,neutral,Kathy
dia334_utt11.wav,334,11,neutral,Chandler
dia334_utt12.wav,334,12,neutral,Kathy
dia335_utt0.wav,335,0,neutral,Ross
dia335_utt1.wav,335,1,joy,Dr. Ledbetter
dia335_utt2.wav,335,2,neutral,Ross
dia335_utt3.wav,335,3,neutral,Dr. Ledbetter
dia336_utt0.wav,336,0,surprise,Ross
dia336_utt1.wav,336,1,joy,Chandler
dia336_utt2.wav,336,2,neutral,Monica
dia336_utt3.wav,336,3,neutral,Ross
dia336_utt4.wav,336,4,surprise,Monica
dia336_utt6.wav,336,6,sadness,Monica
dia336_utt7.wav,336,7,anger,Monica
dia336_utt8.wav,336,8,fear,Monica
dia336_utt9.wav,336,9,sadness,Monica
dia336_utt10.wav,336,10,disgust,Ross
dia336_utt11.wav,336,11,sadness,Monica
dia336_utt12.wav,336,12,neutral,Chandler
dia336_utt13.wav,336,13,surprise,Ross
dia336_utt14.wav,336,14,surprise,Chandler
dia336_utt15.wav,336,15,joy,Ross
dia336_utt16.wav,336,16,joy,Ross
dia336_utt17.wav,336,17,joy,Ross
dia336_utt18.wav,336,18,joy,Ross
dia336_utt19.wav,336,19,neutral,Rachel
dia336_utt20.wav,336,20,surprise,Ross
dia336_utt21.wav,336,21,joy,Chandler
dia337_utt0.wav,337,0,neutral,Ross
dia337_utt1.wav,337,1,surprise,Chandler
dia337_utt2.wav,337,2,neutral,Ross
dia337_utt3.wav,337,3,surprise,Chandler
dia337_utt4.wav,337,4,joy,Ross
dia337_utt5.wav,337,5,joy,Chandler
dia337_utt6.wav,337,6,sadness,Ross
dia337_utt7.wav,337,7,surprise,Chandler
dia337_utt8.wav,337,8,neutral,Ross
dia337_utt9.wav,337,9,surprise,Chandler
dia337_utt10.wav,337,10,neutral,Ross
dia337_utt11.wav,337,11,neutral,Ross
dia337_utt12.wav,337,12,neutral,Ross
dia337_utt13.wav,337,13,neutral,Ross
dia337_utt14.wav,337,14,surprise,Chandler
dia337_utt15.wav,337,15,sadness,Ross
dia337_utt16.wav,337,16,surprise,Chandler
dia337_utt17.wav,337,17,neutral,Ross
dia337_utt18.wav,337,18,anger,Chandler
dia337_utt19.wav,337,19,neutral,Ross
dia338_utt0.wav,338,0,neutral,Joshua
dia338_utt1.wav,338,1,joy,Rachel
dia338_utt2.wav,338,2,neutral,Mrs. Burgin
dia338_utt3.wav,338,3,surprise,Rachel
dia338_utt4.wav,338,4,joy,Rachel
dia338_utt5.wav,338,5,neutral,Rachel
dia338_utt6.wav,338,6,neutral,Rachel
dia338_utt7.wav,338,7,neutral,Mrs. Burgin
dia338_utt8.wav,338,8,joy,Rachel
dia338_utt9.wav,338,9,neutral,Joshua
dia338_utt10.wav,338,10,neutral,Mr. Burgin
dia338_utt11.wav,338,11,neutral,Rachel
dia338_utt12.wav,338,12,neutral,Mr. Burgin
dia338_utt13.wav,338,13,neutral,Rachel
dia338_utt14.wav,338,14,neutral,Mr. Burgin
dia338_utt15.wav,338,15,neutral,Rachel
dia338_utt16.wav,338,16,neutral,Mr. Burgin
dia339_utt0.wav,339,0,neutral,Joey
dia339_utt1.wav,339,1,neutral,Monica
dia339_utt3.wav,339,3,anger,Monica
dia339_utt4.wav,339,4,joy,Joey
dia340_utt0.wav,340,0,neutral,Chandler
dia341_utt0.wav,341,0,neutral,Joey
dia342_utt0.wav,342,0,neutral,Chandler
dia342_utt1.wav,342,1,neutral,Ross
dia342_utt2.wav,342,2,neutral,Joey
dia342_utt3.wav,342,3,neutral,Ross
dia342_utt4.wav,342,4,neutral,Joey
dia342_utt5.wav,342,5,joy,Ross
dia342_utt6.wav,342,6,anger,Chandler
dia342_utt7.wav,342,7,joy,Ross
dia342_utt8.wav,342,8,neutral,Chandler
dia342_utt9.wav,342,9,neutral,Joey
dia342_utt10.wav,342,10,anger,Chandler
dia342_utt11.wav,342,11,neutral,Joey
dia342_utt12.wav,342,12,neutral,Chandler
dia342_utt13.wav,342,13,anger,Joey
dia342_utt14.wav,342,14,neutral,Chandler
dia342_utt15.wav,342,15,joy,Joey
dia342_utt16.wav,342,16,surprise,Ross
dia342_utt17.wav,342,17,joy,Chandler
dia342_utt18.wav,342,18,neutral,Ross
dia342_utt19.wav,342,19,neutral,Chandler
dia343_utt0.wav,343,0,surprise,Monica
dia344_utt0.wav,344,0,joy,Joey
dia344_utt1.wav,344,1,neutral,Joey
dia344_utt2.wav,344,2,neutral,Joey
dia344_utt3.wav,344,3,neutral,Joey
dia344_utt4.wav,344,4,surprise,Joey
dia344_utt6.wav,344,6,joy,Monica
dia344_utt7.wav,344,7,joy,Joey
dia344_utt8.wav,344,8,fear,Joey
dia344_utt9.wav,344,9,neutral,Joey
dia344_utt10.wav,344,10,surprise,Joey
dia344_utt11.wav,344,11,joy,Joey
dia344_utt12.wav,344,12,joy,Joey
dia344_utt13.wav,344,13,neutral,Joey
dia344_utt14.wav,344,14,surprise,Monica
dia344_utt15.wav,344,15,disgust,Joey
dia345_utt0.wav,345,0,neutral,Rachel
dia345_utt1.wav,345,1,neutral,Phoebe
dia345_utt2.wav,345,2,joy,Rachel
dia345_utt3.wav,345,3,neutral,Phoebe
dia345_utt4.wav,345,4,joy,Rachel
dia346_utt0.wav,346,0,joy,Chandler
dia346_utt1.wav,346,1,surprise,Monica
dia346_utt2.wav,346,2,surprise,Chandler
dia346_utt3.wav,346,3,neutral,Monica
dia346_utt4.wav,346,4,neutral,Chandler
dia346_utt5.wav,346,5,surprise,Monica
dia346_utt6.wav,346,6,neutral,Chandler
dia347_utt0.wav,347,0,sadness,Monica
dia347_utt1.wav,347,1,neutral,Chandler
dia347_utt2.wav,347,2,surprise,Monica
dia347_utt3.wav,347,3,neutral,Chandler
dia347_utt4.wav,347,4,sadness,Phoebe
dia347_utt5.wav,347,5,neutral,Chandler
dia347_utt6.wav,347,6,surprise,Monica
dia347_utt7.wav,347,7,sadness,Phoebe
dia347_utt8.wav,347,8,surprise,Joey
dia347_utt9.wav,347,9,sadness,Phoebe
dia347_utt10.wav,347,10,sadness,Phoebe
dia347_utt11.wav,347,11,neutral,Monica
dia348_utt0.wav,348,0,joy,Rachel
dia348_utt1.wav,348,1,joy,Ross
dia348_utt2.wav,348,2,joy,Man
dia348_utt4.wav,348,4,neutral,Ross
dia349_utt0.wav,349,0,joy,Monica
dia349_utt1.wav,349,1,joy,Phoebe
dia349_utt2.wav,349,2,joy,Ross
dia349_utt3.wav,349,3,neutral,Monica
dia349_utt4.wav,349,4,joy,Phoebe
dia349_utt5.wav,349,5,joy,Ross
dia349_utt6.wav,349,6,neutral,Monica
dia349_utt7.wav,349,7,sadness,Phoebe
dia349_utt8.wav,349,8,neutral,Ross
dia349_utt9.wav,349,9,neutral,Phoebe
dia349_utt10.wav,349,10,joy,Chandler
dia349_utt11.wav,349,11,surprise,Phoebe
dia350_utt0.wav,350,0,neutral,Chandler
dia350_utt1.wav,350,1,joy,Monica
dia350_utt2.wav,350,2,joy,Chandler
dia350_utt3.wav,350,3,joy,Monica
dia350_utt4.wav,350,4,neutral,Chandler
dia350_utt5.wav,350,5,neutral,Monica
dia350_utt6.wav,350,6,neutral,Chandler
dia350_utt7.wav,350,7,neutral,Monica
dia351_utt0.wav,351,0,anger,Dr. Green
dia351_utt1.wav,351,1,surprise,Mona
dia351_utt2.wav,351,2,surprise,Ross
dia351_utt3.wav,351,3,anger,Dr. Green
dia351_utt4.wav,351,4,fear,Ross
dia351_utt5.wav,351,5,anger,Dr. Green
dia351_utt6.wav,351,6,fear,Ross
dia351_utt7.wav,351,7,surprise,Mona
dia351_utt8.wav,351,8,joy,Ross
dia351_utt9.wav,351,9,anger,Dr. Green
dia351_utt10.wav,351,10,anger,Ross
dia351_utt11.wav,351,11,joy,Mona
dia351_utt12.wav,351,12,anger,Ross
dia351_utt13.wav,351,13,anger,Dr. Green
dia351_utt14.wav,351,14,surprise,Mona
dia351_utt15.wav,351,15,joy,Ross
dia352_utt0.wav,352,0,neutral,Chandler
dia352_utt1.wav,352,1,anger,Chandler
dia352_utt2.wav,352,2,joy,Chandler
dia352_utt3.wav,352,3,anger,Chandler
dia352_utt4.wav,352,4,neutral,Chandler
dia352_utt5.wav,352,5,joy,Chandler
dia352_utt6.wav,352,6,surprise,Chandler
dia353_utt0.wav,353,0,neutral,Joey
dia353_utt1.wav,353,1,neutral,Annabelle
dia354_utt0.wav,354,0,neutral,Mr. Heckles
dia354_utt1.wav,354,1,neutral,Monica
dia354_utt2.wav,354,2,neutral,Mr. Heckles
dia354_utt3.wav,354,3,neutral,Rachel
dia354_utt4.wav,354,4,neutral,Chandler
dia354_utt5.wav,354,5,neutral,Ross
dia354_utt6.wav,354,6,neutral,Phoebe
dia354_utt7.wav,354,7,surprise,Rachel
dia354_utt8.wav,354,8,joy,Joey
dia354_utt9.wav,354,9,neutral,Monica
dia354_utt10.wav,354,10,joy,Rachel
dia354_utt11.wav,354,11,neutral,Monica
dia354_utt12.wav,354,12,neutral,Rachel
dia354_utt13.wav,354,13,neutral,Mr. Treeger
dia354_utt14.wav,354,14,anger,Monica
dia354_utt15.wav,354,15,neutral,Mr. Treeger
dia354_utt16.wav,354,16,neutral,Ross
dia354_utt17.wav,354,17,neutral,Mr. Treeger
dia355_utt0.wav,355,0,sadness,Monica
dia355_utt1.wav,355,1,neutral,Rachel
dia355_utt2.wav,355,2,neutral,Phoebe
dia355_utt3.wav,355,3,joy,Chandler
dia355_utt4.wav,355,4,neutral,Phoebe
dia356_utt0.wav,356,0,sadness,Monica
dia356_utt1.wav,356,1,surprise,Ross
dia356_utt2.wav,356,2,neutral,Monica
dia356_utt3.wav,356,3,surprise,Rachel
dia356_utt4.wav,356,4,neutral,Joey
dia356_utt5.wav,356,5,neutral,Chandler
dia356_utt6.wav,356,6,sadness,Ross
dia356_utt7.wav,356,7,joy,Joey
dia356_utt8.wav,356,8,neutral,Rachel
dia356_utt9.wav,356,9,sadness,Joey
dia356_utt10.wav,356,10,anger,Chandler
dia356_utt11.wav,356,11,surprise,Joey
dia356_utt12.wav,356,12,neutral,Rachel
dia356_utt13.wav,356,13,joy,Joey
dia356_utt14.wav,356,14,neutral,Chandler
dia356_utt15.wav,356,15,neutral,Monica
dia356_utt16.wav,356,16,neutral,Monica
dia356_utt17.wav,356,17,anger,Monica
dia356_utt18.wav,356,18,neutral,Monica
dia356_utt19.wav,356,19,neutral,Monica
dia356_utt20.wav,356,20,fear,Monica
dia356_utt21.wav,356,21,anger,Monica
dia356_utt22.wav,356,22,neutral,Joey
dia357_utt1.wav,357,1,surprise,Monica
dia357_utt2.wav,357,2,neutral,Chandler
dia357_utt3.wav,357,3,surprise,Joey
dia358_utt0.wav,358,0,neutral,Rachel
dia358_utt1.wav,358,1,neutral,Chandler
dia358_utt2.wav,358,2,neutral,Chandler
dia358_utt3.wav,358,3,sadness,Phoebe
dia358_utt4.wav,358,4,neutral,Chandler
dia358_utt5.wav,358,5,neutral,Ross
dia358_utt6.wav,358,6,fear,Phoebe
dia358_utt7.wav,358,7,neutral,Chandler
dia358_utt8.wav,358,8,surprise,Ross
dia358_utt9.wav,358,9,anger,Phoebe
dia358_utt10.wav,358,10,joy,Chandler
dia358_utt11.wav,358,11,surprise,Rachel
dia358_utt12.wav,358,12,neutral,Phoebe
dia358_utt13.wav,358,13,surprise,Rachel
dia358_utt14.wav,358,14,sadness,Phoebe
dia358_utt15.wav,358,15,neutral,Phoebe
dia358_utt16.wav,358,16,neutral,Ross
dia358_utt17.wav,358,17,neutral,Ross
dia358_utt18.wav,358,18,sadness,Phoebe
dia359_utt0.wav,359,0,surprise,Ross
dia359_utt1.wav,359,1,neutral,Emily
dia359_utt3.wav,359,3,sadness,Emily
dia359_utt4.wav,359,4,joy,Ross
dia359_utt5.wav,359,5,joy,Emily
dia359_utt6.wav,359,6,sadness,Ross
dia360_utt0.wav,360,0,sadness,Monica
dia360_utt1.wav,360,1,sadness,Ross
dia360_utt2.wav,360,2,neutral,Chandler
dia360_utt3.wav,360,3,neutral,Ross
dia360_utt4.wav,360,4,neutral,Chandler
dia360_utt5.wav,360,5,neutral,Monica
dia361_utt0.wav,361,0,neutral,Ross
dia361_utt1.wav,361,1,neutral,Rachel
dia361_utt2.wav,361,2,neutral,Ross
dia361_utt3.wav,361,3,surprise,Rachel
dia361_utt4.wav,361,4,neutral,Ross
dia361_utt5.wav,361,5,neutral,Chandler
dia361_utt6.wav,361,6,joy,Ross
dia361_utt7.wav,361,7,surprise,Chandler
dia361_utt8.wav,361,8,neutral,Ross
dia361_utt9.wav,361,9,disgust,Chandler
dia361_utt10.wav,361,10,joy,Ross
dia361_utt11.wav,361,11,joy,Chandler
dia361_utt12.wav,361,12,neutral,Rachel
dia361_utt13.wav,361,13,neutral,Chandler
dia361_utt14.wav,361,14,neutral,Rachel
dia362_utt0.wav,362,0,sadness,Rachel
dia362_utt1.wav,362,1,neutral,Ross
dia362_utt2.wav,362,2,neutral,Ross
dia362_utt3.wav,362,3,sadness,Rachel
dia362_utt4.wav,362,4,neutral,Dr. Long
dia362_utt5.wav,362,5,sadness,Rachel
dia362_utt6.wav,362,6,neutral,Dr. Long
dia362_utt7.wav,362,7,surprise,Rachel
dia362_utt8.wav,362,8,neutral,Dr. Long
dia362_utt9.wav,362,9,surprise,Rachel
dia363_utt0.wav,363,0,neutral,Carol
dia363_utt1.wav,363,1,neutral,Rachel
dia364_utt0.wav,364,0,neutral,Carol
dia365_utt0.wav,365,0,neutral,Rachel
dia365_utt1.wav,365,1,neutral,Flight Attendant
dia365_utt2.wav,365,2,neutral,Rachel
dia365_utt3.wav,365,3,neutral,Flight Attendant
dia365_utt4.wav,365,4,neutral,Rachel
dia365_utt5.wav,365,5,sadness,Rachel
dia365_utt6.wav,365,6,anger,Flight Attendant
dia365_utt7.wav,365,7,neutral,Rachel
dia365_utt8.wav,365,8,neutral,Flight Attendant
dia365_utt9.wav,365,9,neutral,Rachel
dia365_utt10.wav,365,10,neutral,Flight Attendant
dia365_utt11.wav,365,11,neutral,Man
dia365_utt12.wav,365,12,neutral,Flight Attendant
dia365_utt13.wav,365,13,surprise,Man
dia365_utt14.wav,365,14,anger,Man
dia366_utt0.wav,366,0,neutral,Chandler
dia366_utt1.wav,366,1,neutral,Chandler
dia366_utt2.wav,366,2,anger,Chandler
dia366_utt3.wav,366,3,neutral,Chandler
dia366_utt4.wav,366,4,surprise,Janice
dia366_utt5.wav,366,5,anger,Chandler
dia366_utt6.wav,366,6,sadness,Janice
dia366_utt7.wav,366,7,sadness,Chandler
dia366_utt8.wav,366,8,surprise,Phoebe
dia366_utt9.wav,366,9,anger,Chandler
dia366_utt10.wav,366,10,neutral,Phoebe
dia366_utt11.wav,366,11,neutral,Chandler
dia366_utt12.wav,366,12,neutral,Phoebe
dia366_utt13.wav,366,13,fear,Chandler
dia366_utt14.wav,366,14,neutral,Phoebe
dia366_utt15.wav,366,15,surprise,Chandler
dia366_utt16.wav,366,16,neutral,Phoebe
dia366_utt17.wav,366,17,neutral,Chandler
dia366_utt18.wav,366,18,neutral,Phoebe
dia367_utt0.wav,367,0,anger,Chandler
dia367_utt1.wav,367,1,neutral,Joey
dia367_utt2.wav,367,2,joy,Chandler
dia367_utt3.wav,367,3,neutral,Chandler
dia367_utt4.wav,367,4,neutral,Chandler
dia367_utt5.wav,367,5,surprise,Joey
dia367_utt6.wav,367,6,surprise,Chandler
dia367_utt7.wav,367,7,neutral,Joey
dia367_utt8.wav,367,8,joy,Chandler
dia367_utt9.wav,367,9,surprise,Joey
dia367_utt10.wav,367,10,neutral,Chandler
dia367_utt11.wav,367,11,surprise,Joey
dia367_utt12.wav,367,12,neutral,Chandler
dia367_utt13.wav,367,13,neutral,Chandler
dia367_utt14.wav,367,14,neutral,Chandler
dia367_utt15.wav,367,15,surprise,Chandler
dia368_utt0.wav,368,0,sadness,Ross
dia368_utt1.wav,368,1,joy,Ross
dia369_utt0.wav,369,0,neutral,Ross
dia370_utt0.wav,370,0,neutral,Sarah
dia370_utt1.wav,370,1,joy,Ross
dia370_utt2.wav,370,2,neutral,Chandler
dia370_utt3.wav,370,3,surprise,Ross
dia371_utt0.wav,371,0,neutral,Joey
dia371_utt1.wav,371,1,neutral,Monica
dia371_utt2.wav,371,2,neutral,Joey
dia371_utt3.wav,371,3,neutral,Monica
dia371_utt4.wav,371,4,neutral,Joey
dia371_utt5.wav,371,5,neutral,Monica
dia371_utt6.wav,371,6,surprise,Joey
dia371_utt7.wav,371,7,neutral,Monica
dia371_utt8.wav,371,8,neutral,Joey
dia371_utt9.wav,371,9,neutral,Monica
dia371_utt10.wav,371,10,surprise,Joey
dia371_utt11.wav,371,11,sadness,Monica
dia372_utt0.wav,372,0,neutral,Roger
dia372_utt1.wav,372,1,joy,Phoebe
dia372_utt2.wav,372,2,joy,Roger
dia372_utt3.wav,372,3,sadness,Phoebe
dia372_utt4.wav,372,4,sadness,Phoebe
dia372_utt5.wav,372,5,sadness,Phoebe
dia372_utt6.wav,372,6,sadness,Phoebe
dia372_utt7.wav,372,7,surprise,Roger
dia372_utt8.wav,372,8,joy,Phoebe
dia372_utt9.wav,372,9,sadness,Phoebe
dia372_utt10.wav,372,10,joy,Phoebe
dia372_utt11.wav,372,11,neutral,Roger
dia372_utt12.wav,372,12,neutral,Phoebe
dia373_utt1.wav,373,1,neutral,Chandler
dia373_utt3.wav,373,3,neutral,Chandler
dia373_utt4.wav,373,4,joy,Joey
dia374_utt0.wav,374,0,joy,Monica
dia374_utt1.wav,374,1,surprise,Chandler
dia374_utt2.wav,374,2,surprise,Monica
dia374_utt3.wav,374,3,neutral,Front Desk Clerk
dia374_utt4.wav,374,4,anger,Monica
dia374_utt5.wav,374,5,surprise,Man
dia374_utt6.wav,374,6,neutral,Chandler
dia374_utt7.wav,374,7,anger,Monica
dia374_utt8.wav,374,8,anger,Monica
dia374_utt9.wav,374,9,anger,Monica
dia374_utt10.wav,374,10,neutral,Woman
dia374_utt11.wav,374,11,neutral,Woman
dia374_utt12.wav,374,12,anger,Woman
dia374_utt13.wav,374,13,anger,Woman
dia374_utt14.wav,374,14,joy,Woman
dia374_utt15.wav,374,15,neutral,Chandler
dia375_utt0.wav,375,0,joy,Mr. Zelner
dia375_utt1.wav,375,1,neutral,Rachel
dia375_utt2.wav,375,2,joy,Rachel
dia375_utt3.wav,375,3,joy,Rachel
dia375_utt4.wav,375,4,fear,Rachel
dia376_utt0.wav,376,0,joy,Joey
dia376_utt1.wav,376,1,joy,Phoebe
dia376_utt2.wav,376,2,joy,Joey
dia376_utt3.wav,376,3,fear,Phoebe
dia377_utt0.wav,377,0,neutral,Ross
dia377_utt1.wav,377,1,neutral,Ross
dia377_utt2.wav,377,2,neutral,Ross
dia377_utt3.wav,377,3,neutral,Student
dia377_utt4.wav,377,4,surprise,Ross
dia377_utt5.wav,377,5,neutral,Student
dia377_utt6.wav,377,6,anger,Ross
dia378_utt0.wav,378,0,neutral,Phoebe
dia378_utt1.wav,378,1,neutral,Jason
dia378_utt2.wav,378,2,neutral,Jason
dia379_utt0.wav,379,0,surprise,Mark
dia379_utt1.wav,379,1,sadness,Rachel
dia379_utt2.wav,379,2,sadness,Mark
dia379_utt3.wav,379,3,sadness,Rachel
dia379_utt4.wav,379,4,sadness,Rachel
dia379_utt5.wav,379,5,sadness,Rachel
dia379_utt6.wav,379,6,surprise,Mark
dia379_utt7.wav,379,7,sadness,Joey
dia379_utt8.wav,379,8,neutral,Mark
dia379_utt9.wav,379,9,neutral,Mark
dia379_utt10.wav,379,10,surprise,Mark
dia380_utt0.wav,380,0,neutral,Mark
dia380_utt1.wav,380,1,anger,Mark
dia380_utt2.wav,380,2,sadness,Rachel
dia380_utt3.wav,380,3,neutral,Mark
dia380_utt4.wav,380,4,joy,Rachel
dia381_utt0.wav,381,0,neutral,Mark
dia382_utt0.wav,382,0,joy,Joey
dia382_utt1.wav,382,1,neutral,Rachel
dia382_utt2.wav,382,2,joy,Joey
dia383_utt0.wav,383,0,neutral,Chandler
dia383_utt1.wav,383,1,disgust,Joey
dia383_utt2.wav,383,2,joy,Joey
dia383_utt3.wav,383,3,anger,Joey
dia383_utt4.wav,383,4,fear,Rachel
dia383_utt5.wav,383,5,neutral,Joey
dia383_utt6.wav,383,6,neutral,Rachel
dia383_utt7.wav,383,7,neutral,Joey
dia383_utt8.wav,383,8,neutral,Joey
dia383_utt9.wav,383,9,neutral,Joey
dia383_utt10.wav,383,10,neutral,Joey
dia383_utt11.wav,383,11,surprise,Joey
dia384_utt0.wav,384,0,neutral,Phoebe
dia384_utt1.wav,384,1,surprise,Guy
dia384_utt2.wav,384,2,neutral,Phoebe
dia384_utt3.wav,384,3,neutral,Jim
dia384_utt4.wav,384,4,joy,Phoebe
dia385_utt0.wav,385,0,anger,Phoebe
dia385_utt1.wav,385,1,joy,Ross
dia385_utt2.wav,385,2,sadness,Phoebe
dia385_utt3.wav,385,3,sadness,Ross
dia385_utt4.wav,385,4,neutral,Ross
dia385_utt5.wav,385,5,neutral,Phoebe
dia386_utt0.wav,386,0,joy,Ross
dia387_utt0.wav,387,0,sadness,Phoebe
dia387_utt1.wav,387,1,joy,Monica
dia387_utt2.wav,387,2,sadness,Ross
dia387_utt3.wav,387,3,joy,Joey
dia387_utt4.wav,387,4,sadness,Joey
dia388_utt0.wav,388,0,joy,Monica
dia388_utt1.wav,388,1,neutral,Joey
dia388_utt2.wav,388,2,neutral,Joey
dia388_utt3.wav,388,3,surprise,Monica
dia388_utt4.wav,388,4,disgust,Joey
dia388_utt5.wav,388,5,anger,Monica
dia388_utt6.wav,388,6,disgust,Joey
dia388_utt7.wav,388,7,fear,Monica
dia388_utt8.wav,388,8,neutral,Joey
dia388_utt9.wav,388,9,disgust,Monica
dia388_utt10.wav,388,10,surprise,Joey
dia388_utt11.wav,388,11,surprise,Joey
dia388_utt12.wav,388,12,joy,Joey
dia388_utt13.wav,388,13,neutral,Joey
dia388_utt14.wav,388,14,anger,Monica
dia388_utt15.wav,388,15,neutral,Joey
dia388_utt16.wav,388,16,anger,Monica
dia389_utt0.wav,389,0,neutral,Phoebe
dia389_utt1.wav,389,1,anger,Monica
dia389_utt2.wav,389,2,joy,All
dia389_utt3.wav,389,3,neutral,Joey
dia389_utt4.wav,389,4,surprise,Phoebe
dia389_utt5.wav,389,5,neutral,Joey
dia389_utt6.wav,389,6,joy,Phoebe
dia389_utt7.wav,389,7,neutral,Joey
dia389_utt8.wav,389,8,surprise,Monica
dia389_utt9.wav,389,9,neutral,Rachel
dia389_utt10.wav,389,10,neutral,Phoebe
dia389_utt11.wav,389,11,joy,Rachel
dia389_utt12.wav,389,12,joy,Chandler
dia390_utt0.wav,390,0,surprise,Rachel
dia390_utt1.wav,390,1,joy,Joey
dia390_utt2.wav,390,2,surprise,Joey
dia391_utt0.wav,391,0,neutral,Phoebe
dia392_utt0.wav,392,0,joy,Joey
dia392_utt1.wav,392,1,joy,Phoebe
dia392_utt2.wav,392,2,joy,Phoebe
dia392_utt3.wav,392,3,joy,Phoebe
dia392_utt4.wav,392,4,joy,Phoebe
dia392_utt5.wav,392,5,neutral,Phoebe
dia392_utt6.wav,392,6,joy,Phoebe
dia392_utt7.wav,392,7,neutral,Joey
dia392_utt8.wav,392,8,joy,Phoebe
dia392_utt9.wav,392,9,joy,Joey
dia392_utt10.wav,392,10,surprise,Phoebe
dia392_utt11.wav,392,11,neutral,Joey
dia392_utt12.wav,392,12,joy,Phoebe
dia393_utt0.wav,393,0,neutral,Joey
dia393_utt1.wav,393,1,neutral,Ross
dia393_utt2.wav,393,2,neutral,Emily
dia393_utt3.wav,393,3,surprise,Liam
dia393_utt4.wav,393,4,joy,Emily
dia393_utt5.wav,393,5,joy,Liam
dia393_utt6.wav,393,6,anger,Liam
dia393_utt7.wav,393,7,joy,Ross
dia394_utt0.wav,394,0,anger,Monica
dia394_utt1.wav,394,1,neutral,Mrs. Geller
dia395_utt0.wav,395,0,anger,Joey
dia395_utt1.wav,395,1,neutral,Ross
dia395_utt2.wav,395,2,anger,Joey
dia395_utt3.wav,395,3,joy,Ross
dia395_utt4.wav,395,4,anger,Joey
dia395_utt5.wav,395,5,anger,Ross
dia395_utt6.wav,395,6,anger,Joey
dia395_utt7.wav,395,7,neutral,Ross
dia395_utt8.wav,395,8,neutral,Joey
dia396_utt0.wav,396,0,disgust,Ross
dia397_utt0.wav,397,0,anger,Joey
dia397_utt1.wav,397,1,neutral,Ross
dia397_utt2.wav,397,2,neutral,Joey
dia398_utt0.wav,398,0,neutral,Phoebe
dia398_utt1.wav,398,1,neutral,Rachel
dia398_utt2.wav,398,2,anger,Phoebe
dia398_utt3.wav,398,3,sadness,Rachel
dia398_utt4.wav,398,4,surprise,Phoebe
dia398_utt5.wav,398,5,neutral,Rachel
dia398_utt6.wav,398,6,sadness,Phoebe
dia398_utt7.wav,398,7,surprise,Phoebe
dia398_utt8.wav,398,8,sadness,Rachel
dia398_utt9.wav,398,9,disgust,Phoebe
dia398_utt10.wav,398,10,disgust,Rachel
dia398_utt11.wav,398,11,disgust,Phoebe
dia398_utt12.wav,398,12,disgust,Rachel
dia398_utt13.wav,398,13,neutral,Phoebe
dia399_utt0.wav,399,0,disgust,Rachel
dia400_utt0.wav,400,0,anger,Phoebe
dia400_utt1.wav,400,1,anger,Rachel
dia400_utt2.wav,400,2,sadness,Phoebe
dia400_utt3.wav,400,3,neutral,Rachel
dia400_utt4.wav,400,4,neutral,Phoebe
dia400_utt5.wav,400,5,joy,Rachel
dia400_utt6.wav,400,6,surprise,Phoebe
dia400_utt7.wav,400,7,neutral,Rachel
dia400_utt8.wav,400,8,sadness,Rachel
dia401_utt0.wav,401,0,neutral,Phoebe Sr
dia401_utt1.wav,401,1,neutral,Phoebe Sr
dia401_utt2.wav,401,2,neutral,Phoebe Sr
dia401_utt3.wav,401,3,neutral,Phoebe
dia401_utt4.wav,401,4,neutral,Phoebe Sr
dia401_utt5.wav,401,5,neutral,Phoebe
dia401_utt6.wav,401,6,neutral,Phoebe Sr
dia401_utt7.wav,401,7,joy,Phoebe
dia401_utt8.wav,401,8,surprise,Phoebe Sr
dia401_utt9.wav,401,9,neutral,Phoebe
dia401_utt10.wav,401,10,surprise,Phoebe Sr
dia401_utt11.wav,401,11,sadness,Phoebe
dia401_utt12.wav,401,12,surprise,Phoebe Sr
dia402_utt0.wav,402,0,neutral,Chandler
dia402_utt1.wav,402,1,neutral,Joey
dia403_utt0.wav,403,0,neutral,Chandler
dia404_utt0.wav,404,0,joy,Joey
dia404_utt1.wav,404,1,joy,Chandler
dia404_utt2.wav,404,2,neutral,Joey
dia404_utt3.wav,404,3,sadness,Chandler
dia404_utt4.wav,404,4,sadness,Joey
dia404_utt5.wav,404,5,neutral,Chandler
dia404_utt6.wav,404,6,neutral,Joey
dia404_utt7.wav,404,7,anger,Joey
dia404_utt8.wav,404,8,sadness,Joey
dia404_utt9.wav,404,9,joy,Joey
dia404_utt10.wav,404,10,joy,Chandler
dia404_utt11.wav,404,11,surprise,Joey
dia404_utt12.wav,404,12,neutral,Joey
dia404_utt13.wav,404,13,neutral,Joey
dia404_utt14.wav,404,14,neutral,Joey
dia404_utt15.wav,404,15,neutral,Joey
dia404_utt17.wav,404,17,neutral,Joey
dia404_utt18.wav,404,18,neutral,Chandler
dia404_utt19.wav,404,19,neutral,Joey
dia405_utt0.wav,405,0,neutral,Chandler
dia405_utt1.wav,405,1,anger,Chandler
dia405_utt2.wav,405,2,anger,Chandler
dia405_utt3.wav,405,3,anger,Chandler
dia405_utt4.wav,405,4,anger,Chandler
dia405_utt5.wav,405,5,surprise,Chandler
dia405_utt6.wav,405,6,neutral,Chandler
dia406_utt0.wav,406,0,joy,Ross
dia406_utt1.wav,406,1,joy,Joey
dia406_utt2.wav,406,2,joy,Chandler
dia406_utt3.wav,406,3,joy,Rachel
dia407_utt0.wav,407,0,anger,Joey
dia407_utt1.wav,407,1,sadness,Phoebe
dia407_utt2.wav,407,2,neutral,Joey
dia407_utt3.wav,407,3,surprise,Phoebe
dia407_utt4.wav,407,4,neutral,Stage Director
dia407_utt5.wav,407,5,neutral,Joey
dia407_utt6.wav,407,6,anger,PBS Volunteer
dia407_utt7.wav,407,7,anger,Joey
dia407_utt8.wav,407,8,neutral,PBS Volunteer
dia407_utt9.wav,407,9,neutral,Stage Director
dia407_utt10.wav,407,10,neutral,Gary Collins
dia408_utt0.wav,408,0,neutral,Rachel
dia408_utt1.wav,408,1,neutral,Phoebe
dia408_utt2.wav,408,2,neutral,Rachel
dia408_utt3.wav,408,3,neutral,Rachel
dia408_utt4.wav,408,4,neutral,Phoebe
dia409_utt0.wav,409,0,neutral,Chandler
dia409_utt1.wav,409,1,neutral,Rachel
dia409_utt2.wav,409,2,neutral,Chandler
dia409_utt3.wav,409,3,joy,Chandler
dia409_utt4.wav,409,4,neutral,All
dia409_utt5.wav,409,5,neutral,Joey
dia409_utt6.wav,409,6,neutral,Ross
dia409_utt7.wav,409,7,surprise,Chandler
dia409_utt8.wav,409,8,surprise,Emily
dia409_utt9.wav,409,9,neutral,Ross
dia409_utt10.wav,409,10,surprise,Emily
dia410_utt0.wav,410,0,disgust,Carl
dia410_utt1.wav,410,1,surprise,Ross
dia410_utt2.wav,410,2,anger,Rachel
dia410_utt3.wav,410,3,joy,Ross
dia410_utt4.wav,410,4,neutral,Ross
dia410_utt5.wav,410,5,neutral,Rachel
dia410_utt6.wav,410,6,surprise,Ross
dia410_utt7.wav,410,7,neutral,Rachel
dia410_utt8.wav,410,8,neutral,Carl
dia410_utt9.wav,410,9,neutral,Ross
dia410_utt10.wav,410,10,sadness,Rachel
dia410_utt11.wav,410,11,neutral,Ross
dia410_utt12.wav,410,12,neutral,Ross
dia410_utt13.wav,410,13,neutral,Ross
dia410_utt14.wav,410,14,neutral,Ross
dia410_utt15.wav,410,15,joy,Rachel
dia410_utt16.wav,410,16,neutral,Ross
dia410_utt17.wav,410,17,fear,Rachel
dia410_utt18.wav,410,18,sadness,Rachel
dia411_utt0.wav,411,0,neutral,Ross
dia411_utt1.wav,411,1,fear,Phoebe
dia411_utt2.wav,411,2,neutral,Ross
dia411_utt3.wav,411,3,joy,Phoebe
dia411_utt4.wav,411,4,neutral,Ross
dia412_utt0.wav,412,0,anger,Phoebe
dia412_utt1.wav,412,1,neutral,Ross
dia412_utt2.wav,412,2,neutral,Chandler
dia412_utt3.wav,412,3,neutral,Ross
dia412_utt4.wav,412,4,sadness,Joey
dia412_utt5.wav,412,5,neutral,Ross
dia412_utt6.wav,412,6,neutral,Chandler
dia412_utt7.wav,412,7,surprise,Phoebe
dia412_utt8.wav,412,8,joy,Rachel
dia412_utt9.wav,412,9,neutral,Chandler
dia412_utt10.wav,412,10,disgust,Phoebe and Rachel
dia412_utt11.wav,412,11,surprise,Chandler
dia412_utt12.wav,412,12,neutral,Joey
dia412_utt13.wav,412,13,neutral,Chandler
dia412_utt14.wav,412,14,anger,Joey
dia412_utt15.wav,412,15,neutral,Chandler
dia412_utt16.wav,412,16,surprise,Joey
dia413_utt0.wav,413,0,neutral,Joey
dia413_utt1.wav,413,1,neutral,Joey
dia413_utt2.wav,413,2,neutral,Joey
dia413_utt3.wav,413,3,neutral,Monica
dia413_utt4.wav,413,4,neutral,Joey
dia414_utt0.wav,414,0,neutral,Joey
dia414_utt1.wav,414,1,neutral,Chandler
dia414_utt2.wav,414,2,neutral,Monica
dia414_utt3.wav,414,3,surprise,Joey
dia414_utt4.wav,414,4,neutral,Chandler
dia414_utt6.wav,414,6,neutral,Chandler
dia414_utt7.wav,414,7,joy,Monica
dia414_utt8.wav,414,8,joy,Joey
dia414_utt9.wav,414,9,neutral,Monica
dia414_utt10.wav,414,10,neutral,Joey
dia414_utt11.wav,414,11,neutral,Monica
dia415_utt0.wav,415,0,disgust,Ross
dia415_utt1.wav,415,1,neutral,Joey
dia415_utt2.wav,415,2,neutral,Joey
dia415_utt3.wav,415,3,neutral,Joey
dia415_utt4.wav,415,4,neutral,Joey
dia415_utt5.wav,415,5,neutral,Ross
dia415_utt6.wav,415,6,neutral,Joey
dia415_utt7.wav,415,7,neutral,Ross
dia415_utt8.wav,415,8,neutral,Joey
dia415_utt9.wav,415,9,disgust,Ross
dia415_utt10.wav,415,10,surprise,Joey
dia416_utt0.wav,416,0,surprise,Rachel
dia416_utt1.wav,416,1,surprise,Phoebe
dia416_utt2.wav,416,2,neutral,Chandler
dia416_utt4.wav,416,4,disgust,Chandler
dia417_utt0.wav,417,0,neutral,Rachel
dia418_utt0.wav,418,0,neutral,Joey
dia418_utt1.wav,418,1,surprise,Man
dia418_utt2.wav,418,2,neutral,Joey
dia418_utt3.wav,418,3,neutral,Joey
dia418_utt4.wav,418,4,surprise,Man
dia418_utt5.wav,418,5,neutral,Joey
dia418_utt6.wav,418,6,neutral,Man
dia418_utt7.wav,418,7,neutral,Joey
dia418_utt8.wav,418,8,neutral,Cliff
dia418_utt9.wav,418,9,neutral,Joey
dia418_utt10.wav,418,10,anger,Cliff
dia418_utt11.wav,418,11,neutral,Joey
dia418_utt12.wav,418,12,neutral,Cliff
dia418_utt13.wav,418,13,neutral,Joey
dia418_utt14.wav,418,14,neutral,Cliff
dia418_utt15.wav,418,15,surprise,Joey
dia418_utt16.wav,418,16,surprise,Cliff
dia418_utt17.wav,418,17,neutral,Joey
dia418_utt18.wav,418,18,sadness,Cliff
dia418_utt19.wav,418,19,sadness,Joey
dia418_utt20.wav,418,20,neutral,Cliff
dia418_utt21.wav,418,21,neutral,Joey
dia418_utt22.wav,418,22,neutral,Cliff
dia419_utt0.wav,419,0,neutral,Ross
dia420_utt0.wav,420,0,joy,Phoebe
dia420_utt1.wav,420,1,joy,Rachel
dia420_utt2.wav,420,2,joy,Phoebe
dia420_utt3.wav,420,3,neutral,Rachel
dia420_utt4.wav,420,4,disgust,Phoebe
dia420_utt5.wav,420,5,neutral,Joey
dia420_utt6.wav,420,6,neutral,Phoebe
dia420_utt7.wav,420,7,neutral,Monica
dia421_utt0.wav,421,0,neutral,Joey
dia421_utt1.wav,421,1,neutral,Joey
dia421_utt2.wav,421,2,neutral,Joey
dia421_utt3.wav,421,3,fear,Joey
dia421_utt4.wav,421,4,fear,Joey
dia421_utt5.wav,421,5,fear,Joey
dia421_utt6.wav,421,6,neutral,Rachel
dia421_utt7.wav,421,7,fear,Joey
dia421_utt8.wav,421,8,neutral,Rachel
dia422_utt0.wav,422,0,neutral,Chandler
dia422_utt1.wav,422,1,neutral,Phoebe
dia422_utt2.wav,422,2,neutral,Chandler
dia422_utt3.wav,422,3,neutral,Phoebe
dia422_utt4.wav,422,4,neutral,Chandler
dia422_utt5.wav,422,5,neutral,Phoebe
dia422_utt6.wav,422,6,surprise,Chandler
dia422_utt7.wav,422,7,neutral,Phoebe
dia423_utt0.wav,423,0,neutral,Monica
dia423_utt1.wav,423,1,neutral,Monica
dia423_utt2.wav,423,2,neutral,Monica
dia423_utt3.wav,423,3,neutral,Monica
dia423_utt4.wav,423,4,neutral,Monica
dia423_utt5.wav,423,5,surprise,Monica
dia423_utt6.wav,423,6,anger,Monica
dia423_utt7.wav,423,7,anger,Monica
dia423_utt8.wav,423,8,neutral,Chandler
dia423_utt9.wav,423,9,joy,Joey
dia423_utt10.wav,423,10,joy,Chandler
dia424_utt0.wav,424,0,joy,Ross
dia424_utt1.wav,424,1,surprise,Chandler
dia424_utt2.wav,424,2,neutral,Ross
dia424_utt3.wav,424,3,neutral,Ross
dia424_utt4.wav,424,4,neutral,Ross
dia424_utt5.wav,424,5,neutral,Ross
dia424_utt6.wav,424,6,neutral,Ross
dia424_utt7.wav,424,7,neutral,Ross
dia424_utt8.wav,424,8,neutral,Phoebe
dia424_utt9.wav,424,9,neutral,Ross
dia424_utt10.wav,424,10,neutral,Ross
dia424_utt11.wav,424,11,neutral,Ross
dia424_utt12.wav,424,12,anger,Ross
dia424_utt14.wav,424,14,joy,Ross
dia424_utt15.wav,424,15,joy,Phoebe
dia424_utt16.wav,424,16,joy,Joey
dia425_utt0.wav,425,0,neutral,Phoebe
dia425_utt1.wav,425,1,neutral,Rachel
dia425_utt2.wav,425,2,sadness,Rachel
dia425_utt3.wav,425,3,surprise,Phoebe
dia425_utt4.wav,425,4,surprise,Rachel
dia425_utt5.wav,425,5,surprise,Phoebe
dia426_utt0.wav,426,0,neutral,Phoebe
dia426_utt1.wav,426,1,sadness,Phoebe
dia426_utt2.wav,426,2,anger,Phoebe
dia426_utt3.wav,426,3,neutral,Phoebe
dia426_utt4.wav,426,4,neutral,Phoebe
dia426_utt5.wav,426,5,neutral,Phoebe
dia426_utt6.wav,426,6,neutral,Phoebe
dia426_utt7.wav,426,7,sadness,Phoebe
dia427_utt0.wav,427,0,sadness,Monica
dia427_utt1.wav,427,1,neutral,Joey
dia428_utt0.wav,428,0,neutral,Chandler
dia428_utt1.wav,428,1,anger,Phoebe
dia428_utt2.wav,428,2,joy,Chandler
dia428_utt3.wav,428,3,surprise,Monica
dia428_utt4.wav,428,4,anger,Chandler
dia428_utt5.wav,428,5,neutral,The Cigarette Guy
dia428_utt6.wav,428,6,anger,Rachel
dia428_utt7.wav,428,7,surprise,Chandler
dia428_utt8.wav,428,8,sadness,Chandler
dia429_utt0.wav,429,0,neutral,Joey
dia429_utt1.wav,429,1,neutral,Chandler
dia429_utt2.wav,429,2,neutral,Chandler
dia429_utt3.wav,429,3,neutral,Chandler
dia429_utt4.wav,429,4,joy,Lorraine
dia429_utt5.wav,429,5,neutral,Chandler
dia429_utt6.wav,429,6,neutral,Lorraine
dia429_utt7.wav,429,7,neutral,Lorraine
dia429_utt8.wav,429,8,neutral,Lorraine
dia429_utt9.wav,429,9,surprise,Chandler
dia429_utt10.wav,429,10,surprise,Janice
dia429_utt11.wav,429,11,neutral,Chandler
dia430_utt0.wav,430,0,anger,Ross
dia430_utt1.wav,430,1,neutral,Phoebe
dia430_utt2.wav,430,2,sadness,Rachel
dia430_utt3.wav,430,3,anger,Phoebe
dia430_utt4.wav,430,4,surprise,Rachel
dia430_utt5.wav,430,5,neutral,Phoebe
dia430_utt6.wav,430,6,neutral,Rachel
dia430_utt7.wav,430,7,surprise,Phoebe
dia430_utt8.wav,430,8,anger,Joey
dia431_utt0.wav,431,0,joy,All
dia431_utt1.wav,431,1,neutral,Joey
dia431_utt2.wav,431,2,neutral,Phoebe
dia431_utt3.wav,431,3,neutral,Joey
dia431_utt4.wav,431,4,neutral,Phoebe
dia431_utt5.wav,431,5,joy,Joey
dia431_utt6.wav,431,6,anger,Phoebe
dia431_utt7.wav,431,7,joy,Monica
dia431_utt8.wav,431,8,joy,Joey
dia431_utt9.wav,431,9,disgust,Phoebe
dia431_utt10.wav,431,10,surprise,Phoebe
dia431_utt11.wav,431,11,anger,Phoebe
dia431_utt12.wav,431,12,anger,Phoebe
dia431_utt13.wav,431,13,anger,Phoebe
dia431_utt14.wav,431,14,anger,Chandler
dia431_utt15.wav,431,15,surprise,Rachel
dia431_utt16.wav,431,16,anger,Rachel
dia431_utt17.wav,431,17,sadness,Chandler
dia431_utt18.wav,431,18,disgust,Phoebe
dia431_utt19.wav,431,19,disgust,Monica
dia432_utt0.wav,432,0,neutral,Phoebe
dia433_utt0.wav,433,0,neutral,Ross
dia433_utt1.wav,433,1,neutral,Rachel
dia434_utt0.wav,434,0,sadness,Rachel
dia434_utt1.wav,434,1,sadness,Rachel
dia434_utt2.wav,434,2,sadness,Rachel
dia434_utt3.wav,434,3,neutral,Ross
dia434_utt4.wav,434,4,neutral,Ross
dia434_utt5.wav,434,5,neutral,Ross
dia434_utt6.wav,434,6,joy,Ross
dia434_utt7.wav,434,7,joy,Ross
dia434_utt8.wav,434,8,neutral,Rachel
dia434_utt9.wav,434,9,neutral,Ross
dia434_utt10.wav,434,10,sadness,Rachel
dia434_utt11.wav,434,11,neutral,Ross
dia434_utt12.wav,434,12,neutral,Rachel
dia434_utt13.wav,434,13,neutral,Ross
dia434_utt14.wav,434,14,neutral,Rachel
dia435_utt0.wav,435,0,neutral,Mrs. Geller
dia435_utt1.wav,435,1,joy,Ross
dia435_utt2.wav,435,2,joy,Rachel
dia435_utt3.wav,435,3,surprise,Mrs. Geller
dia435_utt4.wav,435,4,surprise,Mr. Geller
dia435_utt5.wav,435,5,neutral,Ross
dia435_utt6.wav,435,6,joy,an
dia435_utt7.wav,435,7,joy,Rachel
dia435_utt8.wav,435,8,joy,an
dia435_utt9.wav,435,9,surprise,Ross
dia436_utt0.wav,436,0,joy,Joey
dia436_utt1.wav,436,1,disgust,Joey
dia436_utt2.wav,436,2,anger,Joey
dia436_utt3.wav,436,3,disgust,Joey
dia436_utt4.wav,436,4,neutral,Rachel
dia436_utt5.wav,436,5,surprise,Joey
dia437_utt0.wav,437,0,anger,Chandler
dia437_utt1.wav,437,1,surprise,Phoebe
dia437_utt2.wav,437,2,neutral,Joey
dia438_utt0.wav,438,0,anger,Monica
dia438_utt1.wav,438,1,neutral,Richard
dia438_utt2.wav,438,2,neutral,Richards Date
dia438_utt3.wav,438,3,surprise,Monica
dia438_utt4.wav,438,4,neutral,Richard
dia438_utt5.wav,438,5,neutral,Richard
dia438_utt7.wav,438,7,neutral,Richard
dia438_utt8.wav,438,8,neutral,Richards Date
dia438_utt9.wav,438,9,joy,Joey
dia438_utt10.wav,438,10,sadness,Richards Date
dia438_utt11.wav,438,11,neutral,Richard
dia438_utt12.wav,438,12,joy,Monica
dia438_utt13.wav,438,13,neutral,Richard
dia438_utt14.wav,438,14,neutral,Monica
dia438_utt15.wav,438,15,neutral,Richard
dia439_utt0.wav,439,0,neutral,Frank
dia439_utt1.wav,439,1,disgust,Phoebe
dia439_utt2.wav,439,2,neutral,Phoebe
dia439_utt3.wav,439,3,joy,Phoebe
dia439_utt4.wav,439,4,surprise,Phoebe
dia439_utt5.wav,439,5,joy,Phoebe
dia439_utt6.wav,439,6,neutral,Frank
dia440_utt0.wav,440,0,neutral,Phoebe
dia440_utt1.wav,440,1,neutral,Monica
dia440_utt2.wav,440,2,joy,Phoebe
dia440_utt3.wav,440,3,neutral,Rachel
dia440_utt4.wav,440,4,neutral,Monica
dia440_utt5.wav,440,5,neutral,Phoebe
dia440_utt6.wav,440,6,neutral,Rachel
dia440_utt7.wav,440,7,neutral,Phoebe
dia440_utt8.wav,440,8,neutral,Monica
dia440_utt9.wav,440,9,surprise,Rachel
dia440_utt10.wav,440,10,neutral,Monica
dia440_utt11.wav,440,11,disgust,Rachel and Phoebe
dia440_utt12.wav,440,12,neutral,Rachel
dia440_utt13.wav,440,13,neutral,Monica
dia441_utt0.wav,441,0,neutral,Ross
dia441_utt1.wav,441,1,sadness,Mona
dia441_utt2.wav,441,2,neutral,Mona's Date
dia441_utt3.wav,441,3,joy,Mona
dia441_utt4.wav,441,4,neutral,Mona
dia441_utt5.wav,441,5,neutral,Mona
dia441_utt6.wav,441,6,neutral,Mona
dia441_utt7.wav,441,7,sadness,Mona's Date
dia441_utt8.wav,441,8,neutral,Mona
dia441_utt9.wav,441,9,neutral,Mona's Date
dia442_utt0.wav,442,0,joy,Joey
dia442_utt1.wav,442,1,neutral,Ross
dia442_utt2.wav,442,2,neutral,Chandler
dia442_utt3.wav,442,3,neutral,Ross
dia442_utt4.wav,442,4,disgust,Chandler
dia442_utt5.wav,442,5,surprise,Joey
dia443_utt0.wav,443,0,joy,Monica
dia443_utt1.wav,443,1,neutral,Rachel
dia443_utt2.wav,443,2,neutral,Monica
dia443_utt3.wav,443,3,neutral,Rachel
dia443_utt4.wav,443,4,neutral,Phoebe
dia443_utt5.wav,443,5,neutral,Rachel
dia443_utt6.wav,443,6,neutral,Phoebe
dia443_utt7.wav,443,7,surprise,Phoebe
dia444_utt0.wav,444,0,surprise,Lydia
dia444_utt1.wav,444,1,neutral,Guy
dia444_utt2.wav,444,2,neutral,Lydia
dia444_utt3.wav,444,3,neutral,Guy
dia444_utt4.wav,444,4,neutral,Lydia
dia444_utt5.wav,444,5,neutral,Guy
dia444_utt6.wav,444,6,neutral,Lydia
dia445_utt0.wav,445,0,neutral,Phoebe
dia445_utt1.wav,445,1,surprise,Rachel
dia445_utt2.wav,445,2,sadness,Phoebe
dia445_utt3.wav,445,3,fear,Rachel
dia445_utt4.wav,445,4,neutral,Dr. Green
dia445_utt5.wav,445,5,surprise,Rachel
dia445_utt6.wav,445,6,neutral,Dr. Green
dia445_utt7.wav,445,7,surprise,Rachel
dia445_utt8.wav,445,8,joy,Dr. Green
dia445_utt9.wav,445,9,sadness,Rachel
dia445_utt10.wav,445,10,sadness,Rachel
dia445_utt11.wav,445,11,neutral,Dr. Green
dia445_utt12.wav,445,12,fear,Rachel
dia445_utt13.wav,445,13,anger,Dr. Green
dia445_utt14.wav,445,14,anger,Dr. Green
dia445_utt15.wav,445,15,anger,Dr. Green
dia445_utt16.wav,445,16,anger,Dr. Green
dia445_utt17.wav,445,17,anger,Dr. Green
dia445_utt18.wav,445,18,anger,Dr. Green
dia445_utt19.wav,445,19,anger,Dr. Green
dia445_utt20.wav,445,20,sadness,Rachel
dia446_utt0.wav,446,0,surprise,Phoebe
dia446_utt1.wav,446,1,surprise,Chandler
dia446_utt2.wav,446,2,neutral,Phoebe
dia446_utt3.wav,446,3,neutral,Pete
dia446_utt4.wav,446,4,neutral,Phoebe
dia446_utt5.wav,446,5,neutral,Joey
dia446_utt6.wav,446,6,neutral,Chandler
dia446_utt7.wav,446,7,neutral,Joey
dia446_utt8.wav,446,8,neutral,Pete
dia446_utt9.wav,446,9,neutral,All
dia446_utt10.wav,446,10,surprise,Chandler
dia446_utt11.wav,446,11,neutral,Pete
dia446_utt12.wav,446,12,joy,Monica
dia446_utt13.wav,446,13,joy,Monica
dia446_utt14.wav,446,14,anger,Monica
dia446_utt15.wav,446,15,sadness,Monica
dia446_utt16.wav,446,16,sadness,Monica
dia446_utt17.wav,446,17,sadness,Monica
dia446_utt18.wav,446,18,sadness,Monica
dia446_utt19.wav,446,19,neutral,Ross and Joey
dia447_utt0.wav,447,0,neutral,Phoebe
dia447_utt1.wav,447,1,neutral,Joey
dia447_utt2.wav,447,2,joy,Joey
dia448_utt0.wav,448,0,neutral,Phoebe
dia448_utt1.wav,448,1,anger,Rachel
dia448_utt2.wav,448,2,anger,Rachel
dia448_utt3.wav,448,3,anger,Rachel
dia448_utt4.wav,448,4,anger,Rachel
dia448_utt5.wav,448,5,anger,Monica
dia448_utt6.wav,448,6,anger,Rachel
dia448_utt7.wav,448,7,joy,Phoebe
dia448_utt8.wav,448,8,anger,Monica
dia448_utt9.wav,448,9,anger,Rachel
dia448_utt10.wav,448,10,anger,Rachel
dia448_utt11.wav,448,11,neutral,Phoebe
dia449_utt0.wav,449,0,neutral,Ross
dia449_utt1.wav,449,1,neutral,Ross
dia449_utt2.wav,449,2,sadness,Ross
dia449_utt3.wav,449,3,sadness,Ross
dia449_utt4.wav,449,4,joy,Ross
dia449_utt5.wav,449,5,neutral,Mona
dia449_utt6.wav,449,6,surprise,Ross
dia449_utt7.wav,449,7,sadness,Mona
dia449_utt8.wav,449,8,joy,Mona
dia449_utt9.wav,449,9,sadness,Mona
dia449_utt10.wav,449,10,sadness,Mona
dia449_utt11.wav,449,11,joy,Ross
dia449_utt12.wav,449,12,sadness,Mona
dia449_utt13.wav,449,13,neutral,Ross
dia450_utt0.wav,450,0,neutral,Phoebe
dia450_utt1.wav,450,1,neutral,Ross
dia450_utt2.wav,450,2,neutral,Monica
dia450_utt3.wav,450,3,neutral,Ross
dia450_utt4.wav,450,4,neutral,Rachel
dia450_utt5.wav,450,5,surprise,Monica
dia450_utt6.wav,450,6,neutral,Rachel
dia450_utt7.wav,450,7,sadness,Phoebe
dia450_utt8.wav,450,8,surprise,Monica
dia450_utt9.wav,450,9,joy,Monica
dia450_utt10.wav,450,10,joy,Monica
dia450_utt11.wav,450,11,joy,Monica
dia450_utt12.wav,450,12,surprise,Rachel
dia450_utt13.wav,450,13,neutral,Monica
dia450_utt14.wav,450,14,neutral,Phoebe
dia450_utt15.wav,450,15,surprise,Rachel
dia450_utt16.wav,450,16,neutral,Phoebe
dia450_utt17.wav,450,17,neutral,Phoebe
dia450_utt18.wav,450,18,neutral,Phoebe
dia450_utt19.wav,450,19,surprise,Rachel
dia450_utt20.wav,450,20,neutral,Phoebe
dia450_utt21.wav,450,21,neutral,Monica
dia450_utt22.wav,450,22,neutral,Phoebe
dia450_utt23.wav,450,23,neutral,Phoebe
dia451_utt0.wav,451,0,neutral,Mike
dia451_utt1.wav,451,1,anger,Chandler
dia451_utt2.wav,451,2,joy,Monica
dia451_utt3.wav,451,3,neutral,Chandler
dia451_utt4.wav,451,4,anger,Monica
dia451_utt5.wav,451,5,neutral,Monica
dia451_utt6.wav,451,6,neutral,Monica
dia451_utt7.wav,451,7,anger,Monica
dia452_utt0.wav,452,0,neutral,Joey
dia452_utt1.wav,452,1,neutral,Rachel
dia452_utt2.wav,452,2,neutral,Joey
dia452_utt3.wav,452,3,surprise,Rachel
dia452_utt4.wav,452,4,neutral,Joey
dia453_utt0.wav,453,0,surprise,Chandler
dia453_utt1.wav,453,1,surprise,Joey
dia454_utt0.wav,454,0,neutral,Phoebe
dia454_utt1.wav,454,1,disgust,Rachel
dia454_utt2.wav,454,2,anger,Phoebe
dia455_utt0.wav,455,0,neutral,Julie
dia455_utt1.wav,455,1,neutral,Rachel
dia455_utt2.wav,455,2,neutral,Rachel
dia455_utt3.wav,455,3,neutral,Rachel
dia455_utt4.wav,455,4,neutral,Rachel
dia455_utt5.wav,455,5,fear,Julie
dia455_utt6.wav,455,6,surprise,Rachel
dia455_utt7.wav,455,7,surprise,Julie
dia455_utt8.wav,455,8,anger,Julie
dia455_utt9.wav,455,9,neutral,Rachel
dia455_utt10.wav,455,10,joy,Julie
dia455_utt11.wav,455,11,sadness,Rachel
dia455_utt12.wav,455,12,neutral,Julie
dia455_utt13.wav,455,13,joy,Rachel
dia455_utt14.wav,455,14,neutral,Julie
dia455_utt15.wav,455,15,neutral,Rachel
dia455_utt16.wav,455,16,neutral,Julie
dia455_utt17.wav,455,17,disgust,Rachel
dia456_utt0.wav,456,0,joy,Phoebe
dia456_utt1.wav,456,1,neutral,Chandler
dia456_utt2.wav,456,2,anger,Phoebe
dia456_utt3.wav,456,3,surprise,Chandler
dia456_utt4.wav,456,4,sadness,Phoebe
dia456_utt5.wav,456,5,surprise,Chandler
dia456_utt6.wav,456,6,anger,Phoebe
dia456_utt7.wav,456,7,anger,Chandler
dia456_utt8.wav,456,8,anger,Phoebe
dia456_utt9.wav,456,9,sadness,Chandler
dia456_utt10.wav,456,10,neutral,Phoebe
dia456_utt11.wav,456,11,anger,Chandler
dia457_utt0.wav,457,0,neutral,Rachel
dia457_utt1.wav,457,1,neutral,Barry
dia457_utt2.wav,457,2,anger,Rachel
dia457_utt3.wav,457,3,neutral,Bernice
dia457_utt4.wav,457,4,neutral,Barry
dia457_utt5.wav,457,5,surprise,Rachel
dia457_utt6.wav,457,6,joy,Barry
dia457_utt7.wav,457,7,sadness,Barry
dia457_utt8.wav,457,8,sadness,Barry
dia457_utt9.wav,457,9,neutral,Rachel
dia457_utt10.wav,457,10,neutral,Bobby
dia457_utt11.wav,457,11,neutral,Barry
dia457_utt12.wav,457,12,surprise,Rachel
dia457_utt13.wav,457,13,fear,Bobby
dia458_utt0.wav,458,0,surprise,Rachel
dia459_utt0.wav,459,0,neutral,Monica
dia459_utt1.wav,459,1,anger,Rachel
dia459_utt2.wav,459,2,joy,Monica
dia459_utt3.wav,459,3,anger,Rachel
dia459_utt4.wav,459,4,neutral,Dr. Miller
dia459_utt5.wav,459,5,neutral,Dr. Miller
dia459_utt6.wav,459,6,neutral,Rachel
dia459_utt7.wav,459,7,neutral,Dr. Miller
dia459_utt8.wav,459,8,neutral,Rachel
dia459_utt9.wav,459,9,neutral,Dr. Miller
dia459_utt10.wav,459,10,surprise,Rachel
dia459_utt11.wav,459,11,anger,Monica
dia460_utt0.wav,460,0,fear,Joey
dia460_utt1.wav,460,1,neutral,Phoebe
dia460_utt2.wav,460,2,fear,Joey
dia460_utt3.wav,460,3,joy,Phoebe
dia461_utt0.wav,461,0,neutral,Phoebe
dia461_utt1.wav,461,1,neutral,Chandler
dia461_utt2.wav,461,2,neutral,Robert
dia461_utt3.wav,461,3,neutral,Phoebe
dia462_utt0.wav,462,0,surprise,Chandler
dia462_utt1.wav,462,1,surprise,Joey
dia462_utt3.wav,462,3,neutral,Joey
dia462_utt5.wav,462,5,neutral,Joey
dia462_utt6.wav,462,6,surprise,Chandler
dia462_utt7.wav,462,7,neutral,Joey
dia462_utt8.wav,462,8,surprise,Chandler
dia462_utt9.wav,462,9,neutral,Joey
dia462_utt10.wav,462,10,neutral,Joey
dia463_utt0.wav,463,0,joy,Rachel
dia463_utt1.wav,463,1,anger,Chandler
dia463_utt2.wav,463,2,neutral,Rachel
dia463_utt3.wav,463,3,sadness,Chandler
dia463_utt4.wav,463,4,surprise,Rachel
dia463_utt5.wav,463,5,anger,Chandler
dia463_utt6.wav,463,6,neutral,Rachel
dia463_utt7.wav,463,7,neutral,Rachel
dia463_utt8.wav,463,8,surprise,Rachel
dia463_utt9.wav,463,9,joy,Rachel
dia463_utt10.wav,463,10,anger,Chandler
dia463_utt11.wav,463,11,neutral,Rachel
dia463_utt12.wav,463,12,neutral,Chandler
dia463_utt13.wav,463,13,neutral,Rachel
dia464_utt0.wav,464,0,neutral,Tag
dia464_utt1.wav,464,1,surprise,Rachel
dia464_utt2.wav,464,2,neutral,Tag
dia464_utt3.wav,464,3,surprise,Rachel
dia464_utt4.wav,464,4,neutral,Ross
dia464_utt5.wav,464,5,joy,Rachel
dia464_utt6.wav,464,6,joy,Chandler
dia464_utt7.wav,464,7,neutral,Rachel
dia464_utt8.wav,464,8,neutral,Joey
dia464_utt9.wav,464,9,neutral,Chandler
dia464_utt10.wav,464,10,neutral,Rachel
dia464_utt11.wav,464,11,joy,Rachel
dia464_utt12.wav,464,12,neutral,Rachel
dia464_utt13.wav,464,13,neutral,Rachel
dia464_utt14.wav,464,14,joy,Rachel
dia464_utt15.wav,464,15,surprise,Chandler
dia464_utt16.wav,464,16,joy,Rachel
dia464_utt17.wav,464,17,sadness,Chandler
dia464_utt18.wav,464,18,sadness,Rachel
dia464_utt19.wav,464,19,neutral,Rachel
dia464_utt20.wav,464,20,anger,Monica
dia465_utt0.wav,465,0,neutral,Phoebe
dia465_utt1.wav,465,1,neutral,Joey
dia465_utt2.wav,465,2,disgust,Monica
dia465_utt3.wav,465,3,sadness,Joey
dia465_utt4.wav,465,4,neutral,Monica
dia465_utt5.wav,465,5,surprise,Mr. Tribbiani
dia466_utt0.wav,466,0,surprise,Joey
dia466_utt1.wav,466,1,joy,Chandler
dia466_utt2.wav,466,2,surprise,Joey
dia466_utt3.wav,466,3,disgust,Chandler
dia466_utt4.wav,466,4,neutral,Both
dia466_utt5.wav,466,5,neutral,Receptionist
dia466_utt6.wav,466,6,joy,Chandler
dia466_utt7.wav,466,7,disgust,Ross
dia466_utt8.wav,466,8,neutral,Joey
dia466_utt9.wav,466,9,anger,Ross
dia466_utt10.wav,466,10,neutral,Chandler
dia466_utt11.wav,466,11,anger,Ross
dia466_utt12.wav,466,12,anger,Ross
dia466_utt13.wav,466,13,anger,Receptionist
dia466_utt14.wav,466,14,anger,Ross
dia466_utt15.wav,466,15,anger,Ross
dia467_utt0.wav,467,0,joy,Rachel
dia467_utt1.wav,467,1,neutral,Monica
dia467_utt2.wav,467,2,neutral,Rachel
dia468_utt0.wav,468,0,neutral,Phoebe
dia468_utt1.wav,468,1,anger,Monica
dia468_utt2.wav,468,2,surprise,Phoebe
dia468_utt3.wav,468,3,joy,Monica
dia468_utt4.wav,468,4,joy,Phoebe
dia468_utt5.wav,468,5,joy,Monica
dia468_utt6.wav,468,6,joy,Mrs. Green
dia468_utt7.wav,468,7,neutral,Monica
dia468_utt8.wav,468,8,joy,Phoebe
dia468_utt9.wav,468,9,surprise,Monica
dia469_utt0.wav,469,0,neutral,Rachel
dia469_utt1.wav,469,1,joy,Marc
dia470_utt0.wav,470,0,neutral,Julie
dia471_utt0.wav,471,0,disgust,Rachel
dia471_utt1.wav,471,1,disgust,Ross
dia471_utt2.wav,471,2,neutral,Julie
dia471_utt3.wav,471,3,neutral,Mrs. Geller
dia471_utt4.wav,471,4,joy,Ross
dia471_utt5.wav,471,5,neutral,Rachel
dia471_utt6.wav,471,6,neutral,Ross
dia472_utt1.wav,472,1,neutral,Ross
dia472_utt2.wav,472,2,fear,Rachel
dia473_utt0.wav,473,0,neutral,Monica
dia473_utt1.wav,473,1,neutral,Rachel
dia473_utt2.wav,473,2,anger,Monica
dia473_utt3.wav,473,3,fear,Phoebe
dia473_utt4.wav,473,4,neutral,Chandler
dia474_utt0.wav,474,0,joy,Monica
dia474_utt1.wav,474,1,sadness,Rachel
dia474_utt2.wav,474,2,joy,Monica
dia474_utt3.wav,474,3,sadness,Rachel
dia474_utt4.wav,474,4,neutral,Phoebe
dia474_utt5.wav,474,5,surprise,Monica
dia474_utt6.wav,474,6,neutral,Phoebe
dia474_utt7.wav,474,7,sadness,Rachel
dia474_utt8.wav,474,8,sadness,Phoebe
dia474_utt9.wav,474,9,sadness,Rachel
dia474_utt10.wav,474,10,sadness,Monica
dia474_utt11.wav,474,11,joy,Monica
dia474_utt12.wav,474,12,joy,Monica
dia474_utt13.wav,474,13,surprise,Rachel
dia474_utt14.wav,474,14,joy,Monica
dia474_utt15.wav,474,15,joy,Monica
dia474_utt16.wav,474,16,sadness,Rachel
dia474_utt17.wav,474,17,joy,Joey
dia474_utt18.wav,474,18,neutral,Rachel
dia475_utt0.wav,475,0,anger,Monica
dia475_utt1.wav,475,1,neutral,Phoebe
dia475_utt2.wav,475,2,neutral,Phoebe
dia475_utt3.wav,475,3,joy,Phoebe
dia475_utt4.wav,475,4,neutral,Monica
dia475_utt5.wav,475,5,neutral,Mike
dia475_utt6.wav,475,6,surprise,Monica
dia475_utt7.wav,475,7,joy,Chandler
dia475_utt8.wav,475,8,neutral,Monica
dia475_utt9.wav,475,9,neutral,Chandler
dia475_utt10.wav,475,10,neutral,Monica
dia475_utt11.wav,475,11,neutral,Chandler
dia475_utt12.wav,475,12,surprise,Monica
dia475_utt13.wav,475,13,surprise,Chandler
dia475_utt14.wav,475,14,surprise,Monica
dia475_utt15.wav,475,15,neutral,Phoebe
dia475_utt16.wav,475,16,neutral,Monica
dia476_utt0.wav,476,0,sadness,Ross
dia476_utt1.wav,476,1,neutral,Monica
dia476_utt2.wav,476,2,neutral,Ross
dia476_utt3.wav,476,3,surprise,Phoebe
dia476_utt4.wav,476,4,sadness,Monica
dia476_utt5.wav,476,5,surprise,Phoebe
dia476_utt6.wav,476,6,neutral,Ross
dia476_utt7.wav,476,7,fear,Phoebe
dia476_utt8.wav,476,8,neutral,Monica
dia476_utt9.wav,476,9,surprise,Phoebe
dia476_utt10.wav,476,10,fear,Ross
dia476_utt11.wav,476,11,sadness,Phoebe
dia477_utt0.wav,477,0,neutral,Ross
dia477_utt1.wav,477,1,neutral,Monica
dia477_utt2.wav,477,2,neutral,Ross
dia477_utt3.wav,477,3,fear,Monica
dia477_utt4.wav,477,4,neutral,Phoebe
dia477_utt5.wav,477,5,joy,Ross
dia477_utt6.wav,477,6,sadness,Phoebe
dia477_utt7.wav,477,7,joy,Ross
dia477_utt8.wav,477,8,neutral,Phoebe
dia477_utt9.wav,477,9,joy,Ross
dia477_utt10.wav,477,10,disgust,Phoebe
dia477_utt11.wav,477,11,neutral,Chandler
dia477_utt12.wav,477,12,neutral,Ross
dia477_utt13.wav,477,13,joy,Joey
dia477_utt14.wav,477,14,neutral,Ross
dia477_utt15.wav,477,15,anger,Chandler
dia477_utt16.wav,477,16,neutral,Chandler
dia477_utt17.wav,477,17,neutral,Chandler
dia477_utt18.wav,477,18,neutral,Joey
dia478_utt0.wav,478,0,neutral,Chandler
dia478_utt1.wav,478,1,surprise,Joey
dia478_utt2.wav,478,2,joy,Monica
dia478_utt3.wav,478,3,neutral,Joey
dia478_utt4.wav,478,4,neutral,Monica
dia478_utt5.wav,478,5,neutral,Chandler
dia478_utt6.wav,478,6,neutral,Chandler
dia478_utt7.wav,478,7,neutral,Joey
dia478_utt8.wav,478,8,neutral,Monica
dia478_utt9.wav,478,9,neutral,Chandler
dia478_utt10.wav,478,10,anger,Monica
dia478_utt11.wav,478,11,neutral,Chandler
dia478_utt12.wav,478,12,sadness,Monica
dia478_utt13.wav,478,13,joy,Joey
dia479_utt0.wav,479,0,joy,Chandler
dia479_utt1.wav,479,1,neutral,Dana
dia479_utt2.wav,479,2,neutral,Chandler
dia479_utt3.wav,479,3,neutral,Dana
dia479_utt4.wav,479,4,anger,Dana
dia479_utt5.wav,479,5,surprise,Dana
dia479_utt6.wav,479,6,surprise,Dana
dia479_utt7.wav,479,7,disgust,Chandler
dia479_utt8.wav,479,8,disgust,Dana
dia479_utt9.wav,479,9,disgust,Chandler
dia479_utt10.wav,479,10,disgust,Dana
dia479_utt11.wav,479,11,neutral,Chandler
dia480_utt0.wav,480,0,joy,Ross
dia480_utt1.wav,480,1,joy,Tag
dia480_utt2.wav,480,2,neutral,Tag
dia480_utt3.wav,480,3,neutral,Ross
dia480_utt4.wav,480,4,surprise,Tag
dia480_utt5.wav,480,5,surprise,Ross
dia480_utt6.wav,480,6,neutral,Tag
dia480_utt7.wav,480,7,neutral,Ross
dia480_utt8.wav,480,8,neutral,Tag
dia480_utt9.wav,480,9,anger,Ross
dia481_utt0.wav,481,0,surprise,Monica
dia481_utt1.wav,481,1,joy,Rachel
dia481_utt2.wav,481,2,joy,Rachel
dia481_utt3.wav,481,3,surprise,Rachel
dia481_utt4.wav,481,4,surprise,Monica
dia481_utt5.wav,481,5,neutral,Rachel
dia481_utt6.wav,481,6,neutral,Monica
dia481_utt7.wav,481,7,neutral,Rachel
dia481_utt8.wav,481,8,surprise,Monica
dia481_utt9.wav,481,9,neutral,Rachel
dia481_utt10.wav,481,10,neutral,Monica
dia481_utt11.wav,481,11,neutral,Rachel
dia481_utt12.wav,481,12,anger,Monica
dia481_utt13.wav,481,13,sadness,Rachel
dia481_utt14.wav,481,14,surprise,Monica
dia482_utt0.wav,482,0,surprise,Phoebe
dia482_utt1.wav,482,1,surprise,Phoebe
dia482_utt2.wav,482,2,anger,The Fireman
dia482_utt3.wav,482,3,neutral,Phoebe
dia482_utt4.wav,482,4,neutral,The Fireman
dia482_utt5.wav,482,5,fear,Phoebe
dia482_utt6.wav,482,6,disgust,The Fireman
dia482_utt7.wav,482,7,anger,Phoebe
dia482_utt8.wav,482,8,neutral,The Fireman
dia482_utt9.wav,482,9,anger,Phoebe
dia482_utt10.wav,482,10,neutral,The Fireman
dia482_utt11.wav,482,11,surprise,Phoebe
dia482_utt12.wav,482,12,surprise,Phoebe
dia482_utt13.wav,482,13,surprise,Phoebe
dia482_utt14.wav,482,14,neutral,Phoebe
dia482_utt15.wav,482,15,joy,Phoebe
dia482_utt16.wav,482,16,surprise,Phoebe
dia482_utt17.wav,482,17,joy,Phoebe
dia483_utt0.wav,483,0,neutral,Ross
dia483_utt1.wav,483,1,anger,Chandler
dia483_utt2.wav,483,2,neutral,Ross
dia483_utt3.wav,483,3,surprise,Joey
dia483_utt4.wav,483,4,surprise,Chandler
dia483_utt5.wav,483,5,neutral,Joey
dia483_utt6.wav,483,6,anger,Chandler
dia483_utt7.wav,483,7,neutral,Monica
dia483_utt8.wav,483,8,anger,Joey
dia483_utt9.wav,483,9,anger,Joey
dia483_utt10.wav,483,10,neutral,Joey
dia483_utt11.wav,483,11,neutral,Ross
dia483_utt12.wav,483,12,neutral,Phoebe
dia483_utt13.wav,483,13,neutral,Ross
dia483_utt14.wav,483,14,neutral,Phoebe
dia483_utt15.wav,483,15,surprise,Joey
dia484_utt0.wav,484,0,neutral,Receptionist
dia484_utt1.wav,484,1,neutral,Joey
dia484_utt2.wav,484,2,neutral,Receptionist
dia485_utt0.wav,485,0,joy,Ross
dia486_utt0.wav,486,0,neutral,Chandler
dia486_utt1.wav,486,1,neutral,Joey
dia486_utt2.wav,486,2,neutral,Chandler
dia486_utt3.wav,486,3,neutral,Joey
dia486_utt4.wav,486,4,neutral,Chandler
dia486_utt5.wav,486,5,neutral,Joey
dia486_utt6.wav,486,6,neutral,Chandler
dia486_utt7.wav,486,7,surprise,Joey
dia486_utt8.wav,486,8,neutral,Chandler
dia486_utt9.wav,486,9,surprise,Joey
dia486_utt10.wav,486,10,anger,Joey
dia486_utt11.wav,486,11,fear,Joey
dia486_utt12.wav,486,12,anger,Joey
dia486_utt13.wav,486,13,anger,Joey
dia486_utt14.wav,486,14,sadness,Chandler
dia486_utt15.wav,486,15,sadness,Joey
dia486_utt16.wav,486,16,neutral,Chandler
dia486_utt17.wav,486,17,joy,Joey
dia487_utt0.wav,487,0,surprise,Monica
dia488_utt0.wav,488,0,joy,Chandler
dia488_utt1.wav,488,1,neutral,Chandler
dia488_utt2.wav,488,2,neutral,Monica
dia488_utt3.wav,488,3,neutral,Chandler
dia488_utt4.wav,488,4,neutral,Monica
dia488_utt5.wav,488,5,neutral,Chandler
dia489_utt0.wav,489,0,joy,Rachel
dia489_utt1.wav,489,1,joy,Ross
dia489_utt2.wav,489,2,neutral,Monica
dia489_utt3.wav,489,3,neutral,All
dia489_utt4.wav,489,4,neutral,Ross
dia490_utt0.wav,490,0,neutral,Monica
dia491_utt0.wav,491,0,neutral,Phoebe
dia491_utt1.wav,491,1,sadness,Monica
dia491_utt2.wav,491,2,sadness,Ross
dia492_utt0.wav,492,0,joy,Monica
dia492_utt1.wav,492,1,neutral,Ross
dia492_utt2.wav,492,2,neutral,Joey
dia492_utt3.wav,492,3,neutral,Rachel
dia493_utt0.wav,493,0,sadness,Rachel
dia493_utt1.wav,493,1,surprise,Monica
dia493_utt2.wav,493,2,neutral,Rachel
dia493_utt3.wav,493,3,neutral,Monica
dia493_utt4.wav,493,4,neutral,Rachel
dia493_utt5.wav,493,5,neutral,Monica
dia493_utt6.wav,493,6,neutral,Monica
dia493_utt7.wav,493,7,joy,Rachel
dia493_utt8.wav,493,8,neutral,Rachel
dia493_utt9.wav,493,9,joy,Rachel
dia493_utt10.wav,493,10,neutral,Rachel
dia493_utt11.wav,493,11,neutral,Monica
dia493_utt12.wav,493,12,anger,Rachel
dia494_utt0.wav,494,0,neutral,Phoebe
dia495_utt0.wav,495,0,neutral,Phoebe
dia495_utt1.wav,495,1,neutral,Monica
dia495_utt2.wav,495,2,anger,Phoebe
dia496_utt0.wav,496,0,neutral,Rachel
dia496_utt1.wav,496,1,neutral,Phoebe
dia496_utt2.wav,496,2,sadness,Rachel
dia496_utt3.wav,496,3,neutral,Phoebe
dia496_utt4.wav,496,4,neutral,Phoebe
dia496_utt5.wav,496,5,neutral,Phoebe
dia496_utt6.wav,496,6,neutral,Rachel
dia496_utt7.wav,496,7,anger,Monica
dia496_utt8.wav,496,8,fear,Monica
dia496_utt9.wav,496,9,neutral,Monica
dia496_utt10.wav,496,10,anger,Rachel
dia496_utt11.wav,496,11,fear,Phoebe
dia496_utt12.wav,496,12,anger,Rachel
dia496_utt13.wav,496,13,joy,Phoebe
dia496_utt14.wav,496,14,neutral,Monica
dia497_utt0.wav,497,0,neutral,Joey
dia497_utt1.wav,497,1,anger,Chandler
dia497_utt2.wav,497,2,sadness,Joey
dia498_utt0.wav,498,0,neutral,Monica
dia498_utt1.wav,498,1,neutral,Monica
dia498_utt2.wav,498,2,joy,Monica
dia498_utt3.wav,498,3,surprise,Monica
dia498_utt4.wav,498,4,surprise,Monica
dia498_utt5.wav,498,5,anger,Monica
dia498_utt6.wav,498,6,anger,Monica
dia498_utt7.wav,498,7,anger,Monica
dia498_utt8.wav,498,8,neutral,Monica
dia499_utt0.wav,499,0,joy,Rachel
dia499_utt1.wav,499,1,joy,Phoebe
dia499_utt2.wav,499,2,neutral,Rachel
dia499_utt3.wav,499,3,joy,Rachel
dia499_utt4.wav,499,4,neutral,Rachel
dia499_utt5.wav,499,5,neutral,Phoebe
dia499_utt6.wav,499,6,neutral,Rachel
dia499_utt7.wav,499,7,neutral,Phoebe
dia499_utt8.wav,499,8,joy,Rachel
dia499_utt9.wav,499,9,neutral,Phoebe
dia499_utt10.wav,499,10,neutral,Rachel
dia499_utt11.wav,499,11,neutral,Phoebe
dia499_utt12.wav,499,12,neutral,Rachel
dia499_utt15.wav,499,15,joy,Phoebe
dia499_utt16.wav,499,16,surprise,Rachel
dia499_utt17.wav,499,17,joy,Phoebe
dia499_utt18.wav,499,18,surprise,Rachel
dia499_utt19.wav,499,19,neutral,Phoebe
dia499_utt20.wav,499,20,surprise,Rachel
dia499_utt21.wav,499,21,neutral,Joey
dia500_utt0.wav,500,0,neutral,Chandler
dia500_utt1.wav,500,1,joy,Joey
dia501_utt0.wav,501,0,neutral,Tag
dia501_utt1.wav,501,1,joy,Rachel
dia501_utt2.wav,501,2,joy,Tag
dia501_utt3.wav,501,3,joy,Rachel
dia501_utt4.wav,501,4,joy,Tag
dia501_utt5.wav,501,5,disgust,Rachel
dia501_utt6.wav,501,6,neutral,Tag
dia501_utt7.wav,501,7,neutral,Rachel
dia501_utt8.wav,501,8,surprise,Tag
dia501_utt9.wav,501,9,surprise,Rachel
dia501_utt10.wav,501,10,neutral,Tag
dia501_utt11.wav,501,11,surprise,Rachel
dia501_utt12.wav,501,12,neutral,Tag
dia502_utt0.wav,502,0,joy,Monica
dia502_utt1.wav,502,1,neutral,Phoebe
dia502_utt2.wav,502,2,joy,Rachel
dia503_utt0.wav,503,0,surprise,Monica
dia503_utt1.wav,503,1,joy,Chandler
dia503_utt2.wav,503,2,surprise,Monica
dia503_utt3.wav,503,3,joy,Chandler
dia503_utt4.wav,503,4,joy,Monica
dia503_utt5.wav,503,5,joy,Chandler
dia503_utt6.wav,503,6,neutral,Chandler
dia503_utt7.wav,503,7,joy,Monica
dia503_utt8.wav,503,8,joy,Chandler
dia503_utt9.wav,503,9,anger,Chandler
dia503_utt10.wav,503,10,neutral,Drunken Gambler
dia503_utt11.wav,503,11,anger,Monica
dia503_utt12.wav,503,12,joy,Chandler
dia503_utt13.wav,503,13,neutral,Monica
dia503_utt14.wav,503,14,neutral,Chandler
dia503_utt15.wav,503,15,neutral,Monica
dia504_utt0.wav,504,0,joy,Joey
dia504_utt1.wav,504,1,joy,Monica
dia504_utt2.wav,504,2,neutral,Chandler
dia504_utt3.wav,504,3,neutral,Phoebe
dia504_utt4.wav,504,4,neutral,Joey
dia504_utt5.wav,504,5,neutral,Rachel
dia504_utt6.wav,504,6,surprise,Joey
dia504_utt7.wav,504,7,neutral,Monica
dia504_utt8.wav,504,8,joy,Joey
dia504_utt9.wav,504,9,neutral,Joey
dia504_utt10.wav,504,10,neutral,Joey
dia504_utt11.wav,504,11,surprise,Joey
dia504_utt12.wav,504,12,anger,Joey
dia504_utt13.wav,504,13,anger,Joey
dia505_utt0.wav,505,0,surprise,Ross
dia505_utt1.wav,505,1,neutral,Phoebe
dia505_utt2.wav,505,2,surprise,Ross
dia505_utt3.wav,505,3,neutral,Ross
dia505_utt4.wav,505,4,neutral,Ross
dia505_utt5.wav,505,5,neutral,Ross
dia505_utt6.wav,505,6,fear,Ross
dia505_utt7.wav,505,7,neutral,Phoebe
dia505_utt8.wav,505,8,neutral,Phoebe
dia505_utt9.wav,505,9,neutral,Phoebe
dia505_utt10.wav,505,10,neutral,Ross
dia505_utt11.wav,505,11,neutral,Phoebe
dia505_utt12.wav,505,12,anger,Ross
dia505_utt13.wav,505,13,neutral,Phoebe
dia505_utt14.wav,505,14,anger,Ross
dia505_utt15.wav,505,15,neutral,Phoebe
dia506_utt0.wav,506,0,sadness,Ross
dia506_utt1.wav,506,1,fear,Ross
dia506_utt2.wav,506,2,sadness,Ross
dia506_utt3.wav,506,3,sadness,Ross
dia506_utt4.wav,506,4,neutral,Rachel
dia506_utt5.wav,506,5,sadness,Rachel
dia506_utt6.wav,506,6,sadness,Rachel
dia506_utt7.wav,506,7,sadness,Rachel
dia506_utt8.wav,506,8,sadness,Rachel
dia506_utt9.wav,506,9,sadness,Rachel
dia506_utt10.wav,506,10,sadness,Ross
dia506_utt11.wav,506,11,sadness,Rachel
dia507_utt0.wav,507,0,neutral,Monica
dia507_utt1.wav,507,1,joy,Monica
dia507_utt2.wav,507,2,neutral,Monica
dia507_utt3.wav,507,3,neutral,Monica
dia507_utt4.wav,507,4,anger,Monica
dia507_utt5.wav,507,5,neutral,Rachel
dia507_utt6.wav,507,6,neutral,Rachel
dia507_utt7.wav,507,7,surprise,Rachel
dia507_utt8.wav,507,8,surprise,Rachel
dia507_utt9.wav,507,9,neutral,Monica
dia507_utt10.wav,507,10,joy,Rachel
dia507_utt11.wav,507,11,neutral,Monica
dia507_utt12.wav,507,12,joy,Monica
dia507_utt13.wav,507,13,joy,Monica
dia507_utt14.wav,507,14,neutral,Monica
dia507_utt15.wav,507,15,neutral,Rachel
dia507_utt16.wav,507,16,neutral,Monica
dia508_utt0.wav,508,0,anger,Joey
dia508_utt2.wav,508,2,neutral,The Casting Director
dia508_utt3.wav,508,3,joy,Joey
dia508_utt4.wav,508,4,neutral,The Casting Director
dia508_utt5.wav,508,5,fear,Joey
dia508_utt6.wav,508,6,neutral,The Casting Director
dia508_utt7.wav,508,7,neutral,Joey
dia508_utt8.wav,508,8,neutral,Joey
dia508_utt9.wav,508,9,neutral,Joey
dia508_utt10.wav,508,10,neutral,Joey
dia508_utt11.wav,508,11,neutral,The Casting Director
dia508_utt12.wav,508,12,surprise,Joey
dia508_utt13.wav,508,13,neutral,The Casting Director
dia508_utt14.wav,508,14,surprise,Joey
dia508_utt15.wav,508,15,neutral,The Casting Director
dia508_utt16.wav,508,16,neutral,Joey
dia508_utt17.wav,508,17,neutral,The Casting Director
dia508_utt18.wav,508,18,neutral,Joey
dia508_utt19.wav,508,19,anger,Joey
dia508_utt20.wav,508,20,anger,Raymond
dia508_utt21.wav,508,21,anger,The Casting Director
dia508_utt22.wav,508,22,anger,Joey
dia509_utt0.wav,509,0,neutral,Rachel
dia509_utt1.wav,509,1,neutral,Ross
dia509_utt2.wav,509,2,neutral,Rachel
dia509_utt3.wav,509,3,neutral,Ross
dia509_utt4.wav,509,4,anger,Rachel
dia509_utt5.wav,509,5,neutral,Ross
dia509_utt6.wav,509,6,neutral,Ross
dia509_utt7.wav,509,7,neutral,Ross
dia509_utt8.wav,509,8,neutral,Nurse
dia509_utt9.wav,509,9,neutral,Rachel
dia509_utt10.wav,509,10,anger,Rachel
dia509_utt11.wav,509,11,anger,Rachel
dia509_utt12.wav,509,12,surprise,Rachel
dia509_utt13.wav,509,13,surprise,Ross
dia509_utt14.wav,509,14,surprise,Rachel
dia509_utt15.wav,509,15,neutral,Nurse
dia509_utt16.wav,509,16,neutral,Rachel
dia510_utt0.wav,510,0,neutral,Ross
dia510_utt1.wav,510,1,joy,Kristin
dia510_utt2.wav,510,2,neutral,Ross
dia510_utt3.wav,510,3,surprise,Kristin
dia510_utt4.wav,510,4,neutral,Ross
dia510_utt5.wav,510,5,surprise,Kristin
dia511_utt0.wav,511,0,sadness,Rachel
dia511_utt1.wav,511,1,neutral,Ross
dia511_utt2.wav,511,2,fear,Rachel
dia511_utt3.wav,511,3,surprise,Ross
dia511_utt4.wav,511,4,neutral,Rachel
dia511_utt5.wav,511,5,neutral,Ross
dia511_utt6.wav,511,6,sadness,Rachel
dia512_utt0.wav,512,0,joy,Rachel
dia512_utt1.wav,512,1,joy,Phoebe
dia512_utt2.wav,512,2,neutral,Rachel
dia512_utt3.wav,512,3,neutral,Phoebe
dia512_utt4.wav,512,4,neutral,Rachel
dia512_utt5.wav,512,5,neutral,Phoebe
dia512_utt6.wav,512,6,neutral,Rachel
dia512_utt7.wav,512,7,joy,Phoebe
dia512_utt8.wav,512,8,anger,Rachel
dia512_utt9.wav,512,9,fear,Phoebe
dia512_utt10.wav,512,10,anger,Rachel
dia512_utt11.wav,512,11,anger,Phoebe
dia512_utt12.wav,512,12,anger,Rachel
dia512_utt13.wav,512,13,fear,Phoebe
dia512_utt14.wav,512,14,anger,Rachel
dia513_utt0.wav,513,0,neutral,Tag
dia513_utt1.wav,513,1,neutral,Rachel
dia513_utt2.wav,513,2,neutral,Tag
dia513_utt3.wav,513,3,anger,Rachel
dia513_utt4.wav,513,4,anger,Tag
dia514_utt0.wav,514,0,joy,Joey
dia514_utt1.wav,514,1,neutral,Stage Director
dia514_utt2.wav,514,2,neutral,Joey
dia514_utt3.wav,514,3,neutral,Stage Director
dia514_utt4.wav,514,4,surprise,Joey
dia514_utt5.wav,514,5,neutral,Stage Director
dia514_utt6.wav,514,6,neutral,Joey
dia514_utt7.wav,514,7,neutral,Stage Director
dia515_utt0.wav,515,0,neutral,Gunther
dia515_utt1.wav,515,1,surprise,Monica
dia515_utt2.wav,515,2,neutral,Phoebe
dia515_utt3.wav,515,3,disgust,Monica
dia515_utt4.wav,515,4,neutral,Phoebe
dia515_utt5.wav,515,5,neutral,Monica
dia515_utt6.wav,515,6,neutral,Joey
dia516_utt0.wav,516,0,anger,Chandler
dia516_utt1.wav,516,1,joy,Monica
dia516_utt2.wav,516,2,surprise,Chandler
dia516_utt3.wav,516,3,joy,Monica
dia516_utt4.wav,516,4,joy,Chandler
dia516_utt5.wav,516,5,sadness,Monica
dia517_utt0.wav,517,0,anger,Phoebe
dia517_utt1.wav,517,1,joy,Monica
dia517_utt2.wav,517,2,neutral,Phoebe
dia517_utt3.wav,517,3,joy,Monica
dia517_utt4.wav,517,4,joy,Phoebe
dia517_utt5.wav,517,5,sadness,Monica
dia517_utt6.wav,517,6,joy,Phoebe
dia518_utt0.wav,518,0,anger,Kate
dia518_utt1.wav,518,1,anger,Joey
dia518_utt2.wav,518,2,neutral,Joey
dia518_utt3.wav,518,3,anger,Joey
dia518_utt4.wav,518,4,neutral,Joey
dia518_utt5.wav,518,5,neutral,Joey
dia518_utt6.wav,518,6,neutral,Joey
dia518_utt7.wav,518,7,joy,The Director
dia518_utt8.wav,518,8,neutral,Kate
dia519_utt0.wav,519,0,surprise,Monica
dia519_utt1.wav,519,1,anger,Chandler
dia519_utt2.wav,519,2,neutral,Monica
dia519_utt3.wav,519,3,neutral,Chandler
dia519_utt4.wav,519,4,joy,Monica
dia520_utt0.wav,520,0,neutral,Joey
dia520_utt1.wav,520,1,neutral,Phoebe
dia520_utt2.wav,520,2,surprise,Ross
dia520_utt3.wav,520,3,neutral,Phoebe
dia520_utt4.wav,520,4,surprise,Rachel
dia520_utt5.wav,520,5,surprise,Joey
dia520_utt6.wav,520,6,neutral,Phoebe
dia521_utt0.wav,521,0,neutral,Joey
dia521_utt1.wav,521,1,neutral,Joey
dia521_utt2.wav,521,2,sadness,Joey
dia521_utt3.wav,521,3,anger,Joey
dia521_utt4.wav,521,4,sadness,Joey
dia521_utt5.wav,521,5,sadness,Joey
dia521_utt6.wav,521,6,neutral,Joey
dia522_utt0.wav,522,0,surprise,Phoebe
dia522_utt1.wav,522,1,neutral,Rachel
dia522_utt2.wav,522,2,joy,Phoebe
dia522_utt3.wav,522,3,neutral,Rachel
dia522_utt4.wav,522,4,neutral,Phoebe
dia522_utt5.wav,522,5,neutral,Rachel
dia522_utt6.wav,522,6,joy,Phoebe
dia523_utt0.wav,523,0,surprise,Rachel
dia523_utt1.wav,523,1,joy,Rachel
dia523_utt2.wav,523,2,neutral,Monica
dia523_utt3.wav,523,3,surprise,Ross
dia523_utt4.wav,523,4,neutral,Monica
dia523_utt5.wav,523,5,joy,Joey
dia523_utt6.wav,523,6,anger,Ross
dia523_utt7.wav,523,7,joy,Monica
dia523_utt8.wav,523,8,neutral,Joey
dia523_utt9.wav,523,9,joy,Chandler
dia523_utt10.wav,523,10,joy,Ross
dia523_utt11.wav,523,11,joy,Rachel
dia523_utt12.wav,523,12,anger,Phoebe
dia523_utt13.wav,523,13,neutral,Monica
dia523_utt14.wav,523,14,sadness,Phoebe
dia523_utt15.wav,523,15,surprise,Rachel
dia523_utt16.wav,523,16,neutral,Joey
dia523_utt17.wav,523,17,neutral,Chandler
dia523_utt18.wav,523,18,neutral,Monica
dia523_utt19.wav,523,19,neutral,Phoebe
dia523_utt20.wav,523,20,neutral,Ross
dia523_utt21.wav,523,21,anger,Phoebe
dia523_utt22.wav,523,22,surprise,Joey
dia523_utt23.wav,523,23,joy,Chandler
dia524_utt0.wav,524,0,neutral,Phoebe
dia524_utt1.wav,524,1,surprise,Joey
dia524_utt2.wav,524,2,sadness,Phoebe
dia524_utt3.wav,524,3,neutral,Phoebe
dia524_utt4.wav,524,4,neutral,Joey
dia524_utt5.wav,524,5,neutral,Phoebe
dia524_utt6.wav,524,6,neutral,Joey
dia524_utt7.wav,524,7,neutral,Phoebe
dia524_utt8.wav,524,8,neutral,Joey
dia524_utt9.wav,524,9,surprise,Phoebe
dia524_utt10.wav,524,10,neutral,Joey
dia524_utt11.wav,524,11,anger,Phoebe
dia524_utt12.wav,524,12,neutral,Joey
dia524_utt13.wav,524,13,sadness,Phoebe
dia524_utt14.wav,524,14,neutral,Joey
dia524_utt15.wav,524,15,fear,Phoebe
dia524_utt16.wav,524,16,surprise,Joey
dia525_utt0.wav,525,0,neutral,Monica
dia525_utt1.wav,525,1,neutral,Rachel
dia525_utt2.wav,525,2,neutral,Monica
dia525_utt3.wav,525,3,sadness,Rachel
dia525_utt4.wav,525,4,anger,Monica and Phoebe
dia525_utt5.wav,525,5,neutral,Rachel
dia525_utt6.wav,525,6,neutral,Monica
dia525_utt7.wav,525,7,surprise,Phoebe
dia525_utt8.wav,525,8,neutral,Monica
dia526_utt0.wav,526,0,joy,Ross
dia526_utt1.wav,526,1,neutral,Isabella
dia526_utt2.wav,526,2,neutral,Ross
dia526_utt3.wav,526,3,neutral,Ross
dia526_utt4.wav,526,4,joy,Ross
dia526_utt5.wav,526,5,joy,Ross
dia526_utt6.wav,526,6,fear,Ross
dia526_utt7.wav,526,7,neutral,Ross
dia526_utt8.wav,526,8,neutral,Isabella
dia526_utt9.wav,526,9,neutral,Ross
dia526_utt10.wav,526,10,neutral,Isabella
dia526_utt11.wav,526,11,fear,Ross
dia526_utt12.wav,526,12,joy,Isabella
dia526_utt13.wav,526,13,neutral,Ross
dia526_utt14.wav,526,14,surprise,Isabella
dia526_utt15.wav,526,15,neutral,Ross
dia526_utt16.wav,526,16,anger,Isabella
dia526_utt17.wav,526,17,neutral,Ross
dia526_utt18.wav,526,18,neutral,Isabella
dia526_utt19.wav,526,19,neutral,Isabella
dia526_utt20.wav,526,20,neutral,Ross
dia527_utt0.wav,527,0,anger,Phoebe
dia527_utt1.wav,527,1,joy,Chandler
dia527_utt2.wav,527,2,surprise,Phoebe
dia527_utt3.wav,527,3,neutral,Monica
dia527_utt4.wav,527,4,joy,Chandler
dia527_utt5.wav,527,5,disgust,Phoebe
dia527_utt6.wav,527,6,neutral,Monica
dia527_utt7.wav,527,7,disgust,Phoebe
dia528_utt0.wav,528,0,surprise,Rachel
dia528_utt1.wav,528,1,neutral,Rachel
dia528_utt2.wav,528,2,neutral,Monica
dia528_utt3.wav,528,3,surprise,Rachel
dia528_utt4.wav,528,4,neutral,Monica
dia528_utt5.wav,528,5,anger,Rachel
dia529_utt0.wav,529,0,anger,Rachel
dia529_utt1.wav,529,1,neutral,Ross
dia529_utt2.wav,529,2,neutral,Ross
dia529_utt3.wav,529,3,anger,Rachel
dia529_utt4.wav,529,4,neutral,Ross
dia529_utt5.wav,529,5,neutral,Ross
dia529_utt6.wav,529,6,surprise,Ross
dia529_utt7.wav,529,7,neutral,Ross
dia529_utt8.wav,529,8,neutral,Ross
dia529_utt9.wav,529,9,neutral,Jill
dia530_utt0.wav,530,0,sadness,Phoebe
dia530_utt1.wav,530,1,surprise,Phoebe Sr
dia530_utt2.wav,530,2,neutral,Phoebe
dia530_utt3.wav,530,3,surprise,Phoebe Sr
dia530_utt4.wav,530,4,neutral,Phoebe
dia530_utt5.wav,530,5,anger,Phoebe
dia530_utt6.wav,530,6,anger,Phoebe
dia530_utt7.wav,530,7,anger,Phoebe
dia530_utt8.wav,530,8,anger,Phoebe
dia530_utt9.wav,530,9,anger,Phoebe
dia530_utt10.wav,530,10,anger,Phoebe
dia530_utt11.wav,530,11,anger,Phoebe
dia530_utt12.wav,530,12,anger,Phoebe
dia530_utt13.wav,530,13,neutral,Phoebe Sr
dia530_utt14.wav,530,14,surprise,Phoebe
dia530_utt15.wav,530,15,neutral,Phoebe Sr
dia530_utt16.wav,530,16,sadness,Phoebe Sr
dia530_utt17.wav,530,17,sadness,Phoebe
dia530_utt18.wav,530,18,neutral,Phoebe Sr
dia530_utt19.wav,530,19,neutral,Phoebe Sr
dia530_utt20.wav,530,20,neutral,Phoebe Sr
dia530_utt21.wav,530,21,neutral,Phoebe Sr
dia530_utt22.wav,530,22,surprise,Phoebe
dia530_utt23.wav,530,23,sadness,Phoebe Sr
dia531_utt0.wav,531,0,surprise,A Student
dia531_utt1.wav,531,1,surprise,Ross
dia531_utt2.wav,531,2,fear,Ross
dia531_utt3.wav,531,3,sadness,Ross
dia531_utt4.wav,531,4,neutral,Ross
dia531_utt5.wav,531,5,sadness,Ross
dia531_utt6.wav,531,6,sadness,Ross
dia531_utt7.wav,531,7,neutral,Ross
dia531_utt8.wav,531,8,neutral,Ross
dia531_utt9.wav,531,9,neutral,Ross
dia531_utt10.wav,531,10,anger,Ross
dia531_utt11.wav,531,11,sadness,Ross
dia531_utt12.wav,531,12,neutral,Ross
dia531_utt13.wav,531,13,neutral,Ross
dia531_utt14.wav,531,14,anger,Rachel
dia531_utt15.wav,531,15,surprise,Ross
dia532_utt0.wav,532,0,neutral,Chandler
dia532_utt1.wav,532,1,neutral,Joey
dia532_utt2.wav,532,2,neutral,Chandler
dia532_utt3.wav,532,3,neutral,Joey
dia532_utt4.wav,532,4,surprise,Chandler
dia532_utt5.wav,532,5,joy,Joey
dia532_utt6.wav,532,6,neutral,Chandler
dia532_utt7.wav,532,7,anger,Joey
dia532_utt8.wav,532,8,sadness,Joey
dia532_utt9.wav,532,9,sadness,Joey
dia532_utt10.wav,532,10,sadness,Joey
dia532_utt11.wav,532,11,neutral,Joey
dia532_utt12.wav,532,12,neutral,Chandler
dia532_utt13.wav,532,13,anger,Joey
dia532_utt14.wav,532,14,surprise,Chandler
dia532_utt15.wav,532,15,neutral,Joey
dia533_utt0.wav,533,0,neutral,Rachel
dia533_utt1.wav,533,1,neutral,Rachel
dia533_utt2.wav,533,2,sadness,Tag
dia533_utt3.wav,533,3,neutral,Rachel
dia533_utt4.wav,533,4,joy,Tag
dia533_utt5.wav,533,5,joy,Rachel
dia533_utt6.wav,533,6,neutral,Mr. Zelner
dia533_utt7.wav,533,7,neutral,Rachel
dia533_utt8.wav,533,8,neutral,Mr. Zelner
dia533_utt9.wav,533,9,neutral,Rachel
dia534_utt0.wav,534,0,neutral,Phoebe
dia534_utt1.wav,534,1,neutral,Cassie
dia534_utt2.wav,534,2,joy,Phoebe
dia534_utt3.wav,534,3,surprise,Cassie
dia535_utt0.wav,535,0,neutral,Hoshi
dia535_utt1.wav,535,1,joy,Hoshi
dia535_utt2.wav,535,2,anger,Hoshi
dia535_utt3.wav,535,3,neutral,Pete
dia536_utt0.wav,536,0,surprise,Rachel
dia536_utt1.wav,536,1,neutral,Monica
dia536_utt2.wav,536,2,neutral,Rachel
dia536_utt3.wav,536,3,neutral,Monica
dia536_utt4.wav,536,4,sadness,Monica
dia536_utt5.wav,536,5,surprise,Rachel
dia536_utt6.wav,536,6,neutral,Monica
dia536_utt7.wav,536,7,surprise,Rachel
dia536_utt8.wav,536,8,surprise,Monica
dia536_utt9.wav,536,9,joy,Monica
dia536_utt10.wav,536,10,neutral,Monica
dia536_utt11.wav,536,11,neutral,Monica
dia536_utt12.wav,536,12,neutral,Rachel
dia536_utt13.wav,536,13,surprise,Monica
dia536_utt14.wav,536,14,neutral,Rachel
dia536_utt15.wav,536,15,neutral,Monica
dia537_utt0.wav,537,0,neutral,Joey
dia537_utt1.wav,537,1,neutral,Joey
dia537_utt2.wav,537,2,joy,Joey
dia537_utt3.wav,537,3,anger,Joey
dia537_utt4.wav,537,4,neutral,Joey
dia538_utt0.wav,538,0,anger,Rachel
dia538_utt1.wav,538,1,sadness,Ross
dia538_utt2.wav,538,2,neutral,Rachel
dia538_utt3.wav,538,3,anger,Ross
dia538_utt4.wav,538,4,joy,Rachel
dia538_utt5.wav,538,5,joy,Phoebe
dia538_utt6.wav,538,6,joy,Ross
dia538_utt7.wav,538,7,joy,Phoebe
dia538_utt8.wav,538,8,joy,Rachel
dia538_utt9.wav,538,9,disgust,Phoebe
dia539_utt0.wav,539,0,neutral,Rachel
dia539_utt1.wav,539,1,neutral,Joey
dia539_utt2.wav,539,2,surprise,Rachel
dia539_utt3.wav,539,3,surprise,Ross
dia539_utt4.wav,539,4,joy,Rachel
dia539_utt5.wav,539,5,neutral,Chandler
dia539_utt6.wav,539,6,sadness,Rachel
dia540_utt0.wav,540,0,sadness,Monica
dia540_utt1.wav,540,1,surprise,Joey
dia540_utt2.wav,540,2,disgust,Monica
dia540_utt3.wav,540,3,disgust,Joey
dia540_utt5.wav,540,5,sadness,Joey
dia541_utt0.wav,541,0,joy,Ross
dia541_utt1.wav,541,1,joy,Carol
dia541_utt2.wav,541,2,neutral,Ross
dia541_utt3.wav,541,3,surprise,Carol
dia541_utt4.wav,541,4,sadness,Ross
dia541_utt5.wav,541,5,joy,Ross
dia541_utt6.wav,541,6,neutral,Ross
dia541_utt7.wav,541,7,joy,Ross
dia541_utt8.wav,541,8,joy,Ross
dia541_utt9.wav,541,9,joy,Ben
dia541_utt10.wav,541,10,joy,Ross
dia541_utt11.wav,541,11,neutral,Ross
dia541_utt12.wav,541,12,neutral,Ross
dia541_utt13.wav,541,13,surprise,Carol
dia541_utt14.wav,541,14,joy,Ross
dia541_utt15.wav,541,15,neutral,Ross
dia541_utt16.wav,541,16,disgust,Ross
dia541_utt17.wav,541,17,neutral,Ross
dia541_utt18.wav,541,18,neutral,Ross
dia541_utt19.wav,541,19,joy,Carol
dia542_utt0.wav,542,0,neutral,Rachel
dia542_utt1.wav,542,1,anger,Monica
dia542_utt2.wav,542,2,surprise,Phoebe
dia542_utt3.wav,542,3,surprise,Monica
dia542_utt4.wav,542,4,joy,Phoebe
dia542_utt5.wav,542,5,neutral,Gunther
dia542_utt6.wav,542,6,surprise,Phoebe
dia542_utt7.wav,542,7,surprise,Gunther
dia542_utt8.wav,542,8,surprise,Joey
dia543_utt0.wav,543,0,anger,Rachel
dia543_utt1.wav,543,1,neutral,Joshua
dia543_utt2.wav,543,2,surprise,Rachel
dia544_utt0.wav,544,0,neutral,Joshua
dia544_utt1.wav,544,1,fear,Rachel
dia544_utt2.wav,544,2,neutral,Joshua
dia544_utt3.wav,544,3,joy,Rachel
dia544_utt4.wav,544,4,neutral,Joshua
dia544_utt5.wav,544,5,surprise,Rachel
dia544_utt6.wav,544,6,neutral,Rachel
dia544_utt7.wav,544,7,neutral,Joshua
dia544_utt8.wav,544,8,neutral,Rachel
dia545_utt0.wav,545,0,anger,Monica
dia545_utt1.wav,545,1,sadness,Phoebe
dia545_utt2.wav,545,2,surprise,Monica
dia545_utt3.wav,545,3,sadness,Phoebe
dia545_utt4.wav,545,4,neutral,Monica
dia545_utt5.wav,545,5,joy,Rachel
dia545_utt6.wav,545,6,surprise,Chandler
dia545_utt7.wav,545,7,neutral,Joey
dia545_utt8.wav,545,8,neutral,Chandler
dia545_utt9.wav,545,9,neutral,Rachel
dia545_utt10.wav,545,10,surprise,Chandler
dia545_utt11.wav,545,11,anger,Phoebe
dia545_utt12.wav,545,12,neutral,Monica
dia545_utt13.wav,545,13,neutral,Rachel
dia546_utt0.wav,546,0,neutral,Monica
dia546_utt1.wav,546,1,neutral,Joey
dia546_utt2.wav,546,2,neutral,Rachel
dia546_utt3.wav,546,3,neutral,Teacher
dia546_utt4.wav,546,4,neutral,Monica
dia546_utt5.wav,546,5,neutral,Teacher
dia546_utt6.wav,546,6,neutral,Rachel
dia546_utt7.wav,546,7,neutral,Phoebe
dia546_utt8.wav,546,8,anger,Monica
dia546_utt9.wav,546,9,anger,Teacher
dia546_utt10.wav,546,10,neutral,Rachel
dia546_utt11.wav,546,11,neutral,Teacher
dia546_utt12.wav,546,12,anger,Monica
dia546_utt13.wav,546,13,joy,Phoebe
dia546_utt14.wav,546,14,sadness,Monica
dia546_utt15.wav,546,15,surprise,Rachel
dia546_utt16.wav,546,16,neutral,Teacher
dia546_utt17.wav,546,17,neutral,Phoebe
dia546_utt18.wav,546,18,disgust,Monica
dia547_utt0.wav,547,0,surprise,Rachel
dia547_utt1.wav,547,1,neutral,Barry
dia547_utt2.wav,547,2,joy,Rachel
dia548_utt0.wav,548,0,joy,Chandler
dia548_utt1.wav,548,1,neutral,Monica
dia548_utt2.wav,548,2,joy,Rachel
dia548_utt3.wav,548,3,joy,Chandler
dia548_utt4.wav,548,4,joy,Monica
dia548_utt5.wav,548,5,anger,Chandler
dia548_utt6.wav,548,6,neutral,Monica
dia548_utt7.wav,548,7,neutral,Chandler
dia548_utt10.wav,548,10,anger,Ross
dia549_utt0.wav,549,0,joy,Joey
dia549_utt1.wav,549,1,neutral,Receptionist
dia549_utt2.wav,549,2,sadness,Joey
dia549_utt3.wav,549,3,neutral,Receptionist
dia549_utt4.wav,549,4,neutral,Joey
dia549_utt5.wav,549,5,neutral,Receptionist
dia549_utt6.wav,549,6,surprise,Joey
dia549_utt7.wav,549,7,sadness,Receptionist
dia549_utt8.wav,549,8,neutral,Joey
dia549_utt9.wav,549,9,joy,Receptionist
dia550_utt0.wav,550,0,neutral,Monica
dia551_utt0.wav,551,0,neutral,Phoebe
dia551_utt1.wav,551,1,joy,Monica
dia551_utt2.wav,551,2,neutral,Phoebe
dia551_utt3.wav,551,3,joy,Monica
dia551_utt4.wav,551,4,neutral,Phoebe
dia551_utt5.wav,551,5,joy,Monica
dia551_utt6.wav,551,6,neutral,Phoebe
dia551_utt7.wav,551,7,neutral,Monica
dia551_utt8.wav,551,8,neutral,Monica
dia551_utt9.wav,551,9,neutral,Phoebe
dia552_utt0.wav,552,0,disgust,Monica
dia552_utt1.wav,552,1,neutral,Julie
dia552_utt2.wav,552,2,neutral,Chandler
dia552_utt3.wav,552,3,neutral,Joey
dia552_utt4.wav,552,4,neutral,Stephanie
dia553_utt0.wav,553,0,neutral,Monica
dia553_utt1.wav,553,1,neutral,Ross
dia553_utt2.wav,553,2,neutral,Ross
dia553_utt3.wav,553,3,neutral,Monica
dia553_utt4.wav,553,4,neutral,Monica
dia553_utt5.wav,553,5,neutral,Ross
dia553_utt6.wav,553,6,joy,Ross
dia553_utt7.wav,553,7,joy,Monica
dia553_utt8.wav,553,8,joy,Ross
dia553_utt9.wav,553,9,surprise,Janine
dia553_utt10.wav,553,10,surprise,Joey
dia553_utt11.wav,553,11,neutral,Janine
dia553_utt12.wav,553,12,neutral,Joey
dia553_utt13.wav,553,13,neutral,Janine
dia553_utt14.wav,553,14,neutral,Janine
dia553_utt15.wav,553,15,neutral,Joey
dia553_utt16.wav,553,16,neutral,Director
dia553_utt17.wav,553,17,joy,Joey
dia553_utt18.wav,553,18,neutral,Director
dia553_utt19.wav,553,19,sadness,Joey
dia553_utt20.wav,553,20,anger,Director
dia554_utt0.wav,554,0,anger,Rachel
dia554_utt1.wav,554,1,anger,Monica
dia554_utt2.wav,554,2,neutral,Rachel
dia554_utt3.wav,554,3,neutral,Chandler
dia554_utt4.wav,554,4,neutral,Rachel
dia554_utt5.wav,554,5,neutral,Chandler
dia554_utt6.wav,554,6,neutral,Rachel
dia554_utt7.wav,554,7,surprise,Monica
dia554_utt8.wav,554,8,neutral,Rachel
dia554_utt9.wav,554,9,disgust,Monica
dia554_utt10.wav,554,10,sadness,Rachel
dia554_utt11.wav,554,11,disgust,Chandler
dia554_utt12.wav,554,12,disgust,Rachel
dia555_utt0.wav,555,0,sadness,Elizabeth
dia555_utt1.wav,555,1,joy,Ross
dia555_utt2.wav,555,2,anger,Elizabeth
dia555_utt3.wav,555,3,anger,Ross
dia555_utt4.wav,555,4,anger,Ross
dia556_utt0.wav,556,0,neutral,Joey
dia556_utt1.wav,556,1,neutral,Ross
dia556_utt2.wav,556,2,sadness,Joey
dia556_utt3.wav,556,3,neutral,Ross
dia556_utt4.wav,556,4,anger,Joey
dia556_utt5.wav,556,5,neutral,Ross
dia556_utt6.wav,556,6,surprise,Ross
dia557_utt0.wav,557,0,neutral,Katie
dia557_utt1.wav,557,1,neutral,Ross
dia557_utt2.wav,557,2,neutral,Katie
dia557_utt3.wav,557,3,neutral,Ross
dia557_utt4.wav,557,4,fear,Katie
dia557_utt5.wav,557,5,joy,Ross
dia557_utt6.wav,557,6,joy,Katie
dia557_utt7.wav,557,7,anger,Rachel
dia558_utt0.wav,558,0,joy,Rachel
dia558_utt1.wav,558,1,neutral,Chandler
dia558_utt2.wav,558,2,joy,Rachel
dia558_utt3.wav,558,3,surprise,Chandler
dia558_utt4.wav,558,4,fear,Rachel
dia558_utt5.wav,558,5,neutral,Chandler
dia558_utt6.wav,558,6,anger,Rachel
dia558_utt8.wav,558,8,sadness,Rachel
dia559_utt0.wav,559,0,neutral,Chandler
dia559_utt1.wav,559,1,neutral,All
dia559_utt2.wav,559,2,surprise,Chandler
dia559_utt3.wav,559,3,surprise,Joey
dia559_utt4.wav,559,4,neutral,Chandler
dia559_utt5.wav,559,5,neutral,Joey
dia559_utt6.wav,559,6,neutral,Phoebe
dia559_utt7.wav,559,7,neutral,Chandler
dia560_utt0.wav,560,0,joy,Monica
dia560_utt1.wav,560,1,joy,Joey
dia560_utt2.wav,560,2,joy,Monica
dia560_utt3.wav,560,3,joy,Joey
dia560_utt4.wav,560,4,joy,Monica
dia560_utt5.wav,560,5,joy,Joey
dia560_utt6.wav,560,6,joy,Monica
dia560_utt7.wav,560,7,joy,Joey
dia561_utt0.wav,561,0,neutral,Monica
dia561_utt1.wav,561,1,joy,Monica
dia561_utt2.wav,561,2,neutral,Monica
dia561_utt3.wav,561,3,surprise,Monica
dia561_utt4.wav,561,4,surprise,Joey
dia561_utt5.wav,561,5,anger,Monica
dia561_utt6.wav,561,6,neutral,Joey
dia561_utt7.wav,561,7,disgust,Monica
dia561_utt8.wav,561,8,neutral,Joey
dia561_utt9.wav,561,9,disgust,Monica
dia561_utt10.wav,561,10,neutral,Joey
dia561_utt11.wav,561,11,disgust,Monica
dia561_utt12.wav,561,12,neutral,Joey
dia561_utt13.wav,561,13,surprise,Monica
dia561_utt14.wav,561,14,surprise,Joey
dia561_utt15.wav,561,15,disgust,Monica
dia561_utt16.wav,561,16,neutral,Joey
dia561_utt17.wav,561,17,surprise,Monica
dia561_utt18.wav,561,18,neutral,Joey
dia562_utt0.wav,562,0,joy,Chandler
dia562_utt1.wav,562,1,joy,Monica
dia562_utt2.wav,562,2,neutral,Monica
dia562_utt3.wav,562,3,joy,Chandler
dia562_utt4.wav,562,4,neutral,Monica
dia562_utt5.wav,562,5,neutral,Chandler
dia562_utt6.wav,562,6,neutral,Monica
dia562_utt7.wav,562,7,joy,Chandler
dia562_utt8.wav,562,8,neutral,Monica
dia562_utt9.wav,562,9,joy,Ross
dia562_utt10.wav,562,10,joy,Rachel
dia562_utt11.wav,562,11,neutral,Rachel
dia563_utt0.wav,563,0,neutral,Monica
dia563_utt1.wav,563,1,neutral,Rachel
dia563_utt2.wav,563,2,neutral,Monica
dia563_utt3.wav,563,3,neutral,Rachel
dia563_utt4.wav,563,4,surprise,Monica
dia563_utt5.wav,563,5,surprise,Rachel
dia563_utt6.wav,563,6,neutral,Monica
dia563_utt7.wav,563,7,joy,Rachel
dia563_utt8.wav,563,8,joy,Kathy
dia564_utt0.wav,564,0,joy,Rachel
dia564_utt1.wav,564,1,surprise,Monica
dia564_utt2.wav,564,2,joy,Rachel
dia564_utt3.wav,564,3,joy,Monica
dia564_utt4.wav,564,4,neutral,Rachel
dia564_utt5.wav,564,5,neutral,Monica
dia564_utt6.wav,564,6,fear,Rachel
dia564_utt7.wav,564,7,neutral,Monica
dia564_utt8.wav,564,8,neutral,Monica
dia564_utt9.wav,564,9,sadness,Monica
dia564_utt10.wav,564,10,surprise,Rachel
dia565_utt0.wav,565,0,neutral,Janice
dia565_utt1.wav,565,1,neutral,Rachel
dia565_utt2.wav,565,2,neutral,Janice
dia565_utt3.wav,565,3,neutral,Phoebe
dia565_utt4.wav,565,4,joy,Janice
dia566_utt0.wav,566,0,surprise,Ross
dia566_utt1.wav,566,1,joy,Ross
dia567_utt0.wav,567,0,sadness,Ross
dia568_utt0.wav,568,0,disgust,Ross
dia568_utt1.wav,568,1,neutral,Rachel
dia568_utt2.wav,568,2,neutral,Monica
dia568_utt3.wav,568,3,neutral,All
dia568_utt4.wav,568,4,sadness,Phoebe
dia568_utt5.wav,568,5,disgust,Chandler
dia568_utt6.wav,568,6,surprise,Monica
dia568_utt7.wav,568,7,neutral,Chandler
dia568_utt8.wav,568,8,surprise,Monica
dia568_utt9.wav,568,9,surprise,Chandler
dia568_utt10.wav,568,10,anger,Monica
dia568_utt11.wav,568,11,anger,Chandler
dia569_utt0.wav,569,0,fear,Elizabeth
dia569_utt1.wav,569,1,neutral,Ross
dia569_utt2.wav,569,2,neutral,Elizabeth
dia569_utt3.wav,569,3,surprise,Elizabeth
dia570_utt0.wav,570,0,anger,Monica
dia570_utt1.wav,570,1,neutral,Ross
dia570_utt2.wav,570,2,joy,Monica
dia570_utt3.wav,570,3,neutral,Rachel
dia571_utt0.wav,571,0,neutral,Joey
dia571_utt1.wav,571,1,fear,Ross
dia571_utt2.wav,571,2,anger,Phoebe
dia571_utt3.wav,571,3,neutral,Joey
dia571_utt4.wav,571,4,neutral,Joey
dia571_utt5.wav,571,5,neutral,Joey
dia571_utt6.wav,571,6,neutral,Joey
dia571_utt7.wav,571,7,neutral,Joey
dia571_utt8.wav,571,8,neutral,Joey
dia571_utt9.wav,571,9,neutral,Joey
dia571_utt10.wav,571,10,joy,Phoebe
dia571_utt11.wav,571,11,disgust,Monica
dia571_utt12.wav,571,12,neutral,Joey
dia571_utt13.wav,571,13,anger,Ross
dia571_utt14.wav,571,14,surprise,Rachel
dia571_utt15.wav,571,15,anger,Joey
dia572_utt0.wav,572,0,sadness,Rachel
dia572_utt1.wav,572,1,disgust,Rachel
dia572_utt2.wav,572,2,surprise,Rachel
dia572_utt3.wav,572,3,surprise,Rachel
dia572_utt6.wav,572,6,anger,Evil Bitch
dia572_utt7.wav,572,7,anger,Sick Bastard
dia572_utt8.wav,572,8,anger,Evil Bitch
dia572_utt9.wav,572,9,fear,Sick Bastard
dia572_utt10.wav,572,10,anger,Evil Bitch
dia572_utt11.wav,572,11,neutral,Ross
dia572_utt12.wav,572,12,anger,Evil Bitch
dia572_utt13.wav,572,13,neutral,Ross
dia572_utt14.wav,572,14,neutral,Evil Bitch
dia572_utt15.wav,572,15,neutral,Ross
dia572_utt16.wav,572,16,neutral,Rachel
dia572_utt17.wav,572,17,fear,Ross
dia572_utt18.wav,572,18,neutral,Rachel
dia572_utt19.wav,572,19,anger,Ross
dia572_utt20.wav,572,20,anger,Evil Bitch
dia573_utt0.wav,573,0,neutral,Phoebe
dia573_utt1.wav,573,1,joy,Rachel
dia573_utt2.wav,573,2,neutral,Phoebe
dia573_utt3.wav,573,3,joy,Rachel
dia573_utt4.wav,573,4,neutral,Phoebe
dia573_utt5.wav,573,5,joy,Rachel
dia573_utt6.wav,573,6,joy,Rachel
dia573_utt7.wav,573,7,joy,Phoebe
dia573_utt8.wav,573,8,anger,Ross
dia573_utt9.wav,573,9,joy,Rachel
dia573_utt10.wav,573,10,anger,Ross
dia574_utt0.wav,574,0,neutral,Monica
dia574_utt1.wav,574,1,neutral,Rachel
dia574_utt2.wav,574,2,surprise,Joey
dia574_utt3.wav,574,3,neutral,Chandler
dia574_utt4.wav,574,4,surprise,Joey
dia574_utt5.wav,574,5,surprise,Joey
dia574_utt6.wav,574,6,neutral,Chandler
dia574_utt7.wav,574,7,surprise,Joey
dia574_utt8.wav,574,8,joy,Monica
dia574_utt9.wav,574,9,surprise,Joey
dia574_utt10.wav,574,10,neutral,Chandler
dia574_utt11.wav,574,11,surprise,Joey
dia574_utt12.wav,574,12,neutral,Chandler
dia574_utt13.wav,574,13,surprise,Joey
dia574_utt14.wav,574,14,fear,Chandler
dia574_utt15.wav,574,15,fear,Monica
dia574_utt16.wav,574,16,surprise,Joey
dia574_utt17.wav,574,17,joy,Monica
dia574_utt18.wav,574,18,disgust,Joey
dia574_utt19.wav,574,19,sadness,Phoebe
dia575_utt0.wav,575,0,neutral,Julie
dia575_utt1.wav,575,1,neutral,Rachel
dia575_utt2.wav,575,2,neutral,Julie
dia575_utt3.wav,575,3,neutral,Rachel
dia576_utt0.wav,576,0,fear,Chandler
dia576_utt1.wav,576,1,neutral,Joey
dia576_utt2.wav,576,2,surprise,Chandler
dia576_utt3.wav,576,3,neutral,Joey
dia576_utt4.wav,576,4,neutral,Chandler
dia576_utt5.wav,576,5,neutral,Joey
dia576_utt6.wav,576,6,neutral,Chandler
dia576_utt7.wav,576,7,joy,Joey
dia576_utt8.wav,576,8,neutral,Chandler
dia576_utt9.wav,576,9,neutral,Joey
dia576_utt10.wav,576,10,anger,Chandler
dia577_utt0.wav,577,0,neutral,Joey
dia577_utt1.wav,577,1,neutral,Joey
dia577_utt2.wav,577,2,neutral,Joey
dia577_utt3.wav,577,3,neutral,Joey
dia577_utt4.wav,577,4,neutral,Joey
dia577_utt5.wav,577,5,joy,Joey
dia577_utt6.wav,577,6,neutral,Student
dia577_utt7.wav,577,7,joy,Joey
dia578_utt0.wav,578,0,neutral,Phoebe
dia578_utt1.wav,578,1,surprise,Mr. Heckles
dia578_utt2.wav,578,2,neutral,Eric
dia578_utt3.wav,578,3,surprise,Mr. Heckles
dia578_utt4.wav,578,4,surprise,Eric
dia578_utt5.wav,578,5,surprise,Mr. Heckles
dia578_utt6.wav,578,6,surprise,Eric
dia578_utt7.wav,578,7,neutral,Mr. Heckles
dia578_utt8.wav,578,8,surprise,Eric
dia578_utt9.wav,578,9,joy,Mr. Heckles
dia579_utt0.wav,579,0,surprise,Phoebe
dia579_utt1.wav,579,1,joy,Chandler
dia580_utt0.wav,580,0,neutral,Phoebe
dia580_utt1.wav,580,1,neutral,Chandler
dia581_utt0.wav,581,0,neutral,Phoebe
dia582_utt0.wav,582,0,neutral,Phoebe
dia583_utt0.wav,583,0,neutral,Phoebe
dia583_utt1.wav,583,1,anger,Chandler
dia583_utt2.wav,583,2,neutral,Phoebe
dia583_utt3.wav,583,3,neutral,Rachel
dia583_utt4.wav,583,4,surprise,Phoebe
dia583_utt5.wav,583,5,surprise,Rachel
dia583_utt6.wav,583,6,fear,Phoebe
dia583_utt7.wav,583,7,surprise,Chandler
dia583_utt8.wav,583,8,neutral,Phoebe
dia583_utt9.wav,583,9,neutral,Monica
dia584_utt0.wav,584,0,joy,Ross
dia584_utt1.wav,584,1,neutral,Mrs. Geller
dia584_utt2.wav,584,2,joy,Ross
dia584_utt3.wav,584,3,neutral,Mrs. Geller
dia584_utt4.wav,584,4,neutral,Ross
dia584_utt5.wav,584,5,neutral,Mrs. Geller
dia584_utt6.wav,584,6,surprise,Ross
dia584_utt7.wav,584,7,joy,Mrs. Geller
dia584_utt8.wav,584,8,surprise,Ross
dia584_utt9.wav,584,9,fear,Mrs. Geller
dia585_utt0.wav,585,0,sadness,Ross
dia585_utt1.wav,585,1,sadness,Ross
dia585_utt2.wav,585,2,sadness,Phoebe
dia585_utt3.wav,585,3,sadness,Phoebe
dia585_utt4.wav,585,4,sadness,Ross
dia585_utt5.wav,585,5,neutral,Phoebe
dia585_utt6.wav,585,6,sadness,Ross
dia585_utt7.wav,585,7,surprise,Ross
dia585_utt8.wav,585,8,neutral,Phoebe
dia585_utt9.wav,585,9,joy,Ross
dia585_utt10.wav,585,10,sadness,Ross
dia585_utt11.wav,585,11,surprise,Phoebe
dia585_utt12.wav,585,12,sadness,Ross
dia586_utt0.wav,586,0,neutral,Mark
dia587_utt0.wav,587,0,surprise,Rachel
dia587_utt1.wav,587,1,joy,Mark
dia587_utt2.wav,587,2,surprise,Rachel
dia587_utt3.wav,587,3,joy,Mark
dia587_utt4.wav,587,4,surprise,Rachel
dia587_utt5.wav,587,5,joy,Joey
dia588_utt0.wav,588,0,anger,Chandler
dia588_utt1.wav,588,1,sadness,Monica
dia588_utt2.wav,588,2,neutral,Monica
dia588_utt3.wav,588,3,neutral,Monica
dia588_utt4.wav,588,4,neutral,Monica
dia588_utt5.wav,588,5,anger,Monica
dia588_utt6.wav,588,6,neutral,Monica
dia589_utt0.wav,589,0,neutral,Earl
dia589_utt1.wav,589,1,surprise,Phoebe
dia589_utt2.wav,589,2,surprise,Earl
dia589_utt3.wav,589,3,neutral,Phoebe
dia589_utt4.wav,589,4,joy,Joey
dia589_utt5.wav,589,5,sadness,Phoebe
dia589_utt6.wav,589,6,neutral,Earl
dia589_utt7.wav,589,7,anger,Earl
dia589_utt8.wav,589,8,joy,Earl
dia589_utt9.wav,589,9,joy,Earl
dia589_utt10.wav,589,10,sadness,Earl
dia590_utt0.wav,590,0,joy,Ross
dia590_utt1.wav,590,1,joy,Monica
dia590_utt2.wav,590,2,surprise,Chandler
dia590_utt3.wav,590,3,surprise,Monica
dia590_utt4.wav,590,4,joy,Phoebe
dia590_utt5.wav,590,5,sadness,Kyle
dia590_utt6.wav,590,6,neutral,Phoebe
dia590_utt7.wav,590,7,fear,Kyle
dia590_utt8.wav,590,8,sadness,Phoebe
dia590_utt9.wav,590,9,surprise,Kyle
dia590_utt10.wav,590,10,neutral,Phoebe
dia590_utt11.wav,590,11,anger,Kyle
dia590_utt12.wav,590,12,neutral,Phoebe
dia590_utt13.wav,590,13,neutral,Ross
dia590_utt14.wav,590,14,neutral,Phoebe
dia590_utt15.wav,590,15,surprise,Ross
dia590_utt16.wav,590,16,neutral,Phoebe
dia590_utt17.wav,590,17,neutral,Ross
dia591_utt0.wav,591,0,neutral,Chandler
dia591_utt1.wav,591,1,neutral,Ross
dia591_utt2.wav,591,2,neutral,Joey
dia591_utt3.wav,591,3,neutral,Ross
dia592_utt0.wav,592,0,neutral,Ross
dia592_utt1.wav,592,1,disgust,Phoebe
dia592_utt2.wav,592,2,surprise,Ross
dia592_utt3.wav,592,3,anger,Rachel
dia592_utt4.wav,592,4,neutral,Joey
dia592_utt5.wav,592,5,neutral,Joey
dia592_utt6.wav,592,6,neutral,Joey
dia592_utt7.wav,592,7,neutral,Joey
dia592_utt8.wav,592,8,neutral,Joey
dia592_utt9.wav,592,9,anger,Joey
dia592_utt10.wav,592,10,anger,Joey
dia592_utt11.wav,592,11,neutral,Phoebe
dia592_utt12.wav,592,12,anger,Joey
dia592_utt13.wav,592,13,anger,Joey
dia593_utt0.wav,593,0,neutral,Ross
dia593_utt1.wav,593,1,neutral,Chandler
dia593_utt2.wav,593,2,joy,Phoebe
dia593_utt3.wav,593,3,sadness,Robert
dia593_utt4.wav,593,4,sadness,Robert
dia593_utt5.wav,593,5,anger,Robert
dia593_utt6.wav,593,6,sadness,Robert
dia593_utt7.wav,593,7,sadness,Robert
dia593_utt8.wav,593,8,sadness,Robert
dia593_utt9.wav,593,9,surprise,Phoebe
dia593_utt10.wav,593,10,disgust,Gunther
dia594_utt0.wav,594,0,sadness,Joey
dia594_utt1.wav,594,1,sadness,Joey
dia594_utt2.wav,594,2,sadness,Joey
dia594_utt3.wav,594,3,sadness,Joey
dia594_utt4.wav,594,4,neutral,Joey
dia594_utt5.wav,594,5,sadness,Joey
dia594_utt6.wav,594,6,sadness,Joey
dia594_utt7.wav,594,7,sadness,Nurse #1
dia594_utt8.wav,594,8,joy,Nurse #2
dia594_utt9.wav,594,9,neutral,Dr. Stryker Ramoray
dia594_utt10.wav,594,10,joy,Joey
dia595_utt0.wav,595,0,anger,Monica
dia595_utt1.wav,595,1,neutral,Chandler
dia595_utt2.wav,595,2,anger,Monica
dia595_utt3.wav,595,3,anger,Chandler
dia595_utt4.wav,595,4,sadness,Monica
dia595_utt5.wav,595,5,anger,Chandler
dia595_utt6.wav,595,6,fear,Monica
dia596_utt0.wav,596,0,anger,Joey
dia596_utt1.wav,596,1,neutral,Chandler
dia596_utt2.wav,596,2,neutral,Phoebe
dia596_utt3.wav,596,3,neutral,Joey
dia596_utt4.wav,596,4,neutral,Monica
dia596_utt5.wav,596,5,sadness,Joey
dia596_utt6.wav,596,6,anger,Chandler
dia596_utt7.wav,596,7,neutral,Monica
dia596_utt8.wav,596,8,anger,Phoebe
dia596_utt9.wav,596,9,neutral,Monica
dia596_utt10.wav,596,10,anger,Phoebe
dia596_utt11.wav,596,11,fear,Monica
dia596_utt12.wav,596,12,neutral,Phoebe
dia596_utt13.wav,596,13,neutral,Chandler
dia596_utt14.wav,596,14,neutral,Phoebe
dia596_utt15.wav,596,15,anger,Chandler
dia596_utt16.wav,596,16,anger,Phoebe
dia596_utt17.wav,596,17,neutral,Ross
dia596_utt18.wav,596,18,neutral,Joey
dia596_utt19.wav,596,19,anger,Rachel
dia596_utt20.wav,596,20,anger,Ross
dia596_utt21.wav,596,21,anger,Joey
dia597_utt0.wav,597,0,joy,Monica
dia597_utt1.wav,597,1,joy,Chandler
dia597_utt2.wav,597,2,surprise,Chandler
dia597_utt3.wav,597,3,surprise,Monica
dia597_utt4.wav,597,4,neutral,Chandler
dia597_utt5.wav,597,5,neutral,Chandler
dia597_utt6.wav,597,6,joy,Monica
dia597_utt7.wav,597,7,neutral,Chandler
dia597_utt8.wav,597,8,joy,Monica
dia597_utt9.wav,597,9,neutral,Chandler
dia597_utt10.wav,597,10,neutral,Monica
dia597_utt11.wav,597,11,neutral,Chandler
dia598_utt0.wav,598,0,joy,Ross
dia598_utt1.wav,598,1,joy,Ross
dia598_utt2.wav,598,2,anger,Ross
dia598_utt3.wav,598,3,neutral,Monica
dia598_utt4.wav,598,4,neutral,Ross
dia599_utt0.wav,599,0,surprise,Monica
dia599_utt1.wav,599,1,neutral,Chandler
dia599_utt2.wav,599,2,anger,Monica
dia599_utt3.wav,599,3,neutral,Joey
dia599_utt4.wav,599,4,anger,Monica
dia599_utt5.wav,599,5,anger,Joey
dia599_utt6.wav,599,6,joy,Phoebe
dia599_utt7.wav,599,7,joy,Monica
dia599_utt8.wav,599,8,neutral,Joey
dia599_utt9.wav,599,9,joy,Monica
dia599_utt10.wav,599,10,anger,Ross
dia599_utt11.wav,599,11,neutral,Phoebe
dia599_utt12.wav,599,12,neutral,Ross
dia599_utt13.wav,599,13,neutral,Ross
dia599_utt14.wav,599,14,surprise,Phoebe
dia599_utt15.wav,599,15,joy,Ross
dia599_utt16.wav,599,16,neutral,Phoebe
dia599_utt17.wav,599,17,neutral,Ross
dia600_utt0.wav,600,0,neutral,Helena
dia600_utt1.wav,600,1,joy,Chandler
dia601_utt0.wav,601,0,surprise,Phoebe
dia601_utt1.wav,601,1,neutral,Monica
dia601_utt2.wav,601,2,joy,Phoebe
dia601_utt3.wav,601,3,joy,Rachel
dia601_utt4.wav,601,4,joy,Monica
dia601_utt5.wav,601,5,joy,All
dia602_utt0.wav,602,0,joy,Monica
dia602_utt1.wav,602,1,joy,Angela
dia602_utt2.wav,602,2,joy,Monica
dia602_utt3.wav,602,3,joy,Angela
dia602_utt4.wav,602,4,surprise,Monica
dia602_utt5.wav,602,5,neutral,Angela
dia603_utt0.wav,603,0,neutral,Ross
dia603_utt1.wav,603,1,neutral,Ben
dia603_utt2.wav,603,2,joy,Ross
dia603_utt3.wav,603,3,joy,Ben
dia603_utt4.wav,603,4,surprise,Ross
dia603_utt5.wav,603,5,neutral,Chandler
dia603_utt6.wav,603,6,neutral,Ross
dia603_utt7.wav,603,7,joy,Rachel
dia603_utt8.wav,603,8,neutral,Phoebe
dia603_utt9.wav,603,9,surprise,Rachel
dia603_utt10.wav,603,10,joy,Ross
dia603_utt11.wav,603,11,neutral,Rachel
dia603_utt12.wav,603,12,neutral,Phoebe
dia603_utt13.wav,603,13,neutral,Phoebe
dia604_utt0.wav,604,0,joy,Pete
dia604_utt1.wav,604,1,joy,Monica
dia604_utt2.wav,604,2,surprise,Phoebe
dia604_utt3.wav,604,3,neutral,Pete
dia604_utt4.wav,604,4,surprise,Phoebe
dia604_utt5.wav,604,5,neutral,Pete
dia604_utt6.wav,604,6,neutral,Phoebe
dia604_utt7.wav,604,7,neutral,Phoebe
dia604_utt8.wav,604,8,joy,Pete
dia604_utt9.wav,604,9,neutral,Phoebe
dia604_utt10.wav,604,10,fear,Pete
dia604_utt11.wav,604,11,neutral,Phoebe
dia604_utt12.wav,604,12,neutral,Pete
dia604_utt13.wav,604,13,neutral,Phoebe
dia605_utt0.wav,605,0,neutral,Rachel
dia605_utt1.wav,605,1,anger,Man
dia605_utt2.wav,605,2,neutral,Ross
dia605_utt3.wav,605,3,joy,Julie
dia605_utt4.wav,605,4,joy,Ross
dia605_utt5.wav,605,5,surprise,Julie
dia605_utt6.wav,605,6,fear,Julie
dia605_utt7.wav,605,7,neutral,Ross
dia605_utt8.wav,605,8,neutral,Julie
dia606_utt0.wav,606,0,surprise,Monica
dia606_utt1.wav,606,1,surprise,Monica
dia606_utt2.wav,606,2,neutral,Steve
dia606_utt3.wav,606,3,surprise,Monica
dia606_utt4.wav,606,4,joy,Steve
dia606_utt5.wav,606,5,surprise,Monica
dia606_utt6.wav,606,6,neutral,Steve
dia606_utt7.wav,606,7,neutral,Ross
dia606_utt8.wav,606,8,neutral,Chandler
dia606_utt9.wav,606,9,neutral,Steve
dia606_utt10.wav,606,10,neutral,Steve
dia606_utt11.wav,606,11,surprise,Steve
dia607_utt0.wav,607,0,disgust,Joey
dia607_utt1.wav,607,1,disgust,Ross
dia607_utt2.wav,607,2,anger,Chandler
dia607_utt3.wav,607,3,neutral,Chandler
dia607_utt4.wav,607,4,neutral,Rachel
dia607_utt5.wav,607,5,surprise,Chandler
dia607_utt6.wav,607,6,surprise,Chandler
dia607_utt7.wav,607,7,joy,Chandler
dia607_utt8.wav,607,8,surprise,Chandler
dia607_utt9.wav,607,9,neutral,Chandler
dia607_utt10.wav,607,10,neutral,Chandler
dia607_utt11.wav,607,11,neutral,Chandler
dia607_utt12.wav,607,12,joy,Chandler
dia607_utt13.wav,607,13,joy,Rachel
dia607_utt14.wav,607,14,neutral,Ross
dia607_utt15.wav,607,15,neutral,Rachel
dia608_utt0.wav,608,0,surprise,Phoebe
dia608_utt1.wav,608,1,neutral,Phoebe
dia608_utt2.wav,608,2,neutral,Phoebe
dia608_utt3.wav,608,3,neutral,Ross
dia608_utt4.wav,608,4,neutral,Phoebe
dia608_utt5.wav,608,5,fear,Ross
dia608_utt6.wav,608,6,joy,Joey
dia608_utt7.wav,608,7,joy,Ross
dia608_utt8.wav,608,8,neutral,Ross
dia608_utt9.wav,608,9,neutral,Joey
dia609_utt0.wav,609,0,neutral,Rachel
dia610_utt0.wav,610,0,joy,Charlie
dia610_utt1.wav,610,1,joy,Ross
dia610_utt2.wav,610,2,neutral,Ross
dia610_utt3.wav,610,3,surprise,Charlie
dia610_utt4.wav,610,4,joy,Ross
dia610_utt5.wav,610,5,surprise,Charlie
dia610_utt6.wav,610,6,joy,Ross
dia610_utt7.wav,610,7,joy,Ross
dia611_utt0.wav,611,0,neutral,Ross
dia611_utt1.wav,611,1,neutral,Monica
dia611_utt2.wav,611,2,neutral,Chandler
dia611_utt3.wav,611,3,neutral,Ross
dia611_utt4.wav,611,4,neutral,Chandler
dia611_utt5.wav,611,5,neutral,Rachel
dia611_utt6.wav,611,6,neutral,Chandler
dia611_utt7.wav,611,7,surprise,Rachel
dia611_utt8.wav,611,8,neutral,Rachel
dia611_utt9.wav,611,9,neutral,Rachel
dia611_utt10.wav,611,10,joy,Rachel
dia611_utt11.wav,611,11,neutral,Ross
dia611_utt12.wav,611,12,neutral,Rachel
dia611_utt13.wav,611,13,neutral,Chandler
dia611_utt14.wav,611,14,neutral,Rachel
dia612_utt0.wav,612,0,joy,Joey
dia612_utt1.wav,612,1,fear,Chandler
dia612_utt2.wav,612,2,neutral,Joey
dia612_utt3.wav,612,3,neutral,Chandler
dia612_utt4.wav,612,4,surprise,Joey
dia612_utt5.wav,612,5,fear,Chandler
dia612_utt6.wav,612,6,anger,Chandler
dia612_utt7.wav,612,7,neutral,Chandler
dia612_utt8.wav,612,8,neutral,Chandler
dia612_utt9.wav,612,9,neutral,Chandler
dia613_utt0.wav,613,0,neutral,Ross
dia613_utt1.wav,613,1,neutral,Phoebe
dia613_utt2.wav,613,2,neutral,Monica
dia613_utt3.wav,613,3,neutral,Phoebe
dia613_utt4.wav,613,4,neutral,Monica
dia613_utt5.wav,613,5,neutral,Phoebe
dia613_utt6.wav,613,6,neutral,Monica
dia613_utt7.wav,613,7,neutral,Phoebe
dia613_utt8.wav,613,8,surprise,Phoebe
dia613_utt9.wav,613,9,anger,Monica
dia613_utt10.wav,613,10,anger,Phoebe
dia614_utt0.wav,614,0,neutral,Kim
dia614_utt1.wav,614,1,joy,Nancy
dia614_utt2.wav,614,2,joy,Rachel
dia614_utt3.wav,614,3,neutral,Kim
dia614_utt4.wav,614,4,neutral,Rachel
dia614_utt5.wav,614,5,neutral,Nancy
dia614_utt6.wav,614,6,disgust,Kim
dia614_utt7.wav,614,7,neutral,Nancy
dia614_utt8.wav,614,8,joy,Rachel
dia614_utt9.wav,614,9,neutral,Kim
dia614_utt10.wav,614,10,joy,Nancy
dia614_utt11.wav,614,11,neutral,Rachel
dia614_utt12.wav,614,12,neutral,Rachel
dia614_utt13.wav,614,13,joy,Rachel
dia614_utt14.wav,614,14,joy,Rachel
dia614_utt15.wav,614,15,neutral,Rachel
dia614_utt16.wav,614,16,joy,Rachel
dia614_utt17.wav,614,17,joy,Kim
dia614_utt18.wav,614,18,joy,Rachel
dia614_utt19.wav,614,19,sadness,Kim
dia614_utt20.wav,614,20,joy,Rachel
dia615_utt0.wav,615,0,neutral,Chandler
dia615_utt1.wav,615,1,neutral,Phoebe
dia615_utt2.wav,615,2,disgust,All
dia615_utt3.wav,615,3,anger,All
dia615_utt4.wav,615,4,disgust,Rachel
dia615_utt5.wav,615,5,anger,Chandler
dia615_utt6.wav,615,6,surprise,Monica
dia615_utt7.wav,615,7,anger,Chandler
dia615_utt8.wav,615,8,anger,Chandler
dia615_utt9.wav,615,9,anger,Chandler
dia615_utt10.wav,615,10,anger,Chandler
dia615_utt11.wav,615,11,anger,Chandler
dia615_utt12.wav,615,12,disgust,Chandler
dia615_utt13.wav,615,13,anger,Chandler
dia615_utt14.wav,615,14,anger,Joey
dia615_utt15.wav,615,15,neutral,Rachel
dia615_utt16.wav,615,16,neutral,Joey
dia615_utt17.wav,615,17,neutral,Ross
dia615_utt18.wav,615,18,anger,Joey
dia615_utt19.wav,615,19,neutral,Ross
dia615_utt20.wav,615,20,joy,Rachel
dia615_utt21.wav,615,21,neutral,Phoebe
dia615_utt22.wav,615,22,anger,Rachel
dia616_utt0.wav,616,0,sadness,Joey
dia616_utt1.wav,616,1,neutral,Monica
dia616_utt2.wav,616,2,sadness,Joey
dia616_utt3.wav,616,3,neutral,Ross
dia616_utt4.wav,616,4,neutral,Joey
dia617_utt0.wav,617,0,neutral,Phoebe
dia617_utt1.wav,617,1,neutral,Monica
dia617_utt2.wav,617,2,neutral,Phoebe
dia617_utt3.wav,617,3,disgust,Phoebe
dia617_utt4.wav,617,4,neutral,Phoebe
dia617_utt5.wav,617,5,neutral,Phoebe
dia617_utt6.wav,617,6,anger,Phoebe
dia617_utt7.wav,617,7,anger,Phoebe
dia617_utt8.wav,617,8,neutral,Phoebe
dia617_utt9.wav,617,9,neutral,Phoebe
dia617_utt10.wav,617,10,neutral,Chandler
dia618_utt0.wav,618,0,joy,Janice
dia618_utt1.wav,618,1,joy,Rachel
dia619_utt0.wav,619,0,neutral,Janice
dia619_utt1.wav,619,1,neutral,Rachel
dia619_utt2.wav,619,2,neutral,Janice
dia619_utt3.wav,619,3,neutral,Rachel
dia619_utt4.wav,619,4,neutral,Janice
dia619_utt5.wav,619,5,neutral,Rachel
dia619_utt6.wav,619,6,neutral,Janice
dia619_utt7.wav,619,7,sadness,Rachel
dia619_utt8.wav,619,8,disgust,Janice
dia620_utt0.wav,620,0,neutral,Phoebe
dia621_utt0.wav,621,0,neutral,Ross
dia621_utt1.wav,621,1,neutral,Rachel
dia621_utt2.wav,621,2,neutral,Ross
dia621_utt3.wav,621,3,anger,Rachel
dia621_utt4.wav,621,4,anger,Rachel
dia621_utt5.wav,621,5,neutral,Rachel
dia621_utt6.wav,621,6,neutral,Rachel
dia621_utt7.wav,621,7,surprise,Ross
dia622_utt0.wav,622,0,neutral,Rachel
dia622_utt1.wav,622,1,neutral,Phoebe
dia622_utt2.wav,622,2,surprise,Rachel
dia622_utt3.wav,622,3,neutral,Phoebe
dia622_utt4.wav,622,4,sadness,Rachel
dia622_utt5.wav,622,5,neutral,Rachel
dia622_utt6.wav,622,6,neutral,Rachel
dia622_utt7.wav,622,7,neutral,Phoebe
dia622_utt8.wav,622,8,neutral,Rachel
dia622_utt9.wav,622,9,neutral,Phoebe
dia622_utt10.wav,622,10,surprise,Rachel
dia622_utt11.wav,622,11,neutral,Phoebe
dia622_utt12.wav,622,12,neutral,Phoebe
dia622_utt13.wav,622,13,joy,Rachel
dia622_utt14.wav,622,14,neutral,Phoebe
dia623_utt0.wav,623,0,disgust,Joey
dia623_utt1.wav,623,1,fear,Joey
dia623_utt2.wav,623,2,anger,Joey
dia623_utt3.wav,623,3,anger,Joey
dia623_utt4.wav,623,4,joy,Ross
dia623_utt5.wav,623,5,joy,Chandler
dia623_utt6.wav,623,6,neutral,Joey
dia623_utt7.wav,623,7,joy,Ross
dia623_utt8.wav,623,8,joy,Ross
dia623_utt9.wav,623,9,joy,Ross
dia623_utt10.wav,623,10,joy,Ross
dia623_utt11.wav,623,11,surprise,Ross
dia623_utt12.wav,623,12,joy,Joey
dia623_utt13.wav,623,13,joy,Ross
dia623_utt14.wav,623,14,neutral,Joey
dia623_utt15.wav,623,15,surprise,Ross
dia623_utt16.wav,623,16,surprise,Chandler
dia623_utt17.wav,623,17,joy,Ross
dia623_utt18.wav,623,18,joy,Chandler
dia624_utt0.wav,624,0,surprise,Ross
dia625_utt0.wav,625,0,neutral,Ross
dia625_utt1.wav,625,1,neutral,Joey
dia625_utt2.wav,625,2,neutral,Ross
dia625_utt3.wav,625,3,neutral,Joey
dia625_utt4.wav,625,4,joy,Ross
dia625_utt5.wav,625,5,neutral,Joey
dia625_utt6.wav,625,6,neutral,Ross
dia625_utt7.wav,625,7,neutral,Joey
dia625_utt8.wav,625,8,neutral,Ross
dia625_utt9.wav,625,9,neutral,Joey
dia625_utt10.wav,625,10,neutral,Ross
dia625_utt11.wav,625,11,anger,Joey
dia625_utt12.wav,625,12,neutral,Joey
dia625_utt13.wav,625,13,anger,Joey
dia625_utt14.wav,625,14,neutral,Ross
dia625_utt15.wav,625,15,neutral,Joey
dia625_utt16.wav,625,16,neutral,Ross
dia625_utt17.wav,625,17,neutral,Joey
dia625_utt18.wav,625,18,neutral,Ross
dia625_utt19.wav,625,19,neutral,Joey
dia626_utt0.wav,626,0,neutral,Monica
dia626_utt1.wav,626,1,neutral,Joey
dia626_utt2.wav,626,2,neutral,Chandler
dia626_utt3.wav,626,3,joy,Monica
dia626_utt4.wav,626,4,anger,Chandler
dia626_utt5.wav,626,5,neutral,Monica
dia626_utt6.wav,626,6,neutral,Joey
dia626_utt7.wav,626,7,surprise,Monica
dia626_utt8.wav,626,8,surprise,Joey
dia626_utt9.wav,626,9,neutral,Monica
dia626_utt10.wav,626,10,neutral,Joey
dia626_utt11.wav,626,11,neutral,Monica
dia626_utt12.wav,626,12,surprise,Joey
dia626_utt13.wav,626,13,neutral,Monica
dia627_utt0.wav,627,0,neutral,Phoebe
dia628_utt0.wav,628,0,surprise,Joey
dia628_utt1.wav,628,1,neutral,Joey
dia628_utt2.wav,628,2,surprise,Joey
dia628_utt3.wav,628,3,neutral,Joey
dia628_utt4.wav,628,4,disgust,Gunther
dia628_utt5.wav,628,5,neutral,Joey
dia628_utt6.wav,628,6,neutral,Monica
dia628_utt7.wav,628,7,surprise,Joey
dia628_utt8.wav,628,8,surprise,Chandler
dia628_utt9.wav,628,9,neutral,Joey
dia628_utt10.wav,628,10,neutral,Joey
dia628_utt11.wav,628,11,neutral,Joey
dia628_utt12.wav,628,12,neutral,Chandler
dia628_utt13.wav,628,13,joy,Joey
dia629_utt0.wav,629,0,neutral,Carol
dia629_utt1.wav,629,1,joy,Ross
dia629_utt2.wav,629,2,joy,Ross
dia629_utt3.wav,629,3,joy,Ross
dia629_utt4.wav,629,4,joy,Ross
dia629_utt5.wav,629,5,joy,Susan
dia629_utt6.wav,629,6,joy,Rachel
dia629_utt7.wav,629,7,neutral,Susan
dia629_utt8.wav,629,8,joy,Ross
dia629_utt9.wav,629,9,neutral,Monica
dia629_utt10.wav,629,10,neutral,Monica
dia629_utt11.wav,629,11,neutral,Monica
dia629_utt12.wav,629,12,neutral,Monica
dia629_utt13.wav,629,13,neutral,Monica
dia629_utt14.wav,629,14,neutral,Monica
dia629_utt15.wav,629,15,neutral,Monica
dia629_utt16.wav,629,16,surprise,Rachel
dia629_utt17.wav,629,17,neutral,Monica
dia630_utt0.wav,630,0,joy,Monica
dia630_utt1.wav,630,1,joy,Phoebe
dia630_utt2.wav,630,2,disgust,Monica
dia630_utt3.wav,630,3,surprise,Phoebe
dia630_utt4.wav,630,4,neutral,Monica
dia630_utt5.wav,630,5,joy,Phoebe
dia630_utt6.wav,630,6,joy,Monica
dia630_utt7.wav,630,7,neutral,Phoebe
dia630_utt8.wav,630,8,neutral,Monica
dia630_utt9.wav,630,9,surprise,Phoebe
dia630_utt10.wav,630,10,neutral,Joey
dia630_utt11.wav,630,11,neutral,Joey
dia630_utt12.wav,630,12,neutral,Joey
dia630_utt13.wav,630,13,neutral,Joey
dia630_utt14.wav,630,14,neutral,Joey
dia631_utt0.wav,631,0,surprise,Rachel
dia632_utt0.wav,632,0,surprise,Monica
dia632_utt1.wav,632,1,fear,Rachel
dia632_utt2.wav,632,2,surprise,Monica
dia632_utt3.wav,632,3,anger,Monica
dia632_utt4.wav,632,4,anger,Monica
dia632_utt5.wav,632,5,anger,Monica
dia632_utt6.wav,632,6,disgust,Monica
dia632_utt7.wav,632,7,disgust,Monica
dia632_utt8.wav,632,8,surprise,Monica
dia632_utt9.wav,632,9,neutral,Rachel
dia632_utt10.wav,632,10,sadness,Monica
dia632_utt11.wav,632,11,sadness,Rachel
dia632_utt12.wav,632,12,neutral,Monica
dia632_utt13.wav,632,13,neutral,Rachel
dia632_utt14.wav,632,14,neutral,Monica
dia632_utt15.wav,632,15,neutral,Rachel
dia632_utt16.wav,632,16,sadness,Monica
dia632_utt17.wav,632,17,sadness,Rachel
dia633_utt0.wav,633,0,neutral,Phoebe
dia633_utt1.wav,633,1,joy,Mrs. Geller
dia633_utt2.wav,633,2,surprise,Phoebe
dia633_utt3.wav,633,3,joy,Monica
dia633_utt4.wav,633,4,joy,Rachel
dia633_utt5.wav,633,5,joy,Monica
dia633_utt6.wav,633,6,neutral,Rachel
dia633_utt7.wav,633,7,fear,Joey
dia633_utt8.wav,633,8,neutral,Rachel
dia633_utt9.wav,633,9,anger,Joey
dia634_utt0.wav,634,0,anger,Ross
dia634_utt1.wav,634,1,neutral,Rachel
dia634_utt2.wav,634,2,anger,Rachel
dia634_utt3.wav,634,3,anger,Rachel
dia634_utt4.wav,634,4,neutral,Ross
dia634_utt5.wav,634,5,sadness,Rachel
dia634_utt6.wav,634,6,neutral,Rachel
dia634_utt7.wav,634,7,anger,Ben
dia634_utt8.wav,634,8,neutral,Rachel
dia635_utt0.wav,635,0,surprise,Monica
dia635_utt1.wav,635,1,neutral,Chandler
dia635_utt2.wav,635,2,surprise,Monica
dia635_utt3.wav,635,3,neutral,Chandler
dia635_utt4.wav,635,4,surprise,Monica
dia635_utt5.wav,635,5,neutral,Chandler
dia635_utt6.wav,635,6,neutral,Airline Employee
dia635_utt7.wav,635,7,neutral,Chandler
dia635_utt8.wav,635,8,neutral,Airline Employee
dia635_utt9.wav,635,9,neutral,Chandler
dia636_utt0.wav,636,0,joy,Rachel
dia636_utt1.wav,636,1,neutral,Rachel
dia636_utt2.wav,636,2,joy,Rachel
dia636_utt3.wav,636,3,neutral,Rachel
dia636_utt4.wav,636,4,neutral,Rachel
dia636_utt5.wav,636,5,joy,Phoebe
dia636_utt6.wav,636,6,neutral,Rachel
dia637_utt0.wav,637,0,joy,Joey
dia637_utt1.wav,637,1,anger,Ross
dia637_utt2.wav,637,2,anger,Joey
dia637_utt3.wav,637,3,anger,Ross
dia637_utt4.wav,637,4,neutral,Joey
dia637_utt5.wav,637,5,disgust,Ross
dia637_utt6.wav,637,6,anger,Joey
dia637_utt7.wav,637,7,neutral,Ross
dia637_utt8.wav,637,8,anger,Joey
dia637_utt9.wav,637,9,neutral,Ross
dia637_utt10.wav,637,10,neutral,Joey
dia637_utt11.wav,637,11,neutral,Ross
dia638_utt0.wav,638,0,neutral,Ross
dia638_utt1.wav,638,1,neutral,Mr. Geller
dia638_utt2.wav,638,2,surprise,Ross
dia638_utt3.wav,638,3,joy,Mr. Geller
dia638_utt4.wav,638,4,sadness,Ross
dia638_utt5.wav,638,5,neutral,Mr. Geller
dia638_utt6.wav,638,6,neutral,Ross
dia638_utt7.wav,638,7,sadness,Mr. Geller
dia638_utt8.wav,638,8,joy,Monica
dia638_utt9.wav,638,9,neutral,Mr. Geller
dia638_utt10.wav,638,10,neutral,Monica
dia638_utt11.wav,638,11,neutral,Ross
dia638_utt12.wav,638,12,neutral,Monica
dia639_utt0.wav,639,0,neutral,Ross
dia639_utt1.wav,639,1,joy,Phoebe
dia639_utt2.wav,639,2,neutral,Ross
dia639_utt3.wav,639,3,neutral,Ross
dia639_utt4.wav,639,4,neutral,Ross
dia639_utt5.wav,639,5,neutral,Ross
dia639_utt6.wav,639,6,neutral,Ross
dia639_utt7.wav,639,7,neutral,Susan
dia639_utt8.wav,639,8,neutral,Phoebe
dia639_utt9.wav,639,9,surprise,Ross
dia639_utt10.wav,639,10,surprise,Janitor
dia640_utt0.wav,640,0,joy,Mr. Posner
dia640_utt1.wav,640,1,joy,Rachel
dia640_utt2.wav,640,2,neutral,Joanna
dia640_utt3.wav,640,3,surprise,Joanna
dia640_utt4.wav,640,4,neutral,Joanna
dia640_utt5.wav,640,5,joy,Joanna
dia640_utt6.wav,640,6,neutral,Rachel
dia640_utt7.wav,640,7,neutral,Mrs. Lynch
dia640_utt8.wav,640,8,joy,Rachel
dia640_utt9.wav,640,9,joy,Joanna
dia640_utt10.wav,640,10,neutral,Rachel
dia640_utt11.wav,640,11,joy,Joanna
dia640_utt12.wav,640,12,neutral,Mr. Posner
dia640_utt13.wav,640,13,neutral,Rachel
dia640_utt14.wav,640,14,neutral,Joanna
dia640_utt15.wav,640,15,joy,Rachel
dia640_utt16.wav,640,16,neutral,Joanna
dia641_utt0.wav,641,0,neutral,Rachel
dia641_utt1.wav,641,1,fear,Chandler
dia642_utt0.wav,642,0,neutral,Monica
dia642_utt1.wav,642,1,surprise,Chandler
dia642_utt2.wav,642,2,neutral,Monica
dia642_utt3.wav,642,3,neutral,Chandler
dia642_utt4.wav,642,4,neutral,Monica
dia643_utt0.wav,643,0,neutral,Phoebe
dia643_utt1.wav,643,1,neutral,Chandler
dia643_utt2.wav,643,2,disgust,Phoebe
dia643_utt3.wav,643,3,surprise,Chandler
dia643_utt4.wav,643,4,surprise,Ross
dia643_utt5.wav,643,5,neutral,Monica
dia643_utt6.wav,643,6,neutral,Ross
dia644_utt0.wav,644,0,surprise,Monica
dia644_utt1.wav,644,1,neutral,Ross
dia644_utt2.wav,644,2,anger,Chandler
dia644_utt3.wav,644,3,neutral,Ross
dia644_utt4.wav,644,4,neutral,Ross
dia644_utt5.wav,644,5,joy,Ross
dia644_utt6.wav,644,6,surprise,Monica
dia644_utt7.wav,644,7,anger,Chandler
dia644_utt8.wav,644,8,joy,Ross
dia644_utt9.wav,644,9,anger,Chandler
dia644_utt10.wav,644,10,neutral,Ross
dia645_utt0.wav,645,0,neutral,Rachel
dia645_utt1.wav,645,1,joy,Mrs. Green
dia645_utt2.wav,645,2,neutral,Rachel
dia645_utt3.wav,645,3,neutral,Rachel
dia645_utt4.wav,645,4,neutral,Rachel
dia645_utt5.wav,645,5,sadness,Rachel
dia645_utt6.wav,645,6,sadness,Rachel
dia645_utt7.wav,645,7,neutral,Mrs. Green
dia645_utt8.wav,645,8,fear,Rachel
dia645_utt9.wav,645,9,neutral,Mrs. Green
dia645_utt10.wav,645,10,neutral,Rachel
dia645_utt11.wav,645,11,neutral,Mrs. Green
dia645_utt12.wav,645,12,neutral,Monica
dia645_utt13.wav,645,13,joy,Ross
dia645_utt14.wav,645,14,surprise,Phoebe
dia645_utt15.wav,645,15,neutral,Ross
dia645_utt16.wav,645,16,neutral,Phoebe
dia646_utt0.wav,646,0,neutral,Monica
dia646_utt1.wav,646,1,joy,Rachel
dia646_utt2.wav,646,2,neutral,Phoebe
dia646_utt3.wav,646,3,joy,Rachel
dia646_utt4.wav,646,4,joy,Monica
dia646_utt5.wav,646,5,joy,Rachel
dia646_utt6.wav,646,6,neutral,Monica
dia646_utt7.wav,646,7,neutral,Monica
dia646_utt8.wav,646,8,joy,Phoebe
dia646_utt9.wav,646,9,anger,Rachel
dia646_utt10.wav,646,10,neutral,Phoebe
dia646_utt11.wav,646,11,neutral,Monica
dia646_utt12.wav,646,12,neutral,Monica
dia646_utt13.wav,646,13,neutral,Rachel
dia646_utt14.wav,646,14,neutral,Phoebe
dia646_utt15.wav,646,15,neutral,Monica
dia646_utt16.wav,646,16,surprise,Phoebe
dia646_utt17.wav,646,17,joy,Monica
dia646_utt18.wav,646,18,neutral,Rachel
dia646_utt19.wav,646,19,joy,Monica
dia646_utt20.wav,646,20,anger,Rachel
dia646_utt21.wav,646,21,joy,Phoebe
dia647_utt0.wav,647,0,neutral,Chandler
dia648_utt0.wav,648,0,neutral,Monica
dia648_utt1.wav,648,1,anger,Monica
dia648_utt2.wav,648,2,anger,Monica
dia648_utt3.wav,648,3,anger,Monica
dia648_utt4.wav,648,4,neutral,Phoebe
dia648_utt5.wav,648,5,surprise,Monica
dia648_utt6.wav,648,6,neutral,Phoebe
dia649_utt0.wav,649,0,surprise,Rachel
dia649_utt1.wav,649,1,neutral,Joey
dia649_utt2.wav,649,2,joy,Rachel
dia649_utt3.wav,649,3,joy,Joey
dia649_utt4.wav,649,4,neutral,Joey
dia649_utt5.wav,649,5,neutral,Joey
dia649_utt6.wav,649,6,neutral,Joey
dia649_utt7.wav,649,7,joy,Rachel
dia649_utt8.wav,649,8,joy,Rachel
dia649_utt9.wav,649,9,joy,Rachel
dia649_utt10.wav,649,10,neutral,Rachel
dia649_utt11.wav,649,11,neutral,Joey
dia649_utt12.wav,649,12,neutral,Joey
dia649_utt13.wav,649,13,surprise,Joey
dia649_utt14.wav,649,14,neutral,Joey
dia649_utt15.wav,649,15,surprise,Joey
dia649_utt16.wav,649,16,neutral,Rachel
dia649_utt17.wav,649,17,neutral,Joey
dia649_utt18.wav,649,18,neutral,Rachel
dia649_utt19.wav,649,19,joy,Joey
dia649_utt20.wav,649,20,neutral,Rachel
dia649_utt21.wav,649,21,neutral,Joey
dia649_utt22.wav,649,22,neutral,Rachel
dia649_utt23.wav,649,23,anger,Joey
dia650_utt0.wav,650,0,anger,Rachel
dia650_utt1.wav,650,1,neutral,Monica
dia650_utt2.wav,650,2,joy,Phoebe
dia650_utt3.wav,650,3,neutral,Monica
dia650_utt4.wav,650,4,neutral,Phoebe
dia650_utt5.wav,650,5,disgust,Monica
dia650_utt6.wav,650,6,neutral,Rachel
dia650_utt7.wav,650,7,neutral,Monica
dia650_utt8.wav,650,8,joy,Rachel
dia651_utt0.wav,651,0,surprise,Ross
dia651_utt1.wav,651,1,surprise,Joey
dia651_utt2.wav,651,2,surprise,Ross
dia651_utt3.wav,651,3,neutral,Rachel
dia651_utt4.wav,651,4,neutral,Rachel
dia651_utt5.wav,651,5,neutral,Paolo
dia651_utt6.wav,651,6,neutral,Ross
dia651_utt7.wav,651,7,neutral,Joey
dia651_utt8.wav,651,8,neutral,Ross
dia651_utt9.wav,651,9,neutral,Joey
dia651_utt10.wav,651,10,anger,Monica
dia651_utt11.wav,651,11,surprise,Joey
dia651_utt12.wav,651,12,neutral,Monica
dia652_utt0.wav,652,0,disgust,Rachel
dia652_utt1.wav,652,1,disgust,Monica
dia652_utt2.wav,652,2,neutral,Chandler
dia652_utt3.wav,652,3,sadness,Ross
dia652_utt4.wav,652,4,neutral,Chandler
dia652_utt5.wav,652,5,joy,Chandler
dia652_utt6.wav,652,6,joy,Ross
dia652_utt7.wav,652,7,joy,Chandler
dia652_utt8.wav,652,8,joy,Monica
dia652_utt9.wav,652,9,fear,Chandler
dia652_utt10.wav,652,10,joy,Rachel
dia652_utt11.wav,652,11,neutral,Chandler
dia652_utt12.wav,652,12,neutral,Ross
dia652_utt13.wav,652,13,neutral,Phoebe
dia652_utt14.wav,652,14,joy,Monica
dia652_utt15.wav,652,15,surprise,Chandler
dia653_utt0.wav,653,0,neutral,Chandler
dia653_utt1.wav,653,1,neutral,Phoebe
dia653_utt2.wav,653,2,joy,Chandler
dia653_utt3.wav,653,3,neutral,Chandler
dia653_utt4.wav,653,4,neutral,Chandler
dia654_utt0.wav,654,0,sadness,Chandler
dia654_utt1.wav,654,1,disgust,Monica
dia654_utt2.wav,654,2,fear,Chandler
dia654_utt3.wav,654,3,anger,Monica
dia654_utt4.wav,654,4,sadness,Chandler
dia654_utt5.wav,654,5,neutral,Monica
dia654_utt6.wav,654,6,neutral,Chandler
dia654_utt7.wav,654,7,neutral,Chandler
dia654_utt8.wav,654,8,joy,Monica
dia655_utt0.wav,655,0,surprise,Ross
dia655_utt1.wav,655,1,neutral,Ross
dia655_utt2.wav,655,2,neutral,Ross
dia655_utt3.wav,655,3,sadness,Ross
dia655_utt4.wav,655,4,joy,Elizabeth
dia655_utt5.wav,655,5,neutral,Ross
dia655_utt6.wav,655,6,surprise,Elizabeth
dia655_utt7.wav,655,7,surprise,Ross
dia655_utt8.wav,655,8,joy,Elizabeth
dia655_utt9.wav,655,9,surprise,Ross
dia655_utt10.wav,655,10,neutral,Elizabeth
dia655_utt11.wav,655,11,joy,Ross
dia655_utt12.wav,655,12,joy,Elizabeth
dia655_utt13.wav,655,13,joy,Ross
dia655_utt14.wav,655,14,joy,Elizabeth
dia655_utt15.wav,655,15,joy,Ross
dia656_utt0.wav,656,0,joy,Monica
dia657_utt0.wav,657,0,joy,Monica
dia657_utt1.wav,657,1,neutral,Megan
dia657_utt2.wav,657,2,neutral,Rachel
dia657_utt3.wav,657,3,joy,Megan
dia657_utt4.wav,657,4,joy,Rachel
dia657_utt5.wav,657,5,neutral,Megan
dia657_utt6.wav,657,6,neutral,Monica
dia657_utt7.wav,657,7,joy,Megan
dia657_utt8.wav,657,8,neutral,Megan
dia657_utt9.wav,657,9,neutral,Monica
dia657_utt10.wav,657,10,neutral,Megan
dia657_utt11.wav,657,11,surprise,Monica
dia657_utt12.wav,657,12,joy,Megan
dia657_utt13.wav,657,13,neutral,Monica
dia657_utt14.wav,657,14,sadness,Megan
dia657_utt15.wav,657,15,joy,Phoebe
dia657_utt16.wav,657,16,neutral,Rachel
dia657_utt17.wav,657,17,neutral,Rachel
dia657_utt18.wav,657,18,disgust,Rachel
dia657_utt19.wav,657,19,neutral,Rachel
dia658_utt0.wav,658,0,neutral,Chandler
dia658_utt1.wav,658,1,surprise,Chandler
dia658_utt2.wav,658,2,joy,Chandler
dia658_utt3.wav,658,3,neutral,Monica
dia658_utt4.wav,658,4,fear,Chandler
dia658_utt5.wav,658,5,anger,Chandler
dia658_utt6.wav,658,6,joy,Chandler
dia658_utt7.wav,658,7,neutral,Chandler
dia658_utt8.wav,658,8,neutral,Chandler
dia658_utt9.wav,658,9,neutral,Joey and Ross
dia658_utt10.wav,658,10,surprise,Monica
dia658_utt11.wav,658,11,anger,Phoebe
dia658_utt12.wav,658,12,neutral,Chandler
dia658_utt13.wav,658,13,neutral,Joey
dia658_utt14.wav,658,14,neutral,Chandler
dia658_utt15.wav,658,15,neutral,Phoebe
dia658_utt16.wav,658,16,disgust,Chandler
dia658_utt17.wav,658,17,surprise,Monica
dia658_utt18.wav,658,18,neutral,Ross
dia658_utt19.wav,658,19,neutral,Phoebe
dia658_utt20.wav,658,20,neutral,Ross
dia659_utt0.wav,659,0,neutral,Ross
dia659_utt1.wav,659,1,neutral,Kristin
dia659_utt2.wav,659,2,neutral,Carol
dia659_utt3.wav,659,3,sadness,Susan
dia659_utt4.wav,659,4,neutral,Ross
dia659_utt5.wav,659,5,neutral,Ross
dia659_utt6.wav,659,6,sadness,Ross
dia659_utt7.wav,659,7,neutral,Kristin
dia659_utt8.wav,659,8,neutral,Ross
dia659_utt9.wav,659,9,neutral,Carol
dia659_utt10.wav,659,10,neutral,Ross
dia659_utt11.wav,659,11,neutral,Ross
dia659_utt12.wav,659,12,neutral,Ross
dia659_utt13.wav,659,13,joy,Ross
dia659_utt14.wav,659,14,neutral,Ross
dia659_utt15.wav,659,15,neutral,Ross
dia659_utt16.wav,659,16,neutral,Ross
dia659_utt17.wav,659,17,neutral,Ross
dia659_utt18.wav,659,18,neutral,Ross
dia659_utt19.wav,659,19,joy,Ross
dia660_utt0.wav,660,0,neutral,Paul
dia660_utt1.wav,660,1,neutral,Paul
dia660_utt2.wav,660,2,neutral,Rachel
dia660_utt3.wav,660,3,neutral,Paul
dia660_utt4.wav,660,4,anger,Paul
dia660_utt5.wav,660,5,sadness,Paul
dia660_utt6.wav,660,6,sadness,Paul
dia660_utt7.wav,660,7,joy,Rachel
dia660_utt8.wav,660,8,neutral,Rachel
dia660_utt9.wav,660,9,joy,Rachel
dia660_utt10.wav,660,10,joy,Rachel
dia660_utt11.wav,660,11,neutral,Rachel
dia660_utt12.wav,660,12,neutral,Rachel
dia660_utt13.wav,660,13,neutral,Rachel
dia660_utt14.wav,660,14,sadness,Paul
dia660_utt15.wav,660,15,surprise,Rachel
dia661_utt0.wav,661,0,anger,Joey
dia661_utt1.wav,661,1,surprise,Chandler
dia661_utt2.wav,661,2,neutral,Joey
dia661_utt3.wav,661,3,neutral,Chandler
dia661_utt4.wav,661,4,neutral,Joey
dia661_utt5.wav,661,5,neutral,Chandler
dia661_utt6.wav,661,6,neutral,Joey
dia661_utt7.wav,661,7,anger,Chandler
dia661_utt8.wav,661,8,anger,Joey
dia661_utt9.wav,661,9,sadness,Chandler
dia662_utt0.wav,662,0,neutral,Joey
dia662_utt1.wav,662,1,neutral,Joey
dia662_utt2.wav,662,2,neutral,Joey
dia662_utt3.wav,662,3,neutral,Annabelle
dia662_utt4.wav,662,4,neutral,Hombre Man
dia662_utt5.wav,662,5,neutral,Annabelle
dia662_utt6.wav,662,6,sadness,Joey
dia663_utt0.wav,663,0,joy,Chandler
dia663_utt1.wav,663,1,neutral,Monica
dia663_utt2.wav,663,2,joy,Chandler
dia663_utt3.wav,663,3,joy,Monica
dia663_utt4.wav,663,4,neutral,Chandler
dia663_utt5.wav,663,5,neutral,Monica
dia663_utt6.wav,663,6,neutral,Chandler
dia663_utt7.wav,663,7,neutral,Monica
dia663_utt8.wav,663,8,neutral,Joey
dia663_utt9.wav,663,9,neutral,Monica
dia664_utt0.wav,664,0,neutral,Joey
dia664_utt1.wav,664,1,sadness,Ross
dia664_utt2.wav,664,2,sadness,Chandler
dia664_utt3.wav,664,3,sadness,Ross
dia664_utt4.wav,664,4,anger,Chandler
dia664_utt5.wav,664,5,neutral,Chandler
dia664_utt6.wav,664,6,neutral,Joey
dia664_utt7.wav,664,7,neutral,Chandler
dia664_utt8.wav,664,8,neutral,Joey
dia665_utt0.wav,665,0,neutral,Dr. Zane
dia665_utt1.wav,665,1,joy,Phoebe
dia665_utt2.wav,665,2,neutral,Frank
dia665_utt3.wav,665,3,neutral,Dr. Zane
dia665_utt4.wav,665,4,surprise,Phoebe
dia665_utt5.wav,665,5,neutral,Dr. Zane
dia665_utt6.wav,665,6,neutral,Phoebe
dia665_utt7.wav,665,7,neutral,Dr. Zane
dia665_utt8.wav,665,8,surprise,Phoebe
dia665_utt9.wav,665,9,neutral,Frank
dia665_utt10.wav,665,10,neutral,Alice
dia665_utt11.wav,665,11,neutral,Phoebe
dia665_utt12.wav,665,12,neutral,Frank
dia665_utt13.wav,665,13,neutral,Alice
dia665_utt14.wav,665,14,neutral,Alice
dia665_utt15.wav,665,15,disgust,Phoebe
dia665_utt16.wav,665,16,neutral,Dr. Zane
dia665_utt17.wav,665,17,surprise,Phoebe
dia665_utt18.wav,665,18,anger,Frank
dia666_utt0.wav,666,0,neutral,Joey
dia666_utt1.wav,666,1,neutral,Monica
dia666_utt2.wav,666,2,surprise,Joey
dia666_utt3.wav,666,3,disgust,Phoebe
dia666_utt4.wav,666,4,anger,Joey
dia666_utt5.wav,666,5,neutral,Monica
dia666_utt6.wav,666,6,neutral,Joey
dia666_utt7.wav,666,7,neutral,Monica
dia666_utt8.wav,666,8,fear,Rachel
dia666_utt9.wav,666,9,anger,Monica
dia666_utt10.wav,666,10,surprise,Rachel
dia666_utt11.wav,666,11,anger,Monica
dia666_utt12.wav,666,12,neutral,Danny
dia666_utt13.wav,666,13,neutral,Monica
dia666_utt14.wav,666,14,neutral,Danny
dia666_utt15.wav,666,15,joy,Monica
dia666_utt16.wav,666,16,neutral,Phoebe
dia667_utt0.wav,667,0,joy,Monica
dia667_utt1.wav,667,1,joy,Chandler
dia667_utt2.wav,667,2,sadness,Monica
dia667_utt3.wav,667,3,neutral,Chandler
dia667_utt4.wav,667,4,joy,Monica
dia667_utt5.wav,667,5,neutral,Chandler
dia667_utt6.wav,667,6,joy,Monica
dia667_utt7.wav,667,7,neutral,Chandler
dia667_utt8.wav,667,8,sadness,Monica
dia667_utt9.wav,667,9,neutral,Chandler
dia668_utt0.wav,668,0,joy,Monica
dia668_utt1.wav,668,1,neutral,Chandler
dia669_utt0.wav,669,0,neutral,Barry
dia669_utt1.wav,669,1,joy,Rachel
dia669_utt2.wav,669,2,joy,Barry
dia669_utt3.wav,669,3,surprise,Rachel
dia669_utt4.wav,669,4,neutral,Barry
dia670_utt0.wav,670,0,joy,Monica
dia670_utt1.wav,670,1,anger,Rachel
dia670_utt2.wav,670,2,sadness,Rachel
dia670_utt3.wav,670,3,anger,Rachel
dia670_utt4.wav,670,4,joy,Monica
dia670_utt5.wav,670,5,neutral,Rachel
dia670_utt6.wav,670,6,neutral,Monica
dia670_utt7.wav,670,7,anger,Rachel
dia670_utt8.wav,670,8,joy,Monica
dia670_utt9.wav,670,9,anger,Monica
dia670_utt10.wav,670,10,joy,Monica
dia670_utt11.wav,670,11,joy,Monica
dia670_utt12.wav,670,12,neutral,Rachel
dia670_utt13.wav,670,13,joy,Monica
dia670_utt14.wav,670,14,neutral,Rachel
dia670_utt15.wav,670,15,sadness,Monica
dia671_utt0.wav,671,0,neutral,Joey
dia671_utt1.wav,671,1,neutral,Ross
dia671_utt2.wav,671,2,neutral,Joey
dia671_utt3.wav,671,3,neutral,Ross
dia671_utt4.wav,671,4,neutral,Ross
dia671_utt5.wav,671,5,neutral,Ross
dia671_utt6.wav,671,6,neutral,Joey
dia671_utt7.wav,671,7,neutral,Ross
dia671_utt8.wav,671,8,surprise,Ross
dia671_utt9.wav,671,9,joy,Joey
dia671_utt10.wav,671,10,surprise,Ross
dia671_utt11.wav,671,11,surprise,Joey
dia671_utt12.wav,671,12,neutral,Joey
dia671_utt13.wav,671,13,neutral,Ross
dia671_utt14.wav,671,14,neutral,Joey
dia671_utt15.wav,671,15,anger,Ross
dia671_utt16.wav,671,16,neutral,Joey
dia671_utt17.wav,671,17,anger,Ross
dia672_utt0.wav,672,0,neutral,Ross
dia672_utt1.wav,672,1,surprise,Rachel
dia672_utt2.wav,672,2,joy,Ross
dia672_utt3.wav,672,3,surprise,Rachel
dia672_utt4.wav,672,4,neutral,Ross
dia672_utt5.wav,672,5,joy,Ross
dia672_utt6.wav,672,6,joy,Ross
dia672_utt7.wav,672,7,neutral,Rachel
dia672_utt8.wav,672,8,sadness,Ross
dia672_utt9.wav,672,9,fear,Rachel
dia672_utt10.wav,672,10,neutral,Ross
dia672_utt11.wav,672,11,anger,Rachel
dia672_utt12.wav,672,12,anger,Rachel
dia672_utt13.wav,672,13,neutral,Ross
dia672_utt14.wav,672,14,joy,Rachel
dia672_utt15.wav,672,15,joy,Ross
dia673_utt0.wav,673,0,neutral,Russell
dia673_utt1.wav,673,1,neutral,Ross
dia673_utt2.wav,673,2,neutral,Russell
dia673_utt3.wav,673,3,neutral,Ross
dia673_utt4.wav,673,4,neutral,Russell
dia673_utt5.wav,673,5,neutral,Russell
dia673_utt6.wav,673,6,neutral,Ross
dia673_utt7.wav,673,7,surprise,Russell
dia673_utt8.wav,673,8,neutral,Ross
dia673_utt9.wav,673,9,neutral,Russell
dia673_utt10.wav,673,10,neutral,Ross
dia673_utt11.wav,673,11,neutral,Russell
dia673_utt12.wav,673,12,neutral,Ross
dia673_utt13.wav,673,13,neutral,Russell
dia673_utt14.wav,673,14,neutral,Ross
dia673_utt15.wav,673,15,neutral,Russell
dia673_utt16.wav,673,16,neutral,Ross
dia673_utt17.wav,673,17,neutral,Russell
dia673_utt18.wav,673,18,surprise,Ross
dia673_utt19.wav,673,19,surprise,Ross
dia673_utt20.wav,673,20,fear,Ross
dia674_utt0.wav,674,0,neutral,Ross
dia674_utt1.wav,674,1,neutral,Joey
dia674_utt2.wav,674,2,neutral,Phoebe
dia674_utt3.wav,674,3,surprise,Joey
dia674_utt4.wav,674,4,neutral,Phoebe
dia674_utt5.wav,674,5,neutral,Chandler
dia674_utt6.wav,674,6,neutral,Chandler
dia674_utt7.wav,674,7,neutral,Chandler
dia674_utt8.wav,674,8,neutral,Ross
dia675_utt0.wav,675,0,neutral,Phoebe
dia675_utt1.wav,675,1,joy,Julie
dia675_utt2.wav,675,2,neutral,Phoebe
dia675_utt3.wav,675,3,neutral,Rachel
dia675_utt4.wav,675,4,neutral,Phoebe
dia675_utt5.wav,675,5,neutral,Rachel
dia676_utt0.wav,676,0,sadness,Ross
dia676_utt1.wav,676,1,surprise,Rachel
dia676_utt2.wav,676,2,surprise,Rachel
dia676_utt3.wav,676,3,sadness,Rachel
dia676_utt4.wav,676,4,fear,Rachel
dia676_utt5.wav,676,5,sadness,Rachel
dia676_utt6.wav,676,6,sadness,Ross
dia676_utt7.wav,676,7,sadness,Ross
dia676_utt8.wav,676,8,surprise,Rachel
dia676_utt9.wav,676,9,sadness,Ross
dia676_utt10.wav,676,10,anger,Rachel
dia676_utt11.wav,676,11,surprise,Ross
dia676_utt12.wav,676,12,anger,Rachel
dia676_utt13.wav,676,13,neutral,Ross
dia676_utt14.wav,676,14,anger,Rachel
dia677_utt0.wav,677,0,surprise,Joey
dia677_utt1.wav,677,1,neutral,Chandler
dia677_utt2.wav,677,2,joy,Joey
dia677_utt3.wav,677,3,neutral,Ross
dia678_utt0.wav,678,0,neutral,Phoebe
dia678_utt1.wav,678,1,neutral,Chandler
dia678_utt2.wav,678,2,neutral,Frank
dia678_utt3.wav,678,3,neutral,Phoebe
dia678_utt4.wav,678,4,joy,Joey
dia678_utt5.wav,678,5,neutral,Frank
dia678_utt6.wav,678,6,neutral,Phoebe
dia678_utt7.wav,678,7,surprise,Frank
dia678_utt8.wav,678,8,neutral,Phoebe
dia678_utt9.wav,678,9,joy,Rachel
dia678_utt10.wav,678,10,surprise,Frank
dia678_utt11.wav,678,11,neutral,Phoebe
dia678_utt12.wav,678,12,joy,Frank
dia678_utt13.wav,678,13,neutral,Chandler
dia678_utt14.wav,678,14,neutral,Rachel
dia678_utt15.wav,678,15,joy,Phoebe
dia678_utt16.wav,678,16,neutral,Frank
dia678_utt17.wav,678,17,neutral,Frank
dia678_utt18.wav,678,18,neutral,Chandler
dia679_utt0.wav,679,0,neutral,Rachel
dia679_utt1.wav,679,1,neutral,Chandler
dia679_utt2.wav,679,2,joy,Rachel
dia679_utt3.wav,679,3,joy,Chandler
dia679_utt4.wav,679,4,surprise,Rachel
dia679_utt5.wav,679,5,surprise,Rachel
dia679_utt6.wav,679,6,neutral,Joey
dia679_utt7.wav,679,7,joy,Chandler
dia679_utt8.wav,679,8,surprise,Rachel
dia679_utt9.wav,679,9,joy,Chandler
dia679_utt10.wav,679,10,joy,Joey
dia679_utt11.wav,679,11,neutral,Phoebe
dia679_utt12.wav,679,12,fear,Joey
dia679_utt13.wav,679,13,anger,Joey
dia679_utt14.wav,679,14,anger,Joey
dia679_utt15.wav,679,15,anger,Monica
dia679_utt16.wav,679,16,neutral,Phoebe
dia680_utt0.wav,680,0,joy,Monica
dia680_utt1.wav,680,1,surprise,Rachel
dia680_utt2.wav,680,2,surprise,Monica
dia680_utt3.wav,680,3,joy,Monica
dia680_utt4.wav,680,4,neutral,Monica
dia680_utt5.wav,680,5,sadness,Phoebe
dia680_utt6.wav,680,6,neutral,Rachel
dia680_utt7.wav,680,7,neutral,Phoebe
dia680_utt8.wav,680,8,joy,Rachel
dia680_utt9.wav,680,9,joy,Monica
dia680_utt10.wav,680,10,joy,Monica
dia680_utt11.wav,680,11,neutral,Monica
dia680_utt12.wav,680,12,neutral,Monica
dia680_utt13.wav,680,13,sadness,Monica
dia680_utt14.wav,680,14,sadness,Rachel
dia681_utt0.wav,681,0,neutral,Monica
dia681_utt1.wav,681,1,neutral,Joey
dia681_utt2.wav,681,2,sadness,Phoebe
dia681_utt3.wav,681,3,disgust,Ross
dia681_utt4.wav,681,4,sadness,Rachel
dia681_utt5.wav,681,5,neutral,Ross
dia682_utt0.wav,682,0,sadness,Ross
dia682_utt1.wav,682,1,neutral,Ross
dia682_utt2.wav,682,2,neutral,Ross
dia682_utt3.wav,682,3,neutral,Ross
dia682_utt4.wav,682,4,neutral,Chandler
dia682_utt5.wav,682,5,joy,Monica
dia682_utt6.wav,682,6,joy,Rachel
dia682_utt7.wav,682,7,neutral,Joey
dia682_utt8.wav,682,8,joy,Phoebe
dia682_utt9.wav,682,9,neutral,Joey
dia682_utt10.wav,682,10,neutral,Ross
dia682_utt11.wav,682,11,neutral,Rachel
dia682_utt12.wav,682,12,neutral,All
dia682_utt13.wav,682,13,neutral,Ross
dia682_utt14.wav,682,14,neutral,Phoebe
dia683_utt0.wav,683,0,joy,Ross
dia684_utt0.wav,684,0,neutral,Chandler
dia684_utt1.wav,684,1,neutral,Rachel
dia684_utt2.wav,684,2,neutral,Chandler
dia685_utt0.wav,685,0,neutral,Monica
dia685_utt1.wav,685,1,neutral,Chandler
dia686_utt0.wav,686,0,neutral,Monica
dia686_utt1.wav,686,1,neutral,Rachel
dia686_utt2.wav,686,2,neutral,Monica
dia686_utt3.wav,686,3,anger,Rachel
dia686_utt4.wav,686,4,disgust,Monica
dia686_utt5.wav,686,5,anger,Rachel
dia686_utt6.wav,686,6,sadness,Monica
dia686_utt7.wav,686,7,joy,Monica
dia686_utt8.wav,686,8,neutral,Monica
dia686_utt9.wav,686,9,joy,Rachel
dia686_utt10.wav,686,10,neutral,Monica
dia686_utt11.wav,686,11,surprise,Rachel
dia687_utt0.wav,687,0,neutral,Rachel
dia687_utt1.wav,687,1,neutral,Tag
dia687_utt2.wav,687,2,neutral,Rachel
dia687_utt3.wav,687,3,neutral,Rachel
dia687_utt4.wav,687,4,surprise,Rachel
dia687_utt5.wav,687,5,surprise,Rachel
dia687_utt6.wav,687,6,surprise,Rachel
dia687_utt7.wav,687,7,surprise,Rachel
dia688_utt0.wav,688,0,neutral,Joey
dia689_utt0.wav,689,0,neutral,Chip
dia689_utt1.wav,689,1,joy,Monica
dia689_utt2.wav,689,2,neutral,Ross
dia689_utt3.wav,689,3,neutral,Monica
dia689_utt4.wav,689,4,neutral,Chip
dia689_utt5.wav,689,5,neutral,Monica
dia689_utt6.wav,689,6,surprise,Ross
dia689_utt7.wav,689,7,joy,Monica
dia689_utt8.wav,689,8,joy,Ross
dia689_utt9.wav,689,9,joy,Monica
dia689_utt10.wav,689,10,neutral,Ross
dia689_utt11.wav,689,11,neutral,Rachel
dia689_utt12.wav,689,12,neutral,Ross
dia689_utt13.wav,689,13,surprise,Rachel
dia689_utt14.wav,689,14,neutral,Ross
dia690_utt0.wav,690,0,neutral,Monica
dia690_utt1.wav,690,1,joy,Phoebe
dia690_utt2.wav,690,2,joy,Rachel
dia690_utt3.wav,690,3,joy,Monica
dia690_utt4.wav,690,4,surprise,Phoebe
dia690_utt5.wav,690,5,surprise,Monica
dia690_utt6.wav,690,6,surprise,Rachel
dia690_utt7.wav,690,7,surprise,Phoebe
dia690_utt8.wav,690,8,surprise,Rachel
dia690_utt9.wav,690,9,surprise,Monica
dia691_utt0.wav,691,0,joy,Mr. Burgin
dia692_utt0.wav,692,0,sadness,Ross
dia692_utt1.wav,692,1,neutral,Rachel
dia693_utt0.wav,693,0,neutral,Joey
dia693_utt1.wav,693,1,neutral,Mr. Treeger
dia693_utt2.wav,693,2,anger,Mr. Treeger
dia693_utt3.wav,693,3,anger,Mr. Treeger
dia693_utt4.wav,693,4,anger,Mr. Treeger
dia693_utt5.wav,693,5,anger,Joey
dia694_utt0.wav,694,0,joy,Chandler
dia694_utt1.wav,694,1,neutral,Rachel
dia694_utt2.wav,694,2,neutral,Chandler
dia694_utt3.wav,694,3,sadness,Rachel
dia695_utt0.wav,695,0,disgust,Ben
dia695_utt1.wav,695,1,fear,Rachel
dia695_utt2.wav,695,2,joy,Ben
dia695_utt3.wav,695,3,fear,Rachel
dia695_utt4.wav,695,4,joy,Ben
dia695_utt5.wav,695,5,anger,Rachel
dia695_utt6.wav,695,6,joy,Ben
dia696_utt0.wav,696,0,neutral,Joey
dia696_utt1.wav,696,1,surprise,Rachel
dia696_utt2.wav,696,2,neutral,Joey
dia696_utt3.wav,696,3,surprise,Rachel
dia696_utt4.wav,696,4,anger,Rachel
dia696_utt5.wav,696,5,anger,Rachel
dia696_utt6.wav,696,6,anger,Rachel
dia696_utt7.wav,696,7,anger,Rachel
dia697_utt0.wav,697,0,joy,Phoebe
dia697_utt1.wav,697,1,surprise,Chandler
dia697_utt2.wav,697,2,joy,Phoebe
dia697_utt3.wav,697,3,neutral,Chandler
dia697_utt4.wav,697,4,joy,Phoebe
dia697_utt5.wav,697,5,surprise,Joey
dia697_utt6.wav,697,6,surprise,Rachel
dia697_utt7.wav,697,7,surprise,All
dia698_utt0.wav,698,0,anger,Ross
dia698_utt1.wav,698,1,neutral,Rachel
dia698_utt2.wav,698,2,anger,Ross
dia698_utt3.wav,698,3,disgust,Rachel
dia698_utt4.wav,698,4,neutral,Ross
dia698_utt5.wav,698,5,sadness,Rachel
dia698_utt6.wav,698,6,surprise,Ross
dia698_utt7.wav,698,7,sadness,Rachel
dia699_utt0.wav,699,0,surprise,Phoebe
dia699_utt1.wav,699,1,anger,The Lurker
dia699_utt2.wav,699,2,anger,Phoebe
dia699_utt3.wav,699,3,anger,The Lurker
dia699_utt4.wav,699,4,neutral,The Security Guard
dia699_utt5.wav,699,5,disgust,Phoebe
dia699_utt6.wav,699,6,surprise,The Security Guard
dia699_utt7.wav,699,7,disgust,Phoebe
dia699_utt8.wav,699,8,anger,The Lurker
dia699_utt9.wav,699,9,neutral,The Security Guard
dia699_utt10.wav,699,10,neutral,Phoebe
dia699_utt11.wav,699,11,disgust,The Security Guard
dia699_utt12.wav,699,12,anger,Phoebe
dia699_utt13.wav,699,13,anger,The Security Guard
dia699_utt14.wav,699,14,neutral,Phoebe
dia700_utt0.wav,700,0,neutral,Ross
dia700_utt1.wav,700,1,neutral,Rachel
dia700_utt2.wav,700,2,neutral,Ross
dia700_utt3.wav,700,3,anger,Rachel
dia700_utt4.wav,700,4,anger,Rachel
dia700_utt5.wav,700,5,anger,Rachel
dia700_utt6.wav,700,6,sadness,Rachel
dia700_utt7.wav,700,7,neutral,Ross
dia700_utt8.wav,700,8,anger,Rachel
dia700_utt9.wav,700,9,neutral,Ross
dia700_utt10.wav,700,10,anger,Rachel
dia700_utt11.wav,700,11,sadness,Ross
dia700_utt12.wav,700,12,neutral,Rachel
dia701_utt0.wav,701,0,neutral,Chandler
dia701_utt1.wav,701,1,neutral,Monica
dia702_utt0.wav,702,0,joy,Monica
dia702_utt1.wav,702,1,sadness,Chandler
dia702_utt2.wav,702,2,neutral,Monica
dia703_utt0.wav,703,0,neutral,Monica
dia703_utt1.wav,703,1,neutral,Angela
dia703_utt2.wav,703,2,neutral,Bob
dia703_utt3.wav,703,3,surprise,Monica
dia703_utt4.wav,703,4,surprise,Joey
dia703_utt5.wav,703,5,surprise,Monica
dia703_utt6.wav,703,6,neutral,Joey
dia704_utt0.wav,704,0,neutral,Chandler
dia704_utt1.wav,704,1,anger,Joey
dia704_utt2.wav,704,2,anger,Chandler
dia704_utt3.wav,704,3,anger,Joey
dia704_utt4.wav,704,4,anger,Chandler
dia705_utt0.wav,705,0,neutral,Phoebe
dia705_utt1.wav,705,1,neutral,Chandler
dia705_utt2.wav,705,2,joy,Phoebe
dia705_utt3.wav,705,3,joy,Phoebe
dia705_utt4.wav,705,4,neutral,Chandler
dia705_utt5.wav,705,5,joy,Phoebe
dia705_utt6.wav,705,6,joy,Phoebe
dia705_utt7.wav,705,7,joy,Phoebe
dia705_utt8.wav,705,8,neutral,Monica
dia706_utt0.wav,706,0,neutral,Monica
dia706_utt1.wav,706,1,joy,Chandler
dia706_utt2.wav,706,2,surprise,Monica
dia706_utt3.wav,706,3,neutral,Chandler
dia706_utt4.wav,706,4,neutral,Monica
dia706_utt5.wav,706,5,joy,Chandler
dia706_utt6.wav,706,6,joy,Chandler
dia706_utt7.wav,706,7,neutral,Monica
dia706_utt8.wav,706,8,joy,Chandler
dia706_utt9.wav,706,9,joy,Monica
dia706_utt10.wav,706,10,joy,Chandler
dia707_utt0.wav,707,0,anger,Phoebe
dia707_utt1.wav,707,1,neutral,Phoebe
dia707_utt2.wav,707,2,neutral,Phoebe
dia707_utt3.wav,707,3,neutral,Phoebe
dia707_utt4.wav,707,4,neutral,Phoebe
dia707_utt5.wav,707,5,neutral,Phoebe
dia707_utt6.wav,707,6,neutral,Phoebe
dia707_utt7.wav,707,7,neutral,Phoebe
dia707_utt8.wav,707,8,surprise,Phoebe
dia707_utt9.wav,707,9,surprise,Phoebe
dia707_utt10.wav,707,10,anger,Phoebe
dia707_utt11.wav,707,11,anger,Phoebe
dia707_utt12.wav,707,12,anger,Phoebe
dia707_utt13.wav,707,13,joy,Phoebe
dia707_utt14.wav,707,14,anger,Phoebe
dia707_utt15.wav,707,15,neutral,Bob
dia708_utt0.wav,708,0,neutral,Phoebe
dia709_utt0.wav,709,0,joy,Chandler
dia709_utt1.wav,709,1,joy,Joey
dia710_utt0.wav,710,0,joy,Ross
dia711_utt0.wav,711,0,joy,Chandler
dia712_utt0.wav,712,0,joy,Joey
dia712_utt1.wav,712,1,joy,Chandler
dia712_utt2.wav,712,2,fear,Joey
dia712_utt3.wav,712,3,neutral,Ross
dia712_utt4.wav,712,4,surprise,Joey
dia712_utt5.wav,712,5,joy,Ross
dia712_utt6.wav,712,6,neutral,Chandler
dia712_utt7.wav,712,7,joy,Joey
dia712_utt8.wav,712,8,surprise,Chandler
dia712_utt9.wav,712,9,joy,Joey
dia712_utt10.wav,712,10,joy,Ross
dia712_utt11.wav,712,11,disgust,Chandler
dia713_utt0.wav,713,0,neutral,Ross
dia713_utt1.wav,713,1,surprise,Julie
dia713_utt2.wav,713,2,joy,Marc
dia714_utt0.wav,714,0,neutral,Ross
dia714_utt1.wav,714,1,joy,The Librarian
dia714_utt2.wav,714,2,anger,Ross
dia714_utt3.wav,714,3,neutral,The Head Librarian
dia714_utt4.wav,714,4,anger,Ross
dia714_utt5.wav,714,5,anger,Ross
dia715_utt0.wav,715,0,neutral,The Head Librarian
dia716_utt0.wav,716,0,neutral,The Head Librarian
dia716_utt1.wav,716,1,sadness,The Head Librarian
dia716_utt2.wav,716,2,anger,Ross
dia716_utt3.wav,716,3,anger,Ross
dia716_utt4.wav,716,4,anger,Ross
dia716_utt5.wav,716,5,anger,Ross
dia717_utt0.wav,717,0,neutral,Phoebe
dia717_utt1.wav,717,1,surprise,Rachel
dia717_utt2.wav,717,2,surprise,Phoebe
dia717_utt3.wav,717,3,neutral,Phoebe
dia717_utt4.wav,717,4,surprise,Phoebe
dia717_utt5.wav,717,5,neutral,Phoebe
dia717_utt6.wav,717,6,anger,Rachel
dia717_utt7.wav,717,7,neutral,Rachel
dia717_utt8.wav,717,8,neutral,Rachel
dia717_utt9.wav,717,9,sadness,Rachel
dia717_utt10.wav,717,10,neutral,Rachel
dia717_utt11.wav,717,11,neutral,Phoebe
dia717_utt12.wav,717,12,anger,Rachel
dia718_utt0.wav,718,0,neutral,Chip
dia718_utt1.wav,718,1,neutral,Monica
dia718_utt2.wav,718,2,neutral,Chip
dia718_utt3.wav,718,3,neutral,Monica
dia718_utt4.wav,718,4,joy,Chip
dia718_utt5.wav,718,5,neutral,Monica
dia718_utt6.wav,718,6,neutral,Chip
dia719_utt0.wav,719,0,joy,Guy #1
dia719_utt1.wav,719,1,neutral,Joey
dia719_utt2.wav,719,2,joy,Woman
dia719_utt3.wav,719,3,neutral,Joey
dia719_utt4.wav,719,4,neutral,Woman
dia719_utt5.wav,719,5,neutral,Joey
dia719_utt6.wav,719,6,joy,Woman
dia719_utt7.wav,719,7,joy,Joey
dia720_utt0.wav,720,0,fear,Ross
dia720_utt1.wav,720,1,neutral,Joey
dia720_utt2.wav,720,2,anger,Joey
dia720_utt3.wav,720,3,joy,Chandler
dia720_utt4.wav,720,4,neutral,Joey
dia720_utt5.wav,720,5,neutral,Chandler
dia720_utt6.wav,720,6,neutral,Joey
dia720_utt7.wav,720,7,neutral,Joey
dia720_utt8.wav,720,8,neutral,Chandler
dia720_utt9.wav,720,9,anger,Joey
dia720_utt10.wav,720,10,neutral,Chandler
dia720_utt11.wav,720,11,anger,Joey
dia720_utt12.wav,720,12,neutral,Chandler
dia720_utt13.wav,720,13,neutral,Joey
dia720_utt14.wav,720,14,neutral,Chandler
dia720_utt15.wav,720,15,fear,Chandler
dia720_utt16.wav,720,16,joy,Joey
dia720_utt17.wav,720,17,neutral,Ross
dia720_utt18.wav,720,18,neutral,Chandler
dia721_utt0.wav,721,0,neutral,Chandler
dia722_utt0.wav,722,0,neutral,Joey
dia722_utt1.wav,722,1,neutral,Chandler
dia722_utt2.wav,722,2,anger,Joey
dia722_utt3.wav,722,3,joy,Chandler
dia722_utt4.wav,722,4,joy,Joey
dia722_utt5.wav,722,5,sadness,Chandler
dia722_utt6.wav,722,6,sadness,Joey
dia722_utt7.wav,722,7,surprise,Chandler
dia722_utt8.wav,722,8,neutral,Joey
dia722_utt9.wav,722,9,joy,Chandler
dia722_utt10.wav,722,10,anger,Joey
dia722_utt11.wav,722,11,neutral,Joey
dia722_utt12.wav,722,12,joy,Chandler
dia722_utt13.wav,722,13,neutral,Joey
dia722_utt14.wav,722,14,surprise,Joey
dia722_utt15.wav,722,15,surprise,Chandler
dia722_utt16.wav,722,16,joy,Joey
dia723_utt0.wav,723,0,joy,Chandler
dia723_utt1.wav,723,1,joy,Rachel
dia723_utt2.wav,723,2,neutral,Phoebe
dia723_utt3.wav,723,3,joy,Ross
dia723_utt4.wav,723,4,joy,Ross
dia723_utt5.wav,723,5,neutral,Phoebe
dia723_utt6.wav,723,6,surprise,Ross
dia723_utt7.wav,723,7,fear,Chandler
dia724_utt0.wav,724,0,neutral,Monica
dia724_utt1.wav,724,1,neutral,Monica
dia724_utt2.wav,724,2,neutral,Phoebe
dia724_utt3.wav,724,3,neutral,Monica
dia724_utt4.wav,724,4,neutral,Phoebe
dia724_utt5.wav,724,5,neutral,Monica
dia725_utt0.wav,725,0,joy,Joey
dia725_utt1.wav,725,1,joy,Phoebe
dia725_utt2.wav,725,2,joy,Joey
dia725_utt3.wav,725,3,joy,Phoebe
dia725_utt4.wav,725,4,neutral,Joey
dia725_utt5.wav,725,5,neutral,Phoebe
dia725_utt6.wav,725,6,joy,Joey
dia726_utt0.wav,726,0,sadness,Cassie
dia726_utt1.wav,726,1,neutral,Ross
dia726_utt2.wav,726,2,joy,Cassie
dia726_utt3.wav,726,3,neutral,Ross
dia726_utt4.wav,726,4,surprise,Cassie
dia726_utt5.wav,726,5,neutral,Ross
dia726_utt6.wav,726,6,joy,Cassie
dia726_utt7.wav,726,7,disgust,Ross
dia727_utt0.wav,727,0,joy,Joey
dia727_utt1.wav,727,1,neutral,Chandler
dia727_utt2.wav,727,2,neutral,Ross
dia727_utt3.wav,727,3,neutral,Chandler
dia727_utt4.wav,727,4,neutral,Rachel
dia727_utt5.wav,727,5,neutral,Chandler
dia727_utt6.wav,727,6,anger,Monica
dia727_utt7.wav,727,7,neutral,Chandler
dia727_utt8.wav,727,8,neutral,Joey
dia727_utt9.wav,727,9,neutral,Rachel
dia728_utt0.wav,728,0,anger,Chandler
dia728_utt1.wav,728,1,neutral,Ross
dia728_utt2.wav,728,2,anger,Chandler
dia728_utt3.wav,728,3,neutral,Chandler
dia728_utt4.wav,728,4,neutral,Chandler
dia728_utt5.wav,728,5,neutral,Chandler
dia728_utt6.wav,728,6,neutral,Chandler
dia728_utt7.wav,728,7,neutral,Chandler
dia728_utt8.wav,728,8,neutral,Chandler
dia728_utt9.wav,728,9,neutral,Chandler
dia728_utt10.wav,728,10,surprise,Phoebe
dia728_utt11.wav,728,11,surprise,All
dia729_utt0.wav,729,0,surprise,Joey
dia729_utt1.wav,729,1,joy,Bob
dia730_utt0.wav,730,0,surprise,Joey
dia730_utt1.wav,730,1,neutral,Joey
dia730_utt2.wav,730,2,neutral,Joey
dia730_utt3.wav,730,3,neutral,Ross
dia730_utt4.wav,730,4,neutral,Joey
dia730_utt5.wav,730,5,neutral,Ross
dia730_utt6.wav,730,6,neutral,Ross
dia730_utt7.wav,730,7,neutral,Ross
dia730_utt8.wav,730,8,joy,Ross
dia730_utt9.wav,730,9,surprise,Joey
dia730_utt10.wav,730,10,neutral,Ross
dia730_utt11.wav,730,11,surprise,Joey
dia730_utt12.wav,730,12,neutral,Ross
dia730_utt13.wav,730,13,neutral,Joey
dia731_utt0.wav,731,0,neutral,Ross
dia732_utt0.wav,732,0,neutral,Ross
dia732_utt1.wav,732,1,surprise,Joey
dia733_utt0.wav,733,0,joy,Ross
dia733_utt1.wav,733,1,neutral,Rachel
dia733_utt2.wav,733,2,neutral,Ross
dia733_utt3.wav,733,3,neutral,Rachel
dia733_utt4.wav,733,4,neutral,Ross
dia733_utt5.wav,733,5,neutral,Rachel
dia733_utt6.wav,733,6,neutral,Phoebe
dia733_utt7.wav,733,7,neutral,Rachel
dia733_utt8.wav,733,8,joy,Ross
dia733_utt9.wav,733,9,neutral,Phoebe
dia733_utt10.wav,733,10,sadness,Ross
dia733_utt11.wav,733,11,surprise,Phoebe
dia733_utt12.wav,733,12,joy,Ross
dia734_utt0.wav,734,0,neutral,Joey
dia734_utt1.wav,734,1,joy,Kate
dia734_utt2.wav,734,2,joy,Joey
dia735_utt0.wav,735,0,fear,Ross
dia735_utt1.wav,735,1,neutral,Chloe
dia735_utt2.wav,735,2,neutral,Ross
dia735_utt3.wav,735,3,joy,Issac
dia735_utt4.wav,735,4,neutral,Ross
dia735_utt5.wav,735,5,neutral,Issac
dia735_utt6.wav,735,6,neutral,Ross
dia735_utt7.wav,735,7,neutral,Issac
dia735_utt8.wav,735,8,neutral,Ross
dia735_utt9.wav,735,9,neutral,Issac
dia735_utt10.wav,735,10,joy,Ross
dia735_utt11.wav,735,11,neutral,Issac
dia735_utt12.wav,735,12,neutral,Ross
dia735_utt13.wav,735,13,neutral,Issac
dia735_utt14.wav,735,14,anger,Ross
dia735_utt15.wav,735,15,neutral,Issac
dia735_utt16.wav,735,16,neutral,Ross
dia735_utt17.wav,735,17,neutral,Issac
dia735_utt18.wav,735,18,neutral,Ross
dia735_utt19.wav,735,19,neutral,Issac
dia736_utt0.wav,736,0,joy,Ross
dia736_utt1.wav,736,1,surprise,Emily
dia736_utt2.wav,736,2,joy,Ross
dia736_utt3.wav,736,3,joy,Emily
dia736_utt4.wav,736,4,sadness,Ross
dia736_utt5.wav,736,5,neutral,Emily
dia736_utt6.wav,736,6,neutral,Emily
dia736_utt7.wav,736,7,neutral,Ross
dia736_utt8.wav,736,8,fear,Ross
dia736_utt9.wav,736,9,fear,Ross
dia736_utt10.wav,736,10,fear,Ross
dia736_utt11.wav,736,11,joy,Ross
dia736_utt12.wav,736,12,neutral,Emily
dia736_utt13.wav,736,13,neutral,Ross
dia737_utt0.wav,737,0,surprise,Chandler
dia737_utt1.wav,737,1,neutral,Monica
dia737_utt2.wav,737,2,neutral,Chandler
dia737_utt3.wav,737,3,neutral,Monica
dia737_utt4.wav,737,4,surprise,Chandler
dia737_utt5.wav,737,5,anger,Chandler
dia737_utt6.wav,737,6,neutral,Chandler
dia737_utt7.wav,737,7,neutral,Chandler
dia737_utt8.wav,737,8,neutral,Monica
dia738_utt0.wav,738,0,sadness,Monica
dia738_utt1.wav,738,1,neutral,Ross
dia738_utt2.wav,738,2,neutral,Monica
dia738_utt3.wav,738,3,neutral,Ross
dia738_utt4.wav,738,4,surprise,Ross
dia738_utt5.wav,738,5,surprise,Phoebe
dia738_utt6.wav,738,6,anger,Monica
dia738_utt7.wav,738,7,joy,Ross
dia738_utt8.wav,738,8,surprise,Phoebe
dia739_utt0.wav,739,0,neutral,Joey's Hand Twin
dia739_utt1.wav,739,1,neutral,Joey
dia739_utt2.wav,739,2,neutral,Joey
dia739_utt3.wav,739,3,joy,Joey
dia739_utt4.wav,739,4,joy,Joey
dia739_utt5.wav,739,5,neutral,Joey's Hand Twin
dia739_utt6.wav,739,6,surprise,Joey
dia739_utt7.wav,739,7,surprise,Joey
dia739_utt10.wav,739,10,joy,Joey
dia739_utt11.wav,739,11,joy,Joey
dia739_utt12.wav,739,12,anger,Joey
dia739_utt13.wav,739,13,joy,Joey
dia739_utt14.wav,739,14,joy,Joey
dia739_utt15.wav,739,15,neutral,Joey's Hand Twin
dia739_utt16.wav,739,16,neutral,Joey
dia740_utt0.wav,740,0,sadness,Mr. Geller
dia740_utt1.wav,740,1,neutral,Ross
dia740_utt2.wav,740,2,anger,Ross
dia740_utt3.wav,740,3,anger,Ross
dia740_utt4.wav,740,4,surprise,Mr. Geller
dia740_utt5.wav,740,5,sadness,Ross
dia740_utt6.wav,740,6,joy,Mr. Geller
dia740_utt7.wav,740,7,sadness,Ross
dia740_utt8.wav,740,8,surprise,Mr. Geller
dia740_utt9.wav,740,9,neutral,Ross
dia740_utt10.wav,740,10,neutral,Ross
dia740_utt11.wav,740,11,neutral,Ross
dia740_utt12.wav,740,12,neutral,Ross
dia740_utt13.wav,740,13,joy,Ross
dia741_utt0.wav,741,0,joy,Rachel
dia741_utt1.wav,741,1,surprise,Joey
dia741_utt2.wav,741,2,joy,Rachel
dia741_utt3.wav,741,3,surprise,Phoebe
dia741_utt4.wav,741,4,surprise,Rachel
dia742_utt0.wav,742,0,joy,Ross
dia743_utt0.wav,743,0,anger,Monica
dia743_utt1.wav,743,1,neutral,Joey
dia743_utt2.wav,743,2,joy,Chandler
dia743_utt3.wav,743,3,fear,Monica
dia743_utt4.wav,743,4,neutral,Joey
dia743_utt5.wav,743,5,joy,Monica
dia744_utt0.wav,744,0,neutral,Chandler
dia744_utt1.wav,744,1,neutral,Shelley
dia744_utt2.wav,744,2,neutral,Chandler
dia744_utt3.wav,744,3,neutral,Shelley
dia744_utt4.wav,744,4,neutral,Chandler
dia744_utt5.wav,744,5,neutral,Shelley
dia744_utt6.wav,744,6,surprise,Chandler
dia744_utt7.wav,744,7,surprise,Shelley
dia744_utt8.wav,744,8,fear,Shelley
dia744_utt9.wav,744,9,anger,Shelley
dia744_utt10.wav,744,10,disgust,Shelley
dia744_utt11.wav,744,11,disgust,Shelley
dia745_utt0.wav,745,0,sadness,Chandler
dia745_utt1.wav,745,1,neutral,Janice
dia745_utt2.wav,745,2,neutral,Monica
dia745_utt3.wav,745,3,surprise,Joey
dia745_utt4.wav,745,4,neutral,Phoebe
dia745_utt5.wav,745,5,neutral,Chandler
dia745_utt6.wav,745,6,neutral,Joey
dia745_utt7.wav,745,7,anger,Joey
dia745_utt8.wav,745,8,neutral,Joey
dia745_utt9.wav,745,9,anger,Joey
dia745_utt10.wav,745,10,anger,Chandler
dia745_utt11.wav,745,11,anger,Phoebe
dia746_utt0.wav,746,0,neutral,Chandler
dia747_utt0.wav,747,0,neutral,Ross
dia747_utt1.wav,747,1,surprise,Joey
dia747_utt2.wav,747,2,sadness,Ross
dia747_utt3.wav,747,3,surprise,Joey
dia747_utt4.wav,747,4,surprise,Rachel
dia747_utt5.wav,747,5,neutral,Joey
dia747_utt6.wav,747,6,joy,Ross
dia747_utt7.wav,747,7,surprise,Rachel
dia747_utt8.wav,747,8,joy,Ross
dia747_utt9.wav,747,9,neutral,Ross
dia747_utt10.wav,747,10,anger,Ross
dia747_utt11.wav,747,11,joy,Ross
dia747_utt12.wav,747,12,anger,Ross
dia747_utt13.wav,747,13,neutral,Rachel
dia747_utt14.wav,747,14,sadness,Ross
dia747_utt15.wav,747,15,sadness,Rachel
dia747_utt16.wav,747,16,joy,Rachel
dia747_utt17.wav,747,17,neutral,Rachel
dia747_utt18.wav,747,18,neutral,Rachel
dia748_utt0.wav,748,0,joy,Rachel
dia749_utt0.wav,749,0,joy,Monica
dia749_utt1.wav,749,1,joy,Chandler
dia749_utt2.wav,749,2,joy,Monica
dia749_utt3.wav,749,3,neutral,Chandler
dia749_utt4.wav,749,4,neutral,Monica
dia749_utt5.wav,749,5,joy,Chandler
dia749_utt6.wav,749,6,joy,Monica
dia749_utt7.wav,749,7,joy,Chandler
dia750_utt0.wav,750,0,neutral,Richard
dia750_utt1.wav,750,1,neutral,Richard
dia750_utt2.wav,750,2,neutral,Richard
dia750_utt3.wav,750,3,sadness,Richard
dia750_utt4.wav,750,4,sadness,Richard
dia751_utt0.wav,751,0,surprise,Ross
dia752_utt0.wav,752,0,neutral,Carol
dia752_utt1.wav,752,1,neutral,Ross
dia752_utt2.wav,752,2,joy,Carol
dia752_utt3.wav,752,3,neutral,Ross
dia752_utt4.wav,752,4,joy,Carol
dia752_utt5.wav,752,5,joy,Susan
dia752_utt6.wav,752,6,joy,Carol
dia752_utt7.wav,752,7,joy,Susan
dia752_utt8.wav,752,8,neutral,Ross
dia752_utt9.wav,752,9,joy,Susan
dia752_utt10.wav,752,10,joy,Carol
dia752_utt11.wav,752,11,surprise,Ross
dia753_utt0.wav,753,0,neutral,Ross
dia753_utt1.wav,753,1,neutral,Rachel
dia753_utt2.wav,753,2,joy,Ross
dia754_utt0.wav,754,0,sadness,Monica
dia754_utt1.wav,754,1,disgust,Chandler
dia754_utt2.wav,754,2,neutral,Monica
dia754_utt3.wav,754,3,neutral,Monica
dia754_utt4.wav,754,4,anger,Rachel
dia755_utt0.wav,755,0,neutral,Ross
dia755_utt1.wav,755,1,anger,Girl
dia755_utt2.wav,755,2,anger,Ross
dia755_utt3.wav,755,3,anger,Girl
dia755_utt4.wav,755,4,neutral,Ross
dia755_utt5.wav,755,5,anger,Girl
dia755_utt6.wav,755,6,joy,Ross
dia755_utt7.wav,755,7,joy,Leader
dia755_utt8.wav,755,8,anger,Ross
dia755_utt9.wav,755,9,neutral,Leader
dia756_utt0.wav,756,0,neutral,Monica
dia756_utt1.wav,756,1,surprise,Monica
dia756_utt2.wav,756,2,neutral,Monica
dia756_utt3.wav,756,3,neutral,Monica
dia756_utt4.wav,756,4,neutral,Monica
dia756_utt5.wav,756,5,sadness,Monica
dia756_utt6.wav,756,6,surprise,Monica
dia756_utt7.wav,756,7,neutral,Monica
dia756_utt8.wav,756,8,neutral,Richard
dia756_utt9.wav,756,9,neutral,Monica
dia757_utt0.wav,757,0,surprise,Chandler
dia757_utt1.wav,757,1,neutral,Monica
dia757_utt2.wav,757,2,neutral,Chandler
dia757_utt3.wav,757,3,neutral,Chandler
dia757_utt4.wav,757,4,neutral,Chandler
dia757_utt5.wav,757,5,neutral,Monica
dia757_utt6.wav,757,6,surprise,Chandler
dia757_utt7.wav,757,7,neutral,Monica
dia757_utt8.wav,757,8,neutral,Chandler
dia757_utt9.wav,757,9,neutral,Monica
dia757_utt10.wav,757,10,joy,Chandler
dia758_utt0.wav,758,0,anger,Frank
dia758_utt1.wav,758,1,surprise,Phoebe
dia758_utt2.wav,758,2,anger,Frank
dia758_utt3.wav,758,3,anger,Girl
dia758_utt4.wav,758,4,anger,Frank
dia758_utt5.wav,758,5,anger,Girl
dia759_utt0.wav,759,0,surprise,Janice
dia759_utt1.wav,759,1,neutral,Chandler
dia759_utt2.wav,759,2,surprise,Janice
dia759_utt3.wav,759,3,neutral,Chandler
dia759_utt4.wav,759,4,anger,Janice
dia759_utt5.wav,759,5,anger,Chandler
dia759_utt6.wav,759,6,neutral,Janice
dia759_utt7.wav,759,7,neutral,Chandler
dia759_utt8.wav,759,8,anger,Janice
dia759_utt9.wav,759,9,neutral,Chandler
dia759_utt10.wav,759,10,anger,Janice
dia759_utt11.wav,759,11,neutral,Chandler
dia759_utt12.wav,759,12,disgust,Janice
dia759_utt13.wav,759,13,disgust,Janice
dia759_utt14.wav,759,14,sadness,Janice
dia759_utt15.wav,759,15,joy,Chandler
dia760_utt0.wav,760,0,joy,Chandler
dia760_utt1.wav,760,1,anger,Dana
dia760_utt2.wav,760,2,fear,Chandler
dia760_utt3.wav,760,3,surprise,Dana
dia760_utt4.wav,760,4,anger,Chandler
dia761_utt0.wav,761,0,anger,Monica
dia761_utt1.wav,761,1,joy,Rachel
dia761_utt2.wav,761,2,anger,Phoebe
dia761_utt3.wav,761,3,anger,Phoebe
dia761_utt4.wav,761,4,anger,Phoebe
dia761_utt5.wav,761,5,anger,Rachel
dia761_utt6.wav,761,6,neutral,Phoebe
dia761_utt7.wav,761,7,anger,Rachel
dia761_utt8.wav,761,8,anger,Monica
dia761_utt9.wav,761,9,neutral,Phoebe
dia762_utt0.wav,762,0,neutral,Joey
dia762_utt1.wav,762,1,surprise,Chandler
dia762_utt2.wav,762,2,joy,Joey
dia762_utt3.wav,762,3,neutral,Joey
dia762_utt4.wav,762,4,neutral,Joey
dia763_utt0.wav,763,0,neutral,Chandler
dia763_utt1.wav,763,1,neutral,Monica
dia763_utt2.wav,763,2,sadness,Chandler
dia763_utt3.wav,763,3,neutral,Chandler
dia763_utt4.wav,763,4,neutral,Chandler
dia763_utt5.wav,763,5,sadness,Monica
dia763_utt6.wav,763,6,surprise,Chandler
dia763_utt7.wav,763,7,anger,Monica
dia763_utt8.wav,763,8,neutral,Chandler
dia763_utt9.wav,763,9,joy,Monica
dia763_utt10.wav,763,10,joy,Chandler
dia764_utt0.wav,764,0,joy,Monica
dia765_utt0.wav,765,0,neutral,Chandler
dia765_utt1.wav,765,1,joy,Monica
dia766_utt0.wav,766,0,neutral,Rachel
dia766_utt1.wav,766,1,joy,Phoebe
dia766_utt2.wav,766,2,anger,Monica
dia766_utt3.wav,766,3,anger,Rachel
dia766_utt4.wav,766,4,neutral,Phoebe
dia766_utt5.wav,766,5,anger,Rachel
dia766_utt6.wav,766,6,neutral,Phoebe
dia767_utt0.wav,767,0,joy,Rachel
dia767_utt1.wav,767,1,neutral,Ross
dia767_utt2.wav,767,2,neutral,Ross
dia767_utt3.wav,767,3,sadness,Ross
dia767_utt4.wav,767,4,neutral,Ross
dia767_utt5.wav,767,5,joy,Rachel
dia767_utt6.wav,767,6,fear,Ross
dia767_utt7.wav,767,7,neutral,Ross
dia767_utt8.wav,767,8,neutral,Ross
dia767_utt9.wav,767,9,neutral,Ross
dia767_utt10.wav,767,10,anger,Rachel
dia767_utt11.wav,767,11,neutral,Ross
dia768_utt0.wav,768,0,surprise,Chandler
dia768_utt1.wav,768,1,sadness,Janice
dia768_utt2.wav,768,2,neutral,Chandler
dia768_utt3.wav,768,3,anger,Janice
dia768_utt4.wav,768,4,surprise,Chandler
dia768_utt5.wav,768,5,joy,Monica
dia768_utt6.wav,768,6,joy,Chandler
dia768_utt7.wav,768,7,neutral,Janice
dia768_utt8.wav,768,8,neutral,Chandler
dia769_utt0.wav,769,0,sadness,Ross
dia769_utt1.wav,769,1,fear,Chandler
dia769_utt2.wav,769,2,surprise,Monica
dia770_utt0.wav,770,0,neutral,Chandler
dia770_utt1.wav,770,1,anger,Monica
dia770_utt2.wav,770,2,anger,Monica
dia770_utt3.wav,770,3,neutral,Chandler
dia770_utt4.wav,770,4,neutral,Chandler
dia770_utt5.wav,770,5,anger,Chandler
dia770_utt6.wav,770,6,neutral,Monica
dia770_utt7.wav,770,7,anger,Chandler
dia770_utt8.wav,770,8,disgust,Monica
dia770_utt9.wav,770,9,anger,Chandler
dia770_utt10.wav,770,10,anger,Monica
dia770_utt11.wav,770,11,anger,Chandler
dia770_utt12.wav,770,12,anger,Monica
dia770_utt13.wav,770,13,anger,Chandler
dia770_utt14.wav,770,14,anger,Monica
dia770_utt15.wav,770,15,sadness,Chandler
dia770_utt16.wav,770,16,anger,Monica
dia770_utt17.wav,770,17,fear,Chandler
dia771_utt0.wav,771,0,neutral,Monica
dia771_utt1.wav,771,1,neutral,Chandler
dia771_utt2.wav,771,2,neutral,Monica
dia771_utt3.wav,771,3,neutral,Chandler
dia771_utt4.wav,771,4,neutral,Joey
dia771_utt5.wav,771,5,neutral,Chandler
dia771_utt6.wav,771,6,neutral,Joey
dia771_utt7.wav,771,7,neutral,Chandler
dia771_utt8.wav,771,8,neutral,Joey
dia771_utt9.wav,771,9,neutral,Chandler
dia771_utt10.wav,771,10,neutral,Joey
dia771_utt11.wav,771,11,neutral,Chandler
dia771_utt12.wav,771,12,neutral,Joey
dia771_utt13.wav,771,13,neutral,Joey
dia771_utt14.wav,771,14,anger,Joey
dia771_utt15.wav,771,15,surprise,Joey
dia771_utt16.wav,771,16,anger,Monica
dia771_utt17.wav,771,17,neutral,Joey
dia772_utt0.wav,772,0,neutral,Dr. Wesley
dia772_utt1.wav,772,1,anger,Dr. Drake Remoray
dia772_utt2.wav,772,2,sadness,Dr. Wesley
dia772_utt3.wav,772,3,anger,Dr. Drake Remoray
dia772_utt4.wav,772,4,joy,Rachel
dia772_utt5.wav,772,5,joy,Dr. Drake Remoray
dia772_utt6.wav,772,6,joy,Hope
dia772_utt7.wav,772,7,joy,Dr. Drake Remoray
dia772_utt8.wav,772,8,joy,Hope
dia772_utt9.wav,772,9,joy,Rachel
dia772_utt10.wav,772,10,joy,Rachel
dia772_utt11.wav,772,11,joy,Rachel
dia772_utt12.wav,772,12,joy,Rachel
dia772_utt13.wav,772,13,joy,Rachel
dia772_utt14.wav,772,14,neutral,Rachel
dia772_utt15.wav,772,15,neutral,Rachel
dia773_utt0.wav,773,0,neutral,Monica
dia773_utt1.wav,773,1,disgust,Phoebe
dia773_utt2.wav,773,2,neutral,Chandler
dia774_utt0.wav,774,0,sadness,Rachel
dia774_utt1.wav,774,1,sadness,Rachel
dia774_utt2.wav,774,2,fear,Rachel
dia774_utt3.wav,774,3,neutral,Rachel
dia774_utt4.wav,774,4,neutral,Stranger
dia774_utt5.wav,774,5,joy,Rachel
dia774_utt6.wav,774,6,neutral,Stranger
dia774_utt7.wav,774,7,neutral,Rachel
dia774_utt8.wav,774,8,neutral,Stranger
dia774_utt9.wav,774,9,surprise,Rachel
dia774_utt10.wav,774,10,surprise,Stranger
dia775_utt0.wav,775,0,neutral,Rachel
dia775_utt1.wav,775,1,neutral,Monica
dia775_utt2.wav,775,2,surprise,All
dia775_utt3.wav,775,3,neutral,Ross
dia775_utt4.wav,775,4,neutral,Joey
dia775_utt5.wav,775,5,surprise,Monica
dia775_utt6.wav,775,6,neutral,Ross
dia775_utt7.wav,775,7,neutral,Phoebe
dia775_utt8.wav,775,8,neutral,Rachel
dia775_utt9.wav,775,9,neutral,Ross
dia775_utt10.wav,775,10,surprise,All
dia775_utt11.wav,775,11,neutral,Ross
dia775_utt12.wav,775,12,joy,Ross
dia775_utt13.wav,775,13,neutral,Phoebe
dia776_utt0.wav,776,0,joy,Monica
dia776_utt1.wav,776,1,joy,Rachel
dia776_utt2.wav,776,2,neutral,Phoebe
dia776_utt3.wav,776,3,neutral,Monica
dia776_utt4.wav,776,4,neutral,Hold Voice
dia776_utt5.wav,776,5,joy,Monica
dia776_utt6.wav,776,6,neutral,Phoebe
dia776_utt7.wav,776,7,neutral,Phoebe
dia777_utt0.wav,777,0,neutral,Rachel
dia777_utt1.wav,777,1,neutral,Phoebe
dia777_utt2.wav,777,2,neutral,Phoebe
dia777_utt3.wav,777,3,neutral,Phoebe
dia777_utt4.wav,777,4,neutral,Rachel
dia777_utt5.wav,777,5,joy,Phoebe
dia777_utt6.wav,777,6,surprise,Ross
dia777_utt7.wav,777,7,surprise,Ross
dia777_utt8.wav,777,8,neutral,Ross
dia777_utt9.wav,777,9,joy,Rachel
dia777_utt10.wav,777,10,joy,Phoebe
dia777_utt11.wav,777,11,neutral,Rachel
dia777_utt12.wav,777,12,neutral,Ross
dia777_utt13.wav,777,13,joy,Phoebe
dia778_utt0.wav,778,0,surprise,Rick
dia778_utt1.wav,778,1,sadness,Phoebe
dia778_utt2.wav,778,2,anger,Rick
dia778_utt3.wav,778,3,neutral,Phoebe
dia778_utt4.wav,778,4,neutral,Rick
dia778_utt5.wav,778,5,neutral,Phoebe
dia778_utt6.wav,778,6,surprise,Phoebe
dia778_utt7.wav,778,7,neutral,Rick
dia778_utt8.wav,778,8,neutral,Phoebe
dia778_utt9.wav,778,9,surprise,Rick
dia778_utt10.wav,778,10,surprise,Phoebe
dia779_utt0.wav,779,0,neutral,Phoebe
dia779_utt1.wav,779,1,neutral,Phoebe
dia780_utt0.wav,780,0,neutral,Phoebe
dia780_utt1.wav,780,1,neutral,Phoebe
dia780_utt2.wav,780,2,anger,Phoebe
dia780_utt3.wav,780,3,neutral,Phoebe
dia780_utt4.wav,780,4,sadness,Guy
dia780_utt5.wav,780,5,surprise,Phoebe
dia780_utt6.wav,780,6,sadness,Guy
dia780_utt7.wav,780,7,neutral,Joey
dia781_utt0.wav,781,0,neutral,Phoebe
dia781_utt1.wav,781,1,joy,Vince
dia782_utt0.wav,782,0,neutral,Gunther
dia782_utt1.wav,782,1,neutral,Rachel
dia782_utt2.wav,782,2,joy,Mark
dia782_utt3.wav,782,3,joy,Rachel
dia782_utt4.wav,782,4,fear,Mark
dia782_utt5.wav,782,5,neutral,Rachel
dia782_utt6.wav,782,6,fear,Mark
dia782_utt7.wav,782,7,joy,Mark
dia782_utt8.wav,782,8,fear,Mark
dia782_utt9.wav,782,9,fear,Mark
dia782_utt10.wav,782,10,surprise,Rachel
dia782_utt11.wav,782,11,neutral,Gunther
dia783_utt0.wav,783,0,neutral,Phoebe
dia783_utt1.wav,783,1,joy,Phoebe
dia783_utt2.wav,783,2,joy,Phoebe
dia783_utt3.wav,783,3,joy,Phoebe
dia783_utt4.wav,783,4,joy,Phoebe
dia783_utt5.wav,783,5,joy,Phoebe
dia783_utt6.wav,783,6,neutral,Phoebe
dia783_utt7.wav,783,7,neutral,Dr. Zane
dia783_utt8.wav,783,8,sadness,Phoebe
dia784_utt0.wav,784,0,neutral,Ross
dia784_utt1.wav,784,1,sadness,Rachel
dia785_utt0.wav,785,0,neutral,Man
dia785_utt1.wav,785,1,anger,Phoebe/Waitress
dia786_utt0.wav,786,0,neutral,Nurse
dia786_utt1.wav,786,1,anger,Joey
dia786_utt2.wav,786,2,anger,Rachel
dia786_utt3.wav,786,3,anger,Joey
dia787_utt0.wav,787,0,neutral,Janine
dia787_utt1.wav,787,1,neutral,Joey
dia787_utt2.wav,787,2,neutral,Janine
dia787_utt3.wav,787,3,neutral,Joey
dia787_utt4.wav,787,4,neutral,Janine
dia787_utt5.wav,787,5,neutral,Joey
dia787_utt6.wav,787,6,neutral,Joey
dia787_utt7.wav,787,7,neutral,Joey
dia787_utt8.wav,787,8,neutral,Joey
dia787_utt9.wav,787,9,neutral,Joey
dia787_utt10.wav,787,10,neutral,Janine
dia788_utt0.wav,788,0,fear,Monica
dia788_utt1.wav,788,1,joy,Chandler
dia788_utt2.wav,788,2,neutral,Chandler
dia788_utt3.wav,788,3,neutral,Chandler
dia788_utt4.wav,788,4,neutral,Chandler
dia789_utt0.wav,789,0,joy,Katie
dia789_utt1.wav,789,1,joy,Joey
dia789_utt2.wav,789,2,joy,Katie
dia789_utt3.wav,789,3,fear,Joey
dia789_utt4.wav,789,4,neutral,Joey
dia789_utt5.wav,789,5,fear,Joey
dia789_utt6.wav,789,6,fear,Joey
dia789_utt7.wav,789,7,anger,Joey
dia789_utt8.wav,789,8,joy,Joey
dia789_utt9.wav,789,9,surprise,Katie
dia790_utt0.wav,790,0,surprise,Rachel
dia791_utt0.wav,791,0,joy,Rachel
dia791_utt1.wav,791,1,joy,Ross
dia791_utt2.wav,791,2,neutral,Joey
dia791_utt3.wav,791,3,neutral,Rachel
dia791_utt4.wav,791,4,neutral,Joey
dia791_utt5.wav,791,5,neutral,Rachel
dia791_utt6.wav,791,6,joy,Joey
dia791_utt7.wav,791,7,neutral,Rachel
dia791_utt8.wav,791,8,neutral,Joey
dia791_utt9.wav,791,9,sadness,Rachel
dia791_utt10.wav,791,10,neutral,Rachel
dia791_utt11.wav,791,11,joy,Rachel
dia791_utt12.wav,791,12,neutral,Rachel
dia791_utt13.wav,791,13,neutral,Joey
dia791_utt14.wav,791,14,neutral,Rachel
dia791_utt15.wav,791,15,neutral,Joey
dia791_utt16.wav,791,16,surprise,Rachel
dia791_utt17.wav,791,17,joy,Joey
dia791_utt18.wav,791,18,joy,Joey
dia791_utt19.wav,791,19,joy,Rachel
dia791_utt20.wav,791,20,neutral,Joey
dia791_utt21.wav,791,21,neutral,Rachel
dia792_utt0.wav,792,0,joy,Rachel
dia792_utt1.wav,792,1,joy,Joey
dia792_utt2.wav,792,2,neutral,Rachel
dia792_utt3.wav,792,3,joy,Joey
dia792_utt4.wav,792,4,joy,Rachel
dia792_utt5.wav,792,5,surprise,Joey
dia792_utt6.wav,792,6,disgust,Rachel
dia792_utt7.wav,792,7,neutral,Joey
dia792_utt8.wav,792,8,anger,Rachel
dia792_utt9.wav,792,9,neutral,Joey
dia792_utt10.wav,792,10,surprise,Rachel
dia792_utt11.wav,792,11,surprise,Joey/Drake
dia792_utt12.wav,792,12,anger,Rachel/actress
dia792_utt13.wav,792,13,sadness,Joey/Drake
dia792_utt14.wav,792,14,joy,Rachel/actress
dia792_utt15.wav,792,15,surprise,Joey/Drake
dia792_utt16.wav,792,16,sadness,Joey/Drake
dia792_utt17.wav,792,17,sadness,Joey/Drake
dia792_utt18.wav,792,18,sadness,Joey/Drake
dia792_utt19.wav,792,19,joy,Rachel
dia792_utt20.wav,792,20,surprise,Joey
dia793_utt0.wav,793,0,joy,Phoebe
dia793_utt1.wav,793,1,neutral,Joey
dia793_utt2.wav,793,2,joy,Chandler
dia793_utt3.wav,793,3,joy,Chandler
dia793_utt4.wav,793,4,joy,Chandler
dia793_utt5.wav,793,5,anger,Chandler
dia793_utt6.wav,793,6,joy,Chandler
dia793_utt7.wav,793,7,joy,All
dia793_utt8.wav,793,8,joy,Ross
dia793_utt9.wav,793,9,joy,Rachel
dia793_utt10.wav,793,10,joy,Chandler
dia794_utt0.wav,794,0,anger,Ross
dia794_utt1.wav,794,1,anger,Ross
dia794_utt2.wav,794,2,anger,Ross
dia794_utt3.wav,794,3,anger,Ross
dia794_utt4.wav,794,4,anger,Ross
dia794_utt5.wav,794,5,sadness,Ross
dia794_utt6.wav,794,6,anger,Ross
dia794_utt7.wav,794,7,sadness,Ross
dia794_utt8.wav,794,8,anger,Mr. Waltham
dia794_utt9.wav,794,9,neutral,Mrs. Waltham
dia794_utt10.wav,794,10,anger,Mr. Waltham
dia795_utt0.wav,795,0,surprise,Ross
dia795_utt1.wav,795,1,surprise,Joey
dia795_utt2.wav,795,2,neutral,Ross
dia795_utt3.wav,795,3,neutral,Joey
dia795_utt4.wav,795,4,neutral,Ross
dia795_utt5.wav,795,5,neutral,Joey
dia795_utt6.wav,795,6,anger,Ross
dia795_utt7.wav,795,7,anger,Joey
dia795_utt8.wav,795,8,neutral,Ross
dia796_utt0.wav,796,0,sadness,Chandler
dia796_utt1.wav,796,1,surprise,Ms. McKenna
dia796_utt2.wav,796,2,neutral,Chandler
dia796_utt3.wav,796,3,neutral,Chandler
dia796_utt4.wav,796,4,surprise,Ms. McKenna
dia796_utt5.wav,796,5,fear,Chandler
dia796_utt6.wav,796,6,surprise,Chandler
dia796_utt7.wav,796,7,neutral,Chandler
dia796_utt8.wav,796,8,neutral,Chandler
dia796_utt9.wav,796,9,neutral,Chandler
dia796_utt10.wav,796,10,joy,Chandler
dia796_utt11.wav,796,11,joy,Chandler
dia796_utt12.wav,796,12,fear,Chandler
dia796_utt13.wav,796,13,joy,Ms. McKenna
dia796_utt14.wav,796,14,fear,Chandler
dia796_utt15.wav,796,15,neutral,Chandler
dia796_utt16.wav,796,16,joy,Chandler
dia796_utt17.wav,796,17,joy,Chandler
dia796_utt18.wav,796,18,joy,Chandler
dia796_utt19.wav,796,19,sadness,Chandler
dia796_utt20.wav,796,20,neutral,Chandler
dia797_utt0.wav,797,0,neutral,Monica
dia797_utt1.wav,797,1,neutral,Fake Monica
dia797_utt2.wav,797,2,neutral,Monica
dia797_utt3.wav,797,3,neutral,Fake Monica
dia797_utt4.wav,797,4,neutral,Monica
dia797_utt5.wav,797,5,surprise,Fake Monica
dia797_utt6.wav,797,6,neutral,Monica
dia797_utt7.wav,797,7,neutral,Fake Monica
dia797_utt8.wav,797,8,joy,Monica
dia797_utt9.wav,797,9,neutral,Fake Monica
dia797_utt10.wav,797,10,surprise,Monica
dia797_utt11.wav,797,11,sadness,Monica
dia797_utt12.wav,797,12,sadness,Monica
dia797_utt13.wav,797,13,sadness,Monica
dia798_utt0.wav,798,0,disgust,Rachel
dia798_utt1.wav,798,1,neutral,Mindy
dia798_utt2.wav,798,2,neutral,Rachel
dia798_utt3.wav,798,3,fear,Mindy
dia798_utt4.wav,798,4,sadness,Rachel
dia798_utt5.wav,798,5,sadness,Mindy
dia798_utt6.wav,798,6,surprise,Joey
dia799_utt0.wav,799,0,fear,Ross
dia799_utt1.wav,799,1,fear,Ross
dia799_utt2.wav,799,2,neutral,Monica
dia799_utt3.wav,799,3,neutral,Ross
dia799_utt4.wav,799,4,neutral,Monica
dia799_utt5.wav,799,5,neutral,Doctor
dia799_utt6.wav,799,6,neutral,Ross
dia800_utt0.wav,800,0,fear,Ross
dia800_utt1.wav,800,1,neutral,Monica
dia801_utt0.wav,801,0,neutral,Monica
dia801_utt1.wav,801,1,neutral,Monica
dia801_utt2.wav,801,2,neutral,Monica
dia801_utt3.wav,801,3,neutral,Ross
dia801_utt4.wav,801,4,neutral,Monica
dia801_utt5.wav,801,5,fear,Ross
dia801_utt6.wav,801,6,neutral,Monica
dia801_utt7.wav,801,7,anger,Monica
dia801_utt8.wav,801,8,anger,Monica
dia802_utt0.wav,802,0,joy,Ross
dia802_utt1.wav,802,1,joy,Phoebe
dia802_utt2.wav,802,2,neutral,Ross
dia802_utt3.wav,802,3,joy,Phoebe
dia802_utt4.wav,802,4,neutral,Ross
dia803_utt0.wav,803,0,anger,Boy in the Cape
dia803_utt1.wav,803,1,sadness,Rachel
dia803_utt2.wav,803,2,surprise,Monica
dia803_utt3.wav,803,3,joy,Monica
dia803_utt4.wav,803,4,joy,Monica
dia803_utt5.wav,803,5,joy,Monica
dia803_utt6.wav,803,6,anger,Chandler
dia804_utt0.wav,804,0,fear,Rachel
dia804_utt1.wav,804,1,neutral,Mr. Treeger
dia804_utt2.wav,804,2,joy,Rachel
dia804_utt3.wav,804,3,anger,Mr. Treeger
dia804_utt4.wav,804,4,sadness,Rachel
dia804_utt5.wav,804,5,anger,Mr. Treeger
dia804_utt6.wav,804,6,disgust,Mr. Treeger
dia804_utt7.wav,804,7,anger,Mr. Treeger
dia804_utt8.wav,804,8,anger,Mr. Treeger
dia804_utt9.wav,804,9,sadness,Rachel
dia805_utt0.wav,805,0,joy,Ross
dia805_utt1.wav,805,1,neutral,Ross
dia805_utt2.wav,805,2,neutral,Ross
dia805_utt3.wav,805,3,joy,Ross
dia805_utt4.wav,805,4,surprise,Ross
dia805_utt5.wav,805,5,joy,Ross
dia805_utt6.wav,805,6,anger,Ross
dia805_utt7.wav,805,7,neutral,Phoebe
dia806_utt0.wav,806,0,surprise,Monica
dia806_utt1.wav,806,1,surprise,Joey
dia806_utt2.wav,806,2,joy,Monica
dia806_utt3.wav,806,3,joy,Joey
dia806_utt4.wav,806,4,neutral,Monica
dia806_utt5.wav,806,5,sadness,Joey
dia806_utt6.wav,806,6,sadness,Monica
dia806_utt7.wav,806,7,neutral,Joey
dia806_utt8.wav,806,8,sadness,Rachel
dia806_utt9.wav,806,9,joy,Joey
dia806_utt10.wav,806,10,surprise,Rachel
dia806_utt11.wav,806,11,neutral,Monica
dia806_utt12.wav,806,12,neutral,Rachel
dia806_utt13.wav,806,13,joy,Joey
dia806_utt14.wav,806,14,surprise,Rachel
dia806_utt15.wav,806,15,fear,Joey
dia806_utt16.wav,806,16,neutral,Joey
dia806_utt17.wav,806,17,joy,Joey
dia807_utt0.wav,807,0,neutral,Rachel
dia807_utt1.wav,807,1,anger,Joey
dia808_utt0.wav,808,0,disgust,Monica
dia808_utt1.wav,808,1,neutral,Chandler
dia808_utt2.wav,808,2,neutral,Chandler
dia808_utt3.wav,808,3,neutral,Monica
dia808_utt4.wav,808,4,neutral,Chandler
dia808_utt5.wav,808,5,neutral,Monica
dia808_utt6.wav,808,6,joy,Chandler
dia808_utt7.wav,808,7,joy,Monica
dia809_utt0.wav,809,0,joy,Joey
dia809_utt1.wav,809,1,joy,Joey
dia809_utt2.wav,809,2,joy,Joey
dia809_utt3.wav,809,3,joy,Joey
dia809_utt4.wav,809,4,joy,Joey
dia809_utt5.wav,809,5,joy,Joey
dia809_utt6.wav,809,6,joy,Joey
dia809_utt7.wav,809,7,neutral,Joey
dia809_utt8.wav,809,8,neutral,Chandler
dia809_utt9.wav,809,9,surprise,Joey
dia809_utt10.wav,809,10,anger,Chandler
dia809_utt11.wav,809,11,joy,Joey
dia809_utt12.wav,809,12,neutral,Chandler
dia809_utt13.wav,809,13,neutral,Joey
dia809_utt14.wav,809,14,anger,Chandler
dia809_utt15.wav,809,15,fear,Chandler
dia810_utt0.wav,810,0,surprise,Monica
dia810_utt1.wav,810,1,sadness,Chandler
dia810_utt2.wav,810,2,fear,Chandler
dia810_utt3.wav,810,3,fear,Chandler
dia810_utt4.wav,810,4,fear,Chandler
dia810_utt5.wav,810,5,neutral,Chandler
dia810_utt6.wav,810,6,joy,Gary
dia810_utt7.wav,810,7,neutral,Monica
dia810_utt8.wav,810,8,joy,Gary
dia810_utt9.wav,810,9,joy,Monica
dia810_utt10.wav,810,10,neutral,Chandler
dia810_utt11.wav,810,11,neutral,Gary
dia810_utt12.wav,810,12,neutral,Chandler
dia810_utt13.wav,810,13,sadness,Monica
dia810_utt14.wav,810,14,neutral,Gary
dia810_utt15.wav,810,15,neutral,Monica
dia810_utt16.wav,810,16,surprise,Gary
dia810_utt17.wav,810,17,neutral,Chandler
dia811_utt0.wav,811,0,joy,Joey
dia811_utt1.wav,811,1,neutral,The Director
dia811_utt2.wav,811,2,neutral,Richard
dia811_utt3.wav,811,3,neutral,Joey
dia811_utt4.wav,811,4,surprise,Richard
dia811_utt5.wav,811,5,joy,Joey
dia811_utt6.wav,811,6,neutral,Richard
dia811_utt7.wav,811,7,neutral,Joey
dia811_utt8.wav,811,8,joy,Richard
dia811_utt9.wav,811,9,fear,Joey
dia811_utt10.wav,811,10,joy,Richard
dia812_utt0.wav,812,0,neutral,Monica
dia812_utt1.wav,812,1,joy,Phoebe
dia812_utt2.wav,812,2,neutral,Monica
dia812_utt3.wav,812,3,neutral,Phoebe
dia812_utt4.wav,812,4,joy,Chandler
dia812_utt5.wav,812,5,anger,Monica
dia812_utt8.wav,812,8,joy,Chandler
dia812_utt9.wav,812,9,joy,Monica
dia812_utt10.wav,812,10,neutral,Chandler
dia812_utt11.wav,812,11,neutral,Monica
dia812_utt12.wav,812,12,joy,Chandler
dia812_utt13.wav,812,13,joy,Monica
dia812_utt14.wav,812,14,neutral,Chandler
dia812_utt15.wav,812,15,neutral,Ross
dia813_utt0.wav,813,0,neutral,Monica
dia813_utt1.wav,813,1,surprise,Rachel
dia813_utt2.wav,813,2,neutral,Monica
dia813_utt3.wav,813,3,anger,Rachel
dia813_utt4.wav,813,4,neutral,Monica
dia813_utt5.wav,813,5,sadness,Rachel
dia813_utt6.wav,813,6,neutral,Monica
dia813_utt7.wav,813,7,neutral,Monica
dia813_utt8.wav,813,8,surprise,Rachel
dia813_utt9.wav,813,9,neutral,Mrs. Chatracus
dia813_utt10.wav,813,10,neutral,Rachel
dia814_utt0.wav,814,0,neutral,Ross
dia814_utt1.wav,814,1,neutral,Rachel
dia814_utt2.wav,814,2,joy,Ross
dia814_utt3.wav,814,3,neutral,Chandler
dia814_utt4.wav,814,4,joy,Ross
dia815_utt0.wav,815,0,neutral,Joey
dia815_utt1.wav,815,1,neutral,Carl
dia815_utt2.wav,815,2,neutral,Joey
dia815_utt3.wav,815,3,neutral,Carl
dia816_utt0.wav,816,0,sadness,Monica
dia816_utt1.wav,816,1,sadness,Janice
dia816_utt2.wav,816,2,sadness,Janice
dia816_utt3.wav,816,3,sadness,Janice
dia816_utt4.wav,816,4,neutral,Janice
dia817_utt0.wav,817,0,joy,Joey
dia817_utt1.wav,817,1,neutral,Phoebe
dia817_utt2.wav,817,2,neutral,Chandler
dia817_utt3.wav,817,3,surprise,Phoebe
dia817_utt4.wav,817,4,neutral,Chandler
dia817_utt5.wav,817,5,neutral,Phoebe
dia817_utt6.wav,817,6,neutral,Chandler
dia817_utt7.wav,817,7,anger,Phoebe
dia817_utt8.wav,817,8,neutral,Phoebe
dia817_utt9.wav,817,9,neutral,Phoebe
dia817_utt10.wav,817,10,sadness,Phoebe
dia817_utt11.wav,817,11,surprise,Chandler
dia817_utt12.wav,817,12,anger,Phoebe
dia817_utt13.wav,817,13,neutral,Chandler
dia817_utt14.wav,817,14,neutral,Phoebe
dia818_utt0.wav,818,0,neutral,Monica
dia818_utt1.wav,818,1,disgust,Monica
dia818_utt2.wav,818,2,joy,Monica
dia818_utt3.wav,818,3,neutral,Paula
dia818_utt4.wav,818,4,neutral,Paula
dia818_utt5.wav,818,5,neutral,Paula
dia818_utt6.wav,818,6,sadness,Monica
dia818_utt7.wav,818,7,neutral,Paula
dia819_utt0.wav,819,0,surprise,Chandler
dia819_utt1.wav,819,1,neutral,Phoebe
dia819_utt2.wav,819,2,neutral,Monica
dia819_utt3.wav,819,3,neutral,Chandler
dia819_utt4.wav,819,4,neutral,Monica
dia819_utt5.wav,819,5,anger,Chandler
dia819_utt6.wav,819,6,neutral,Monica
dia819_utt7.wav,819,7,neutral,Chandler
dia819_utt8.wav,819,8,neutral,Monica
dia819_utt9.wav,819,9,fear,Chandler
dia819_utt10.wav,819,10,neutral,Monica
dia819_utt11.wav,819,11,neutral,Chandler
dia819_utt12.wav,819,12,neutral,Monica
dia819_utt13.wav,819,13,neutral,Chandler
dia819_utt14.wav,819,14,disgust,Monica
dia819_utt15.wav,819,15,neutral,Chandler
dia819_utt16.wav,819,16,neutral,Monica
dia819_utt17.wav,819,17,joy,Chandler
dia819_utt18.wav,819,18,joy,Monica
dia820_utt0.wav,820,0,joy,Phoebe
dia820_utt1.wav,820,1,neutral,Joey
dia820_utt2.wav,820,2,neutral,Phoebe
dia820_utt3.wav,820,3,surprise,Joey
dia820_utt4.wav,820,4,sadness,Phoebe
dia820_utt5.wav,820,5,joy,Joey
dia820_utt6.wav,820,6,neutral,Monica
dia820_utt7.wav,820,7,neutral,Joey
dia820_utt8.wav,820,8,joy,Joey
dia820_utt9.wav,820,9,joy,Joey
dia820_utt10.wav,820,10,neutral,Phoebe
dia820_utt11.wav,820,11,neutral,Joey
dia820_utt12.wav,820,12,neutral,Joey
dia820_utt13.wav,820,13,joy,Joey
dia820_utt14.wav,820,14,joy,Joey
dia820_utt15.wav,820,15,joy,Joey
dia820_utt16.wav,820,16,surprise,Joey
dia820_utt17.wav,820,17,neutral,Phoebe
dia820_utt18.wav,820,18,surprise,Joey
dia820_utt19.wav,820,19,surprise,Monica
dia820_utt20.wav,820,20,joy,Joey
dia820_utt21.wav,820,21,joy,Phoebe
dia821_utt0.wav,821,0,joy,Elizabeth
dia821_utt1.wav,821,1,surprise,Ross
dia821_utt2.wav,821,2,neutral,Elizabeth
dia821_utt3.wav,821,3,neutral,Ross
dia821_utt4.wav,821,4,neutral,Ross
dia821_utt5.wav,821,5,neutral,Elizabeth
dia821_utt6.wav,821,6,neutral,Ross
dia821_utt7.wav,821,7,surprise,Elizabeth
dia821_utt8.wav,821,8,neutral,Ross
dia821_utt9.wav,821,9,joy,Elizabeth
dia821_utt10.wav,821,10,joy,Ross
dia821_utt11.wav,821,11,surprise,Ross
dia821_utt12.wav,821,12,neutral,Ross
dia821_utt13.wav,821,13,joy,Burt
dia821_utt14.wav,821,14,joy,Ross
dia822_utt0.wav,822,0,neutral,Phoebe
dia822_utt1.wav,822,1,neutral,Joey
dia822_utt2.wav,822,2,neutral,Phoebe
dia822_utt3.wav,822,3,neutral,Joey
dia822_utt4.wav,822,4,joy,Phoebe
dia822_utt5.wav,822,5,neutral,Joey
dia822_utt6.wav,822,6,neutral,Phoebe
dia822_utt7.wav,822,7,sadness,Joey
dia822_utt8.wav,822,8,neutral,Phoebe
dia823_utt0.wav,823,0,neutral,All
dia823_utt1.wav,823,1,neutral,Ross
dia823_utt2.wav,823,2,joy,Phoebe
dia823_utt3.wav,823,3,surprise,Rachel
dia823_utt4.wav,823,4,neutral,Phoebe
dia823_utt5.wav,823,5,disgust,Rachel
dia823_utt6.wav,823,6,joy,Phoebe
dia823_utt7.wav,823,7,surprise,Ross
dia823_utt8.wav,823,8,surprise,Phoebe
dia823_utt9.wav,823,9,disgust,Chandler
dia823_utt10.wav,823,10,neutral,Phoebe
dia823_utt11.wav,823,11,neutral,Monica
dia823_utt12.wav,823,12,joy,Phoebe
dia823_utt13.wav,823,13,neutral,Joey
dia823_utt14.wav,823,14,surprise,Monica
dia824_utt0.wav,824,0,joy,Monica
dia824_utt1.wav,824,1,joy,Phoebe
dia825_utt0.wav,825,0,surprise,Joey
dia825_utt1.wav,825,1,neutral,Monica
dia825_utt2.wav,825,2,neutral,Joey
dia826_utt0.wav,826,0,joy,Chandler
dia826_utt1.wav,826,1,joy,Monica
dia826_utt2.wav,826,2,neutral,Joey
dia826_utt3.wav,826,3,joy,Chandler
dia826_utt4.wav,826,4,sadness,Joey
dia827_utt0.wav,827,0,neutral,Phoebe
dia827_utt1.wav,827,1,joy,Monica
dia827_utt2.wav,827,2,neutral,Phoebe
dia827_utt3.wav,827,3,neutral,Monica
dia827_utt4.wav,827,4,neutral,Phoebe
dia827_utt5.wav,827,5,fear,Monica
dia827_utt6.wav,827,6,neutral,Monica
dia827_utt7.wav,827,7,neutral,Monica
dia827_utt8.wav,827,8,joy,Monica
dia827_utt11.wav,827,11,joy,Phoebe
dia827_utt12.wav,827,12,joy,Monica
dia827_utt13.wav,827,13,fear,Phoebe
dia827_utt14.wav,827,14,joy,Monica
dia827_utt15.wav,827,15,neutral,Phoebe
dia828_utt0.wav,828,0,anger,Woman
dia828_utt1.wav,828,1,joy,Rachel
dia828_utt2.wav,828,2,disgust,Woman
dia828_utt3.wav,828,3,anger,Rachel
dia828_utt4.wav,828,4,anger,Woman
dia828_utt5.wav,828,5,surprise,Rachel
dia828_utt6.wav,828,6,anger,Woman
dia828_utt7.wav,828,7,neutral,Ross
dia828_utt8.wav,828,8,disgust,Rachel
dia828_utt9.wav,828,9,neutral,Ross
dia828_utt10.wav,828,10,neutral,Rachel
dia828_utt11.wav,828,11,neutral,Ross
dia828_utt12.wav,828,12,neutral,Rachel
dia828_utt13.wav,828,13,anger,Ross
dia828_utt14.wav,828,14,neutral,Woman
dia828_utt15.wav,828,15,anger,Ross
dia829_utt0.wav,829,0,anger,Phoebe
dia829_utt1.wav,829,1,joy,Receptionist
dia829_utt2.wav,829,2,anger,Phoebe
dia830_utt0.wav,830,0,joy,Chandler
dia830_utt1.wav,830,1,joy,Chandler
dia830_utt2.wav,830,2,anger,Chandler
dia830_utt3.wav,830,3,joy,Chandler
dia830_utt4.wav,830,4,joy,Chandler
dia830_utt5.wav,830,5,joy,Chandler
dia830_utt6.wav,830,6,sadness,Chandler
dia830_utt7.wav,830,7,sadness,Chandler
dia831_utt0.wav,831,0,anger,Rachel
dia831_utt1.wav,831,1,anger,Rachel
dia831_utt2.wav,831,2,neutral,Rachel
dia831_utt3.wav,831,3,anger,Rachel
dia831_utt4.wav,831,4,anger,Ross
dia831_utt5.wav,831,5,anger,Ross
dia831_utt6.wav,831,6,sadness,Ross
dia831_utt7.wav,831,7,joy,Rachel
dia832_utt0.wav,832,0,anger,Ross
dia832_utt1.wav,832,1,neutral,Ross
dia832_utt2.wav,832,2,neutral,Phoebe
dia832_utt3.wav,832,3,surprise,Ross
dia832_utt4.wav,832,4,neutral,Phoebe
dia832_utt5.wav,832,5,neutral,Ross
dia832_utt6.wav,832,6,surprise,Chandler
dia832_utt7.wav,832,7,neutral,Phoebe
dia832_utt8.wav,832,8,neutral,Phoebe
dia832_utt9.wav,832,9,joy,Ross
dia832_utt10.wav,832,10,joy,Ross
dia832_utt11.wav,832,11,sadness,Chandler
dia832_utt12.wav,832,12,neutral,Ross
dia832_utt13.wav,832,13,joy,Ross
dia832_utt14.wav,832,14,anger,Chandler
dia832_utt15.wav,832,15,joy,Joey
dia833_utt0.wav,833,0,joy,Monica
dia833_utt1.wav,833,1,neutral,Chandler
dia833_utt2.wav,833,2,anger,Monica
dia833_utt3.wav,833,3,anger,Monica
dia833_utt4.wav,833,4,anger,Monica
dia833_utt5.wav,833,5,anger,Monica
dia833_utt6.wav,833,6,neutral,Chandler
dia834_utt0.wav,834,0,surprise,Phoebe
dia834_utt1.wav,834,1,neutral,Monica
dia834_utt2.wav,834,2,neutral,Rachel
dia834_utt3.wav,834,3,neutral,Rachel
dia834_utt4.wav,834,4,neutral,Monica
dia834_utt5.wav,834,5,joy,Phoebe
dia834_utt6.wav,834,6,neutral,Monica
dia834_utt7.wav,834,7,neutral,Rachel
dia834_utt8.wav,834,8,neutral,Rachel
dia834_utt9.wav,834,9,neutral,Rachel
dia834_utt10.wav,834,10,neutral,Monica
dia834_utt11.wav,834,11,neutral,Rachel
dia834_utt12.wav,834,12,neutral,Monica
dia834_utt13.wav,834,13,neutral,Phoebe
dia834_utt14.wav,834,14,surprise,Monica
dia834_utt15.wav,834,15,neutral,Phoebe
dia835_utt0.wav,835,0,sadness,Monica
dia835_utt1.wav,835,1,neutral,Chandler
dia835_utt2.wav,835,2,anger,Monica
dia835_utt3.wav,835,3,neutral,Chandler
dia835_utt4.wav,835,4,surprise,Ross
dia835_utt5.wav,835,5,anger,Chandler
dia835_utt6.wav,835,6,neutral,Ross
dia835_utt7.wav,835,7,anger,Chandler
dia835_utt8.wav,835,8,disgust,Monica
dia835_utt9.wav,835,9,anger,Chandler
dia835_utt10.wav,835,10,anger,Monica
dia835_utt11.wav,835,11,neutral,Chandler
dia836_utt0.wav,836,0,neutral,Joey
dia836_utt1.wav,836,1,surprise,Ross
dia836_utt2.wav,836,2,surprise,Joey
dia836_utt3.wav,836,3,neutral,Ross
dia836_utt4.wav,836,4,neutral,Joey
dia836_utt5.wav,836,5,neutral,Ross
dia836_utt6.wav,836,6,surprise,Joey
dia836_utt7.wav,836,7,surprise,Ross
dia836_utt8.wav,836,8,neutral,Joey
dia836_utt9.wav,836,9,surprise,Ross
dia836_utt10.wav,836,10,anger,Joey
dia836_utt11.wav,836,11,neutral,Rachel
dia836_utt12.wav,836,12,joy,Joey
dia837_utt0.wav,837,0,neutral,Ursula
dia837_utt1.wav,837,1,joy,Phoebe
dia837_utt2.wav,837,2,joy,Ursula
dia838_utt0.wav,838,0,surprise,Phoebe
dia839_utt0.wav,839,0,anger,Ursula
dia839_utt1.wav,839,1,anger,Phoebe
dia839_utt2.wav,839,2,neutral,Phoebe
dia839_utt3.wav,839,3,neutral,Ursula
dia839_utt4.wav,839,4,joy,Phoebe
dia839_utt5.wav,839,5,neutral,Ursula
dia839_utt6.wav,839,6,surprise,Phoebe
dia839_utt7.wav,839,7,neutral,Ursula
dia839_utt8.wav,839,8,disgust,Phoebe
dia839_utt11.wav,839,11,anger,Phoebe
dia839_utt12.wav,839,12,disgust,Phoebe
dia839_utt13.wav,839,13,disgust,Phoebe
dia839_utt14.wav,839,14,disgust,Phoebe
dia839_utt15.wav,839,15,disgust,Phoebe
dia840_utt0.wav,840,0,joy,Phoebe
dia840_utt1.wav,840,1,joy,Rachel
dia840_utt2.wav,840,2,neutral,Phoebe
dia840_utt3.wav,840,3,neutral,Rachel
dia840_utt4.wav,840,4,neutral,Phoebe
dia840_utt5.wav,840,5,neutral,Rachel
dia840_utt6.wav,840,6,fear,Phoebe
dia840_utt7.wav,840,7,joy,Rachel
dia840_utt8.wav,840,8,neutral,Phoebe
dia840_utt9.wav,840,9,neutral,Phoebe
dia840_utt10.wav,840,10,surprise,Rachel
dia840_utt11.wav,840,11,neutral,Phoebe
dia840_utt12.wav,840,12,surprise,Rachel
dia840_utt13.wav,840,13,neutral,Phoebe
dia840_utt14.wav,840,14,neutral,Rachel
dia840_utt15.wav,840,15,sadness,Phoebe
dia841_utt0.wav,841,0,fear,Monica
dia841_utt1.wav,841,1,neutral,Chandler
dia841_utt2.wav,841,2,neutral,Chandler
dia841_utt3.wav,841,3,neutral,Chandler
dia841_utt4.wav,841,4,anger,Monica
dia841_utt5.wav,841,5,neutral,Monica
dia841_utt6.wav,841,6,sadness,Chandler
dia841_utt7.wav,841,7,anger,Monica
dia841_utt8.wav,841,8,anger,Chandler
dia841_utt9.wav,841,9,sadness,Chandler
dia841_utt10.wav,841,10,sadness,Monica
dia841_utt11.wav,841,11,neutral,Chandler
dia841_utt12.wav,841,12,joy,Monica
dia841_utt13.wav,841,13,neutral,Chandler
dia841_utt14.wav,841,14,neutral,Monica
dia841_utt15.wav,841,15,neutral,Chandler
dia841_utt16.wav,841,16,anger,Monica
dia841_utt17.wav,841,17,neutral,Phoebe
dia841_utt18.wav,841,18,neutral,Chandler
dia841_utt19.wav,841,19,neutral,Phoebe
dia841_utt20.wav,841,20,neutral,Chandler
dia841_utt21.wav,841,21,joy,Phoebe
dia841_utt22.wav,841,22,neutral,Chandler
dia842_utt0.wav,842,0,neutral,Rachel
dia842_utt1.wav,842,1,neutral,Rachel
dia842_utt2.wav,842,2,neutral,Rachel
dia842_utt3.wav,842,3,neutral,Rachel
dia842_utt4.wav,842,4,sadness,Phoebe
dia842_utt5.wav,842,5,sadness,Rachel
dia842_utt6.wav,842,6,sadness,Phoebe
dia842_utt7.wav,842,7,neutral,Rachel
dia842_utt10.wav,842,10,joy,Rachel
dia842_utt11.wav,842,11,neutral,Phoebe
dia842_utt12.wav,842,12,surprise,Rachel
dia843_utt0.wav,843,0,surprise,Monica
dia843_utt1.wav,843,1,sadness,Chandler
dia843_utt2.wav,843,2,anger,Chandler
dia843_utt3.wav,843,3,neutral,Chandler
dia843_utt4.wav,843,4,neutral,Rachel
dia843_utt5.wav,843,5,anger,Monica
dia843_utt6.wav,843,6,surprise,Phoebe
dia843_utt7.wav,843,7,sadness,Rachel
dia843_utt8.wav,843,8,neutral,Chandler
dia843_utt9.wav,843,9,sadness,Monica
dia843_utt10.wav,843,10,neutral,Rachel
dia843_utt11.wav,843,11,neutral,Rachel
dia843_utt12.wav,843,12,neutral,Rachel
dia843_utt13.wav,843,13,neutral,Rachel
dia843_utt14.wav,843,14,neutral,Rachel
dia844_utt0.wav,844,0,neutral,Older Scientist
dia844_utt1.wav,844,1,neutral,Ross
dia844_utt2.wav,844,2,neutral,Ross
dia844_utt3.wav,844,3,neutral,Joey
dia844_utt4.wav,844,4,neutral,Ross
dia844_utt5.wav,844,5,sadness,Ross
dia844_utt6.wav,844,6,fear,Ross
dia844_utt7.wav,844,7,neutral,Ross
dia844_utt8.wav,844,8,joy,Ross
dia844_utt9.wav,844,9,joy,Ross
dia844_utt10.wav,844,10,joy,Joey
dia844_utt11.wav,844,11,anger,Another Tour Guide
dia844_utt12.wav,844,12,joy,Ross
dia844_utt13.wav,844,13,anger,Joey
dia844_utt14.wav,844,14,neutral,Older Scientist
dia844_utt15.wav,844,15,joy,Ross
dia844_utt16.wav,844,16,neutral,Tour Guide
dia844_utt17.wav,844,17,surprise,Ross
dia844_utt18.wav,844,18,neutral,Another Scientist
dia844_utt19.wav,844,19,neutral,Ross
dia844_utt20.wav,844,20,fear,Another Scientist
dia845_utt0.wav,845,0,neutral,Doug
dia845_utt1.wav,845,1,joy,Doug
dia845_utt2.wav,845,2,neutral,Doug
dia845_utt3.wav,845,3,joy,Doug
dia845_utt4.wav,845,4,neutral,Doug
dia845_utt5.wav,845,5,joy,Chandler
dia845_utt6.wav,845,6,neutral,Doug
dia845_utt7.wav,845,7,fear,Chandler
dia845_utt8.wav,845,8,neutral,Doug
dia845_utt9.wav,845,9,joy,Doug
dia845_utt10.wav,845,10,joy,Doug
dia845_utt11.wav,845,11,joy,Doug
dia846_utt0.wav,846,0,neutral,Phoebe
dia846_utt1.wav,846,1,neutral,Chandler
dia846_utt2.wav,846,2,neutral,Phoebe
dia846_utt3.wav,846,3,neutral,Chandler
dia846_utt4.wav,846,4,neutral,Phoebe
dia847_utt0.wav,847,0,joy,Ross
dia847_utt1.wav,847,1,joy,Ross
dia847_utt2.wav,847,2,joy,Ross
dia847_utt3.wav,847,3,joy,Ross
dia847_utt4.wav,847,4,joy,Rachel
dia847_utt5.wav,847,5,joy,Ross
dia848_utt0.wav,848,0,neutral,Rachel
dia848_utt1.wav,848,1,neutral,Rachel
dia848_utt2.wav,848,2,neutral,Ross
dia848_utt3.wav,848,3,surprise,Rachel
dia848_utt4.wav,848,4,sadness,Rachel
dia848_utt5.wav,848,5,surprise,Ross
dia848_utt6.wav,848,6,surprise,Rachel
dia848_utt7.wav,848,7,surprise,Ross
dia848_utt8.wav,848,8,sadness,Rachel
dia848_utt9.wav,848,9,surprise,Ross
dia848_utt10.wav,848,10,neutral,Rachel
dia848_utt11.wav,848,11,surprise,Ross
dia849_utt0.wav,849,0,joy,Joey
dia849_utt1.wav,849,1,joy,Ross
dia849_utt2.wav,849,2,joy,Joey
dia849_utt3.wav,849,3,neutral,Carol
dia849_utt4.wav,849,4,joy,Joey
dia849_utt5.wav,849,5,joy,Ross
dia849_utt6.wav,849,6,joy,Ross
dia849_utt7.wav,849,7,disgust,Ross
dia849_utt8.wav,849,8,neutral,Joey
dia849_utt9.wav,849,9,neutral,Ross
dia849_utt10.wav,849,10,anger,Joey
dia849_utt11.wav,849,11,joy,Carol
dia850_utt0.wav,850,0,joy,Monica
dia850_utt1.wav,850,1,neutral,Chandler
dia850_utt2.wav,850,2,neutral,Monica
dia850_utt3.wav,850,3,neutral,Chandler
dia850_utt4.wav,850,4,surprise,Monica
dia850_utt5.wav,850,5,neutral,Chandler
dia850_utt6.wav,850,6,joy,Monica
dia851_utt0.wav,851,0,neutral,Kristen
dia851_utt1.wav,851,1,surprise,Joey
dia851_utt2.wav,851,2,neutral,Kristen
dia851_utt3.wav,851,3,neutral,Joey
dia851_utt4.wav,851,4,neutral,Kristen
dia851_utt5.wav,851,5,joy,Joey
dia851_utt6.wav,851,6,neutral,Kristen
dia851_utt7.wav,851,7,neutral,Joey
dia851_utt8.wav,851,8,neutral,Kristen
dia851_utt9.wav,851,9,neutral,Joey
dia851_utt10.wav,851,10,joy,Joey
dia851_utt11.wav,851,11,neutral,Joey
dia851_utt12.wav,851,12,neutral,Joey
dia851_utt13.wav,851,13,joy,Joey
dia851_utt14.wav,851,14,neutral,Kristen
dia851_utt15.wav,851,15,neutral,Joey
dia851_utt16.wav,851,16,neutral,Kristen
dia851_utt17.wav,851,17,neutral,Kristen
dia851_utt18.wav,851,18,joy,Joey
dia851_utt19.wav,851,19,neutral,Kristen
dia851_utt20.wav,851,20,neutral,Joey
dia852_utt0.wav,852,0,neutral,Phoebe
dia852_utt1.wav,852,1,neutral,Phoebe
dia852_utt2.wav,852,2,sadness,Phoebe
dia852_utt3.wav,852,3,neutral,Phoebe
dia852_utt4.wav,852,4,sadness,Phoebe
dia852_utt5.wav,852,5,neutral,Phoebe
dia852_utt6.wav,852,6,neutral,Phoebe
dia852_utt7.wav,852,7,anger,Phoebe
dia852_utt8.wav,852,8,sadness,Phoebe
dia853_utt0.wav,853,0,neutral,Ross
dia853_utt1.wav,853,1,anger,Phoebe
dia853_utt2.wav,853,2,sadness,Ross
dia853_utt3.wav,853,3,anger,Phoebe
dia853_utt4.wav,853,4,sadness,Ross
dia853_utt5.wav,853,5,joy,Phoebe
dia853_utt6.wav,853,6,neutral,Ross
dia853_utt7.wav,853,7,anger,Phoebe
dia853_utt8.wav,853,8,anger,Ross
dia853_utt9.wav,853,9,anger,Ross
dia853_utt10.wav,853,10,surprise,Phoebe
dia853_utt11.wav,853,11,anger,Ross
dia853_utt12.wav,853,12,anger,Phoebe
dia853_utt13.wav,853,13,joy,Ross
dia853_utt14.wav,853,14,anger,Phoebe
dia854_utt0.wav,854,0,fear,Mona
dia854_utt1.wav,854,1,neutral,Ross
dia854_utt2.wav,854,2,anger,Dr. Green
dia854_utt3.wav,854,3,anger,Ross
dia854_utt4.wav,854,4,neutral,Joey
dia854_utt5.wav,854,5,neutral,Ross
dia855_utt0.wav,855,0,joy,Joey
dia855_utt1.wav,855,1,anger,Joey
dia855_utt2.wav,855,2,neutral,The Potential Roommate
dia855_utt3.wav,855,3,joy,Joey
dia855_utt4.wav,855,4,joy,Chandler
dia855_utt5.wav,855,5,sadness,Joey
dia855_utt6.wav,855,6,surprise,Chandler
dia855_utt7.wav,855,7,fear,Joey
dia856_utt0.wav,856,0,neutral,Joey
dia856_utt1.wav,856,1,neutral,Chandler
dia856_utt2.wav,856,2,sadness,Joey
dia856_utt3.wav,856,3,surprise,Rachel
dia856_utt4.wav,856,4,joy,Joey
dia857_utt0.wav,857,0,surprise,Ross
dia857_utt1.wav,857,1,neutral,Ross
dia857_utt2.wav,857,2,neutral,Ross
dia857_utt3.wav,857,3,neutral,Ross
dia857_utt4.wav,857,4,neutral,Monica
dia857_utt5.wav,857,5,neutral,Chandler
dia857_utt6.wav,857,6,neutral,Ross
dia857_utt7.wav,857,7,neutral,Monica
dia857_utt8.wav,857,8,neutral,Chandler
dia857_utt9.wav,857,9,neutral,Ross
dia857_utt10.wav,857,10,neutral,Chandler
dia857_utt11.wav,857,11,joy,Ross
dia858_utt0.wav,858,0,surprise,Phoebe
dia858_utt1.wav,858,1,surprise,Ross
dia858_utt2.wav,858,2,neutral,Phoebe
dia858_utt3.wav,858,3,neutral,Joey
dia858_utt4.wav,858,4,joy,Ross
dia858_utt5.wav,858,5,neutral,Joey
dia858_utt6.wav,858,6,neutral,Joey
dia858_utt7.wav,858,7,neutral,Joey
dia858_utt8.wav,858,8,neutral,Joey
dia858_utt9.wav,858,9,neutral,Joey
dia858_utt10.wav,858,10,surprise,Chandler
dia858_utt11.wav,858,11,neutral,Joey
dia858_utt12.wav,858,12,neutral,Ross
dia858_utt13.wav,858,13,neutral,Joey
dia859_utt0.wav,859,0,surprise,Phoebe
dia859_utt1.wav,859,1,neutral,Ursula
dia859_utt2.wav,859,2,surprise,Phoebe
dia859_utt3.wav,859,3,neutral,Ursula
dia860_utt0.wav,860,0,surprise,Jim
dia860_utt1.wav,860,1,neutral,Phoebe
dia860_utt2.wav,860,2,fear,Phoebe
dia860_utt3.wav,860,3,neutral,Phoebe
dia860_utt4.wav,860,4,neutral,Phoebe
dia860_utt5.wav,860,5,neutral,Phoebe
dia860_utt6.wav,860,6,neutral,Jim
dia860_utt7.wav,860,7,neutral,Phoebe
dia860_utt8.wav,860,8,neutral,Jim
dia860_utt9.wav,860,9,surprise,Phoebe
dia860_utt10.wav,860,10,neutral,Jim
dia860_utt11.wav,860,11,disgust,Phoebe
dia860_utt12.wav,860,12,neutral,Jim
dia860_utt13.wav,860,13,surprise,Phoebe
dia860_utt14.wav,860,14,joy,Jim
dia860_utt15.wav,860,15,disgust,Phoebe
dia861_utt0.wav,861,0,sadness,Ross
dia861_utt1.wav,861,1,sadness,Aunt Lillian
dia861_utt2.wav,861,2,sadness,Monica
dia861_utt3.wav,861,3,anger,Mrs. Geller
dia861_utt4.wav,861,4,surprise,Monica
dia861_utt5.wav,861,5,surprise,Mrs. Geller
dia861_utt6.wav,861,6,neutral,Monica
dia861_utt7.wav,861,7,neutral,Mrs. Geller
dia861_utt8.wav,861,8,anger,Monica
dia861_utt9.wav,861,9,neutral,Ross
dia861_utt10.wav,861,10,neutral,Ross
dia861_utt11.wav,861,11,surprise,Monica
dia861_utt12.wav,861,12,neutral,Monica
dia861_utt13.wav,861,13,surprise,Ross
dia861_utt14.wav,861,14,disgust,Ross
dia861_utt15.wav,861,15,joy,Ross
dia861_utt16.wav,861,16,joy,Ross
dia861_utt17.wav,861,17,joy,Ross
dia861_utt18.wav,861,18,neutral,Mr. Geller
dia862_utt0.wav,862,0,neutral,Rachel
dia862_utt1.wav,862,1,surprise,Monica
dia862_utt2.wav,862,2,surprise,Rachel
dia862_utt3.wav,862,3,neutral,Monica
dia863_utt0.wav,863,0,neutral,Ronni
dia863_utt1.wav,863,1,neutral,Ronni
dia863_utt2.wav,863,2,neutral,Ronni
dia863_utt3.wav,863,3,neutral,Chandler
dia863_utt4.wav,863,4,joy,Ronni
dia863_utt5.wav,863,5,neutral,Mr. Tribbiani
dia863_utt6.wav,863,6,neutral,Joey
dia863_utt7.wav,863,7,surprise,Mr. Tribbiani
dia864_utt0.wav,864,0,neutral,Rachel
dia864_utt1.wav,864,1,neutral,Rachel
dia864_utt2.wav,864,2,neutral,Rachel
dia864_utt3.wav,864,3,joy,Chandler
dia864_utt4.wav,864,4,anger,Rachel
dia865_utt0.wav,865,0,neutral,Ross
dia865_utt1.wav,865,1,anger,Monica
dia865_utt2.wav,865,2,neutral,Monica
dia865_utt3.wav,865,3,anger,Monica
dia865_utt4.wav,865,4,sadness,Ross
dia865_utt5.wav,865,5,joy,Monica
dia865_utt6.wav,865,6,neutral,Monica
dia866_utt0.wav,866,0,surprise,Emily
dia866_utt1.wav,866,1,neutral,Monica
dia866_utt2.wav,866,2,joy,Emily
dia866_utt3.wav,866,3,neutral,Ross
dia866_utt4.wav,866,4,neutral,Monica
dia866_utt5.wav,866,5,neutral,Ross
dia866_utt6.wav,866,6,neutral,Ross
dia866_utt7.wav,866,7,joy,Emily
dia866_utt8.wav,866,8,joy,Ross
dia866_utt9.wav,866,9,anger,Emily
dia866_utt10.wav,866,10,sadness,Monica
dia867_utt0.wav,867,0,neutral,Rachel
dia867_utt1.wav,867,1,anger,Ross
dia867_utt2.wav,867,2,fear,Rachel
dia867_utt3.wav,867,3,anger,Ross
dia867_utt4.wav,867,4,surprise,Rachel
dia867_utt5.wav,867,5,joy,Ross
dia867_utt6.wav,867,6,neutral,Rachel
dia867_utt7.wav,867,7,anger,Ross
dia868_utt0.wav,868,0,anger,Cecilia
dia868_utt1.wav,868,1,neutral,Joey
dia868_utt2.wav,868,2,neutral,Cecilia
dia868_utt3.wav,868,3,neutral,Joey
dia869_utt0.wav,869,0,surprise,Joey
dia869_utt1.wav,869,1,surprise,Ross
dia869_utt2.wav,869,2,anger,Chandler
dia869_utt3.wav,869,3,anger,Chandler
dia869_utt4.wav,869,4,neutral,Chandler
dia869_utt5.wav,869,5,fear,Ross
dia869_utt6.wav,869,6,neutral,Chandler
dia869_utt7.wav,869,7,neutral,Chandler
dia869_utt8.wav,869,8,fear,Ross
dia869_utt9.wav,869,9,disgust,Chandler
dia869_utt10.wav,869,10,disgust,Chandler
dia869_utt11.wav,869,11,anger,Joey
dia869_utt12.wav,869,12,anger,Joey
dia869_utt13.wav,869,13,anger,Joey
dia869_utt14.wav,869,14,joy,Joey
dia869_utt15.wav,869,15,disgust,Joey
dia869_utt16.wav,869,16,disgust,Joey
dia869_utt17.wav,869,17,neutral,Chandler
dia870_utt0.wav,870,0,neutral,Joey
dia870_utt1.wav,870,1,neutral,Ross
dia870_utt2.wav,870,2,neutral,Joey
dia870_utt3.wav,870,3,neutral,Gunther
dia870_utt4.wav,870,4,neutral,Joey
dia870_utt5.wav,870,5,neutral,Ross
dia870_utt6.wav,870,6,neutral,Joey
dia870_utt7.wav,870,7,neutral,Chandler
dia871_utt0.wav,871,0,neutral,Chandler
dia871_utt1.wav,871,1,sadness,Chandler
dia871_utt2.wav,871,2,neutral,Chandler
dia871_utt3.wav,871,3,neutral,Joey
dia871_utt4.wav,871,4,neutral,Chandler
dia871_utt5.wav,871,5,neutral,Chandler
dia871_utt6.wav,871,6,neutral,Chandler
dia871_utt7.wav,871,7,neutral,Joey
dia871_utt8.wav,871,8,neutral,Phoebe
dia871_utt9.wav,871,9,neutral,Phoebe
dia871_utt10.wav,871,10,sadness,Joey
dia872_utt0.wav,872,0,sadness,Mrs. Geller
dia872_utt1.wav,872,1,surprise,Mr. Geller
dia872_utt2.wav,872,2,joy,Mrs. Geller
dia872_utt3.wav,872,3,surprise,Monica
dia872_utt4.wav,872,4,neutral,Mrs. Geller
dia872_utt5.wav,872,5,neutral,Monica
dia872_utt6.wav,872,6,neutral,Mr. Geller
dia872_utt7.wav,872,7,neutral,Mr. Geller
dia872_utt8.wav,872,8,neutral,Mr. Geller
dia872_utt9.wav,872,9,neutral,Mr. Geller
dia873_utt0.wav,873,0,neutral,Joey
dia873_utt1.wav,873,1,neutral,Phoebe
dia873_utt2.wav,873,2,joy,Joey
dia873_utt3.wav,873,3,neutral,Phoebe
dia873_utt4.wav,873,4,surprise,Joey
dia873_utt5.wav,873,5,anger,Phoebe
dia874_utt0.wav,874,0,surprise,Ross
dia874_utt1.wav,874,1,sadness,Joey
dia874_utt2.wav,874,2,surprise,Chandler
dia874_utt3.wav,874,3,sadness,Joey
dia874_utt4.wav,874,4,sadness,Monica
dia874_utt5.wav,874,5,sadness,Joey
dia874_utt6.wav,874,6,anger,Joey
dia874_utt7.wav,874,7,sadness,Joey
dia874_utt8.wav,874,8,anger,Joey
dia874_utt9.wav,874,9,neutral,Rachel
dia874_utt10.wav,874,10,sadness,Rachel
dia874_utt11.wav,874,11,sadness,Joey
dia874_utt12.wav,874,12,sadness,Rachel
dia874_utt13.wav,874,13,anger,Rachel
dia874_utt14.wav,874,14,neutral,Rachel
dia874_utt15.wav,874,15,neutral,Chandler
dia875_utt0.wav,875,0,neutral,Hotel Clerk
dia875_utt1.wav,875,1,joy,Chandler
dia875_utt2.wav,875,2,neutral,Hotel Clerk
dia875_utt3.wav,875,3,surprise,Chandler
dia875_utt4.wav,875,4,anger,Monica
dia875_utt5.wav,875,5,surprise,Chandler
dia875_utt6.wav,875,6,anger,Monica
dia875_utt7.wav,875,7,joy,Hotel Clerk
dia875_utt8.wav,875,8,anger,Monica
dia875_utt9.wav,875,9,neutral,Chandler
dia875_utt10.wav,875,10,neutral,Monica
dia876_utt0.wav,876,0,anger,Chandler
dia876_utt1.wav,876,1,anger,Joey
dia876_utt2.wav,876,2,surprise,Chandler
dia877_utt0.wav,877,0,joy,Phoebe
dia877_utt1.wav,877,1,surprise,David
dia877_utt2.wav,877,2,joy,Phoebe
dia877_utt3.wav,877,3,joy,David
dia877_utt4.wav,877,4,joy,Phoebe
dia878_utt0.wav,878,0,joy,Joey
dia878_utt1.wav,878,1,neutral,Monica
dia878_utt2.wav,878,2,neutral,Joey
dia878_utt3.wav,878,3,neutral,Chandler
dia879_utt0.wav,879,0,neutral,Tag
dia879_utt1.wav,879,1,neutral,Rachel
dia879_utt2.wav,879,2,neutral,Tag
dia880_utt0.wav,880,0,surprise,Rachel
dia880_utt1.wav,880,1,neutral,Tag
dia880_utt2.wav,880,2,joy,Rachel
dia881_utt0.wav,881,0,joy,Tag
dia882_utt0.wav,882,0,neutral,Rachel
dia883_utt0.wav,883,0,neutral,Tag
dia883_utt1.wav,883,1,neutral,Rachel
dia883_utt2.wav,883,2,neutral,Tag
dia883_utt3.wav,883,3,neutral,Rachel
dia883_utt4.wav,883,4,neutral,Tag
dia883_utt5.wav,883,5,neutral,Rachel
dia883_utt6.wav,883,6,neutral,Tag
dia883_utt7.wav,883,7,neutral,Rachel
dia884_utt0.wav,884,0,neutral,Casey
dia884_utt1.wav,884,1,joy,Joey
dia884_utt2.wav,884,2,joy,Casey
dia884_utt3.wav,884,3,surprise,Chandler
dia884_utt4.wav,884,4,neutral,Joey
dia884_utt5.wav,884,5,surprise,Chandler
dia884_utt6.wav,884,6,neutral,Joey
dia884_utt7.wav,884,7,surprise,Chandler
dia884_utt8.wav,884,8,anger,Joey
dia884_utt9.wav,884,9,surprise,Chandler
dia884_utt10.wav,884,10,surprise,Joey
dia884_utt11.wav,884,11,disgust,Chandler
dia884_utt12.wav,884,12,sadness,Joey
dia884_utt13.wav,884,13,anger,Chandler
dia884_utt14.wav,884,14,neutral,Chandler
dia884_utt15.wav,884,15,surprise,Joey
dia884_utt16.wav,884,16,neutral,Chandler
dia884_utt17.wav,884,17,neutral,Joey
dia885_utt0.wav,885,0,joy,Chandler
dia885_utt1.wav,885,1,neutral,Rachel
dia885_utt2.wav,885,2,neutral,Joey
dia885_utt3.wav,885,3,anger,Rachel
dia885_utt4.wav,885,4,anger,Joey
dia886_utt0.wav,886,0,joy,Rachel
dia886_utt1.wav,886,1,joy,Chandler
dia886_utt2.wav,886,2,neutral,Chandler
dia886_utt3.wav,886,3,neutral,Chandler
dia886_utt4.wav,886,4,neutral,Chandler
dia886_utt5.wav,886,5,joy,Rachel
dia886_utt6.wav,886,6,neutral,Chandler
dia886_utt7.wav,886,7,joy,Phoebe
dia886_utt8.wav,886,8,joy,Monica
dia886_utt9.wav,886,9,joy,Phoebe
dia886_utt10.wav,886,10,joy,Rachel
dia886_utt11.wav,886,11,joy,Phoebe
dia886_utt12.wav,886,12,disgust,Phoebe
dia886_utt13.wav,886,13,neutral,Phoebe
dia886_utt14.wav,886,14,neutral,Phoebe
dia886_utt15.wav,886,15,fear,Chandler
dia886_utt16.wav,886,16,surprise,Monica
dia886_utt17.wav,886,17,joy,Phoebe
dia886_utt20.wav,886,20,neutral,Rachel
dia886_utt21.wav,886,21,neutral,Phoebe
dia886_utt22.wav,886,22,neutral,Chandler
dia887_utt0.wav,887,0,neutral,Ross
dia887_utt1.wav,887,1,surprise,The Instructor
dia887_utt2.wav,887,2,neutral,Ross
dia887_utt3.wav,887,3,surprise,The Instructor
dia887_utt4.wav,887,4,neutral,Ross
dia887_utt5.wav,887,5,anger,Ross
dia887_utt6.wav,887,6,anger,The Instructor
dia887_utt7.wav,887,7,surprise,Ross
dia887_utt8.wav,887,8,surprise,Ross
dia887_utt9.wav,887,9,surprise,Ross
dia887_utt10.wav,887,10,neutral,Ross
dia887_utt11.wav,887,11,anger,Ross
dia887_utt12.wav,887,12,neutral,Ross
dia887_utt13.wav,887,13,neutral,Ross
dia888_utt0.wav,888,0,sadness,Ross
dia888_utt1.wav,888,1,anger,Joey
dia888_utt2.wav,888,2,anger,Ross
dia888_utt3.wav,888,3,anger,Emily
dia888_utt4.wav,888,4,neutral,Ross
dia888_utt5.wav,888,5,neutral,Emily
dia888_utt6.wav,888,6,joy,Ross
dia888_utt7.wav,888,7,neutral,Emily
dia888_utt8.wav,888,8,neutral,Ross
dia888_utt9.wav,888,9,neutral,Emily
dia888_utt10.wav,888,10,neutral,Ross
dia888_utt11.wav,888,11,neutral,Emily
dia888_utt12.wav,888,12,neutral,Emily
dia888_utt13.wav,888,13,neutral,Emily
dia888_utt14.wav,888,14,joy,Ross
dia888_utt15.wav,888,15,neutral,Emily
dia888_utt16.wav,888,16,joy,Ross
dia888_utt17.wav,888,17,anger,Emily
dia888_utt18.wav,888,18,joy,Ross
dia888_utt19.wav,888,19,joy,Joey
dia889_utt0.wav,889,0,neutral,Rachel
dia889_utt1.wav,889,1,neutral,Phoebe
dia889_utt2.wav,889,2,neutral,Rachel
dia889_utt3.wav,889,3,neutral,Phoebe
dia889_utt4.wav,889,4,neutral,Rachel
dia889_utt5.wav,889,5,surprise,Phoebe
dia890_utt0.wav,890,0,neutral,Rachel
dia890_utt1.wav,890,1,neutral,Russell
dia890_utt2.wav,890,2,neutral,Rachel
dia890_utt3.wav,890,3,neutral,Russell
dia890_utt4.wav,890,4,surprise,Rachel
dia891_utt0.wav,891,0,joy,Rachel
dia891_utt1.wav,891,1,neutral,Chandler
dia891_utt2.wav,891,2,surprise,Rachel
dia891_utt3.wav,891,3,surprise,Chandler
dia891_utt4.wav,891,4,surprise,Rachel
dia891_utt5.wav,891,5,joy,Chandler
dia891_utt6.wav,891,6,joy,Phoebe
dia892_utt0.wav,892,0,neutral,Joey
dia892_utt1.wav,892,1,neutral,Chandler
dia892_utt2.wav,892,2,neutral,Joey
dia892_utt3.wav,892,3,neutral,Chandler
dia892_utt4.wav,892,4,neutral,Chandler
dia892_utt5.wav,892,5,neutral,Chandler
dia892_utt6.wav,892,6,surprise,Joey
dia892_utt7.wav,892,7,neutral,Chandler
dia892_utt8.wav,892,8,neutral,Monica
dia892_utt9.wav,892,9,neutral,Joey
dia892_utt10.wav,892,10,anger,Monica
dia892_utt11.wav,892,11,surprise,Joey
dia892_utt12.wav,892,12,neutral,Monica
dia892_utt13.wav,892,13,neutral,Monica
dia892_utt14.wav,892,14,joy,Monica
dia892_utt15.wav,892,15,joy,Monica
dia892_utt16.wav,892,16,sadness,Chandler
dia893_utt0.wav,893,0,neutral,Joey
dia893_utt1.wav,893,1,disgust,Chandler
dia893_utt2.wav,893,2,sadness,Monica
dia893_utt3.wav,893,3,joy,Joey
dia893_utt4.wav,893,4,joy,Chandler
dia893_utt5.wav,893,5,neutral,Joey
dia893_utt6.wav,893,6,neutral,Joey
dia893_utt7.wav,893,7,neutral,Joey
dia893_utt8.wav,893,8,neutral,Joey
dia893_utt9.wav,893,9,anger,Joey
dia893_utt10.wav,893,10,joy,Joey
dia893_utt11.wav,893,11,neutral,Monica
dia893_utt12.wav,893,12,joy,Joey
dia893_utt13.wav,893,13,joy,Joey
dia893_utt14.wav,893,14,joy,Joey
dia893_utt15.wav,893,15,joy,Joey
dia893_utt16.wav,893,16,joy,Monica
dia893_utt17.wav,893,17,joy,Joey
dia894_utt0.wav,894,0,joy,Phoebe
dia895_utt0.wav,895,0,fear,Joey
dia895_utt1.wav,895,1,neutral,Phoebe
dia895_utt2.wav,895,2,anger,Joey
dia895_utt3.wav,895,3,surprise,Joey
dia895_utt4.wav,895,4,neutral,Mr. Treeger
dia895_utt5.wav,895,5,neutral,Phoebe
dia895_utt6.wav,895,6,neutral,Mr. Treeger
dia895_utt7.wav,895,7,neutral,Mr. Treeger
dia895_utt8.wav,895,8,anger,Mr. Treeger
dia895_utt9.wav,895,9,sadness,Mr. Treeger
dia895_utt10.wav,895,10,neutral,Phoebe
dia896_utt0.wav,896,0,neutral,Chandler
dia896_utt1.wav,896,1,sadness,Phoebe
dia896_utt2.wav,896,2,sadness,Phoebe
dia896_utt3.wav,896,3,neutral,Phoebe
dia896_utt4.wav,896,4,surprise,Chandler
dia896_utt5.wav,896,5,neutral,Phoebe
dia897_utt0.wav,897,0,anger,Monica
dia897_utt1.wav,897,1,neutral,Ross
dia897_utt2.wav,897,2,sadness,Ross
dia897_utt3.wav,897,3,neutral,Ross
dia897_utt4.wav,897,4,neutral,All
dia897_utt5.wav,897,5,neutral,Ross
dia897_utt6.wav,897,6,neutral,Rachel
dia897_utt7.wav,897,7,joy,Monica
dia897_utt8.wav,897,8,neutral,Chandler
dia897_utt9.wav,897,9,surprise,All
dia897_utt10.wav,897,10,neutral,Chandler
dia898_utt0.wav,898,0,joy,Joey
dia898_utt1.wav,898,1,joy,Chandler
dia898_utt2.wav,898,2,joy,Joey
dia898_utt3.wav,898,3,neutral,Chandler
dia898_utt4.wav,898,4,disgust,Joey
dia899_utt0.wav,899,0,neutral,Phoebe
dia899_utt1.wav,899,1,neutral,Monica
dia900_utt0.wav,900,0,neutral,Phoebe
dia900_utt1.wav,900,1,neutral,Phoebe
dia900_utt2.wav,900,2,neutral,Phoebe
dia900_utt3.wav,900,3,neutral,Phoebe
dia900_utt4.wav,900,4,joy,Phoebe
dia900_utt5.wav,900,5,neutral,Phoebe
dia900_utt6.wav,900,6,neutral,Phoebe
dia900_utt7.wav,900,7,joy,Mischa
dia900_utt8.wav,900,8,joy,Phoebe
dia900_utt9.wav,900,9,neutral,Mischa
dia900_utt10.wav,900,10,neutral,Phoebe
dia900_utt11.wav,900,11,joy,Phoebe
dia900_utt12.wav,900,12,surprise,Phoebe
dia900_utt13.wav,900,13,neutral,Phoebe
dia900_utt14.wav,900,14,neutral,Phoebe
dia900_utt15.wav,900,15,neutral,Mischa
dia901_utt0.wav,901,0,anger,Chandler
dia901_utt1.wav,901,1,neutral,Joey
dia901_utt2.wav,901,2,neutral,Chandler
dia901_utt3.wav,901,3,surprise,Joey
dia901_utt4.wav,901,4,anger,Joey
dia901_utt5.wav,901,5,disgust,Chandler
dia901_utt6.wav,901,6,neutral,Joey
dia901_utt7.wav,901,7,neutral,Joey
dia901_utt8.wav,901,8,neutral,Joey
dia901_utt9.wav,901,9,anger,Chandler
dia901_utt10.wav,901,10,fear,Joey
dia901_utt11.wav,901,11,surprise,Chandler
dia901_utt12.wav,901,12,neutral,Joey
dia901_utt13.wav,901,13,sadness,Chandler
dia901_utt14.wav,901,14,sadness,Joey
dia901_utt15.wav,901,15,surprise,Chandler
dia901_utt16.wav,901,16,neutral,Joey
dia901_utt17.wav,901,17,sadness,Chandler
dia902_utt0.wav,902,0,anger,Rachel
dia902_utt1.wav,902,1,surprise,Ross
dia902_utt2.wav,902,2,joy,Joey
dia902_utt3.wav,902,3,neutral,Chandler
dia902_utt4.wav,902,4,neutral,Monica
dia902_utt5.wav,902,5,anger,Ross
dia902_utt6.wav,902,6,neutral,Chandler
dia902_utt7.wav,902,7,neutral,Chandler
dia902_utt8.wav,902,8,neutral,Chandler
dia902_utt9.wav,902,9,joy,Phoebe
dia902_utt10.wav,902,10,joy,Chandler
dia902_utt11.wav,902,11,joy,Phoebe
dia902_utt12.wav,902,12,joy,Mrs. Geller
dia902_utt13.wav,902,13,joy,Ross
dia902_utt14.wav,902,14,joy,All
dia902_utt15.wav,902,15,anger,Mr. Geller
dia902_utt16.wav,902,16,joy,Mrs. Geller
dia903_utt0.wav,903,0,neutral,Rachel
dia903_utt1.wav,903,1,joy,Chandler
dia903_utt2.wav,903,2,anger,Monica
dia904_utt0.wav,904,0,neutral,Monica
dia904_utt1.wav,904,1,neutral,Monica
dia904_utt2.wav,904,2,sadness,Monica
dia904_utt3.wav,904,3,sadness,Monica
dia904_utt4.wav,904,4,disgust,Monica
dia904_utt5.wav,904,5,joy,Rachel
dia904_utt6.wav,904,6,joy,Monica
dia904_utt7.wav,904,7,anger,Phoebe
dia905_utt0.wav,905,0,sadness,Chandler
dia905_utt1.wav,905,1,neutral,Monica
dia905_utt2.wav,905,2,anger,Phoebe
dia905_utt3.wav,905,3,disgust,Joey
dia905_utt4.wav,905,4,joy,Rachel
dia905_utt5.wav,905,5,neutral,Jay Leno
dia905_utt6.wav,905,6,neutral,Jay Leno
dia905_utt7.wav,905,7,neutral,Chandler
dia905_utt8.wav,905,8,joy,Rachel
dia905_utt9.wav,905,9,anger,Joey
dia905_utt10.wav,905,10,neutral,Chandler
dia905_utt11.wav,905,11,joy,Rachel
dia905_utt12.wav,905,12,joy,Rachel
dia905_utt13.wav,905,13,joy,Rachel
dia905_utt14.wav,905,14,joy,Rachel
dia905_utt15.wav,905,15,disgust,Chandler
dia905_utt16.wav,905,16,joy,Ross
dia906_utt0.wav,906,0,neutral,Joey
dia906_utt1.wav,906,1,neutral,Rachel
dia906_utt2.wav,906,2,neutral,Monica
dia906_utt3.wav,906,3,neutral,Rachel
dia906_utt4.wav,906,4,surprise,Monica
dia906_utt5.wav,906,5,surprise,Rachel
dia907_utt0.wav,907,0,neutral,Phoebe
dia907_utt1.wav,907,1,anger,Phoebe
dia907_utt2.wav,907,2,neutral,The Smoking Woman
dia907_utt3.wav,907,3,anger,Phoebe
dia907_utt4.wav,907,4,anger,The Smoking Woman
dia907_utt5.wav,907,5,anger,Phoebe
dia907_utt6.wav,907,6,surprise,The Smoking Woman
dia907_utt7.wav,907,7,anger,Phoebe
dia907_utt8.wav,907,8,surprise,The Smoking Woman
dia907_utt9.wav,907,9,disgust,Phoebe
dia907_utt10.wav,907,10,neutral,The Smoking Woman
dia907_utt11.wav,907,11,anger,Phoebe
dia907_utt12.wav,907,12,fear,The Smoking Woman
dia907_utt13.wav,907,13,neutral,Phoebe
dia908_utt0.wav,908,0,fear,Phoebe
dia908_utt1.wav,908,1,neutral,Rachel
dia908_utt2.wav,908,2,surprise,Joey
dia908_utt3.wav,908,3,neutral,Ross
dia908_utt4.wav,908,4,surprise,Joey
dia908_utt5.wav,908,5,neutral,Ross
dia908_utt6.wav,908,6,surprise,Joey
dia908_utt7.wav,908,7,anger,Ross
dia908_utt8.wav,908,8,neutral,Joey
dia908_utt9.wav,908,9,neutral,Ross
dia908_utt10.wav,908,10,neutral,Joey
dia908_utt11.wav,908,11,neutral,Ross
dia908_utt12.wav,908,12,joy,Joey
dia908_utt13.wav,908,13,anger,Ross
dia908_utt14.wav,908,14,anger,Joey
dia908_utt15.wav,908,15,anger,Ross
dia908_utt16.wav,908,16,surprise,Joey
dia909_utt0.wav,909,0,joy,Phoebe
dia909_utt1.wav,909,1,neutral,Trudie Styler
dia909_utt2.wav,909,2,neutral,Phoebe
dia909_utt3.wav,909,3,neutral,Trudie Styler
dia909_utt4.wav,909,4,neutral,Phoebe
dia909_utt5.wav,909,5,neutral,Trudie Styler
dia909_utt6.wav,909,6,neutral,Phoebe
dia909_utt7.wav,909,7,neutral,Trudie Styler
dia909_utt8.wav,909,8,neutral,Rachel
dia910_utt0.wav,910,0,neutral,Monica
dia910_utt1.wav,910,1,neutral,Ross
dia910_utt2.wav,910,2,joy,All
dia910_utt3.wav,910,3,surprise,Monica
dia910_utt4.wav,910,4,neutral,Joey
dia910_utt5.wav,910,5,joy,Ross
dia910_utt6.wav,910,6,joy,Ross
dia910_utt7.wav,910,7,joy,Rachel
dia910_utt8.wav,910,8,joy,Chandler
dia910_utt9.wav,910,9,neutral,Monica
dia910_utt10.wav,910,10,surprise,Ross
dia910_utt11.wav,910,11,neutral,Monica
dia910_utt12.wav,910,12,joy,Rachel
dia910_utt13.wav,910,13,joy,Ross
dia910_utt14.wav,910,14,joy,Chandler
dia911_utt0.wav,911,0,joy,Joey
dia911_utt1.wav,911,1,fear,Monica
dia911_utt2.wav,911,2,surprise,Joey
dia911_utt3.wav,911,3,neutral,Monica
dia911_utt4.wav,911,4,neutral,The Acting Teacher
dia911_utt5.wav,911,5,disgust,Joey
dia912_utt0.wav,912,0,surprise,Ross
dia912_utt1.wav,912,1,surprise,Ross
dia912_utt2.wav,912,2,surprise,Ross
dia912_utt3.wav,912,3,anger,Ross
dia912_utt4.wav,912,4,surprise,Ross
dia912_utt5.wav,912,5,neutral,Ross
dia912_utt6.wav,912,6,neutral,Ross
dia912_utt7.wav,912,7,neutral,Ross
dia913_utt0.wav,913,0,anger,Joey
dia913_utt1.wav,913,1,neutral,Chandler
dia913_utt2.wav,913,2,anger,Joey
dia913_utt3.wav,913,3,anger,Joey
dia913_utt4.wav,913,4,neutral,Chandler
dia913_utt5.wav,913,5,neutral,Joey
dia913_utt6.wav,913,6,neutral,Joey
dia913_utt7.wav,913,7,neutral,Chandler
dia913_utt8.wav,913,8,joy,Joey
dia913_utt9.wav,913,9,neutral,Chandler
dia913_utt10.wav,913,10,neutral,Joey
dia913_utt11.wav,913,11,joy,Chandler
dia913_utt12.wav,913,12,joy,Joey
dia913_utt13.wav,913,13,neutral,Chandler
dia913_utt14.wav,913,14,neutral,Joey
dia914_utt0.wav,914,0,joy,Monica
dia914_utt1.wav,914,1,neutral,Rachel
dia914_utt2.wav,914,2,neutral,Monica
dia915_utt0.wav,915,0,neutral,Monica
dia915_utt1.wav,915,1,neutral,Rachel
dia915_utt2.wav,915,2,neutral,Joey
dia915_utt3.wav,915,3,fear,Chandler
dia915_utt4.wav,915,4,fear,Chandler
dia915_utt5.wav,915,5,neutral,Dr. Franzblau
dia915_utt6.wav,915,6,neutral,Nurse
dia915_utt7.wav,915,7,fear,Carol
dia915_utt8.wav,915,8,neutral,Dr. Franzblau
dia915_utt9.wav,915,9,fear,Carol
dia916_utt0.wav,916,0,joy,Ross
dia916_utt1.wav,916,1,neutral,Mona
dia916_utt2.wav,916,2,joy,Ross
dia916_utt3.wav,916,3,joy,Ross
dia916_utt4.wav,916,4,neutral,Mona
dia916_utt5.wav,916,5,neutral,Ross
dia916_utt6.wav,916,6,joy,Ross
dia916_utt7.wav,916,7,neutral,Ross
dia916_utt8.wav,916,8,surprise,Ross
dia916_utt9.wav,916,9,neutral,Ross
dia916_utt10.wav,916,10,joy,Ross
dia916_utt11.wav,916,11,neutral,Ross
dia916_utt12.wav,916,12,fear,Ross
dia916_utt13.wav,916,13,sadness,Mona
dia917_utt0.wav,917,0,neutral,Chandler
dia917_utt1.wav,917,1,joy,Chandler
dia917_utt2.wav,917,2,joy,Chandler
dia917_utt3.wav,917,3,anger,Chandler
dia917_utt4.wav,917,4,surprise,Chandler
dia917_utt5.wav,917,5,joy,Chandler
dia918_utt0.wav,918,0,neutral,Phoebe
dia918_utt1.wav,918,1,neutral,Chandler
dia918_utt2.wav,918,2,neutral,Joey
dia918_utt3.wav,918,3,neutral,Chandler
dia918_utt4.wav,918,4,surprise,Phoebe
dia918_utt5.wav,918,5,anger,Chandler
dia918_utt6.wav,918,6,neutral,Chandler
dia918_utt7.wav,918,7,anger,Phoebe
dia918_utt8.wav,918,8,sadness,Phoebe
dia918_utt9.wav,918,9,anger,Phoebe
dia918_utt10.wav,918,10,anger,Phoebe
dia918_utt11.wav,918,11,sadness,Phoebe
dia918_utt12.wav,918,12,neutral,Phoebe
dia919_utt0.wav,919,0,surprise,Ross
dia919_utt1.wav,919,1,neutral,Emily
dia920_utt0.wav,920,0,sadness,Student
dia920_utt1.wav,920,1,surprise,Joey
dia920_utt2.wav,920,2,neutral,Student
dia920_utt3.wav,920,3,surprise,Joey
dia920_utt4.wav,920,4,neutral,Student
dia921_utt0.wav,921,0,surprise,Phoebe
dia921_utt1.wav,921,1,fear,Eric
dia921_utt2.wav,921,2,surprise,Phoebe
dia921_utt3.wav,921,3,sadness,Eric
dia921_utt4.wav,921,4,disgust,Phoebe
dia921_utt5.wav,921,5,sadness,Eric
dia921_utt6.wav,921,6,fear,Eric
dia921_utt7.wav,921,7,sadness,Eric
dia921_utt8.wav,921,8,sadness,Phoebe
dia921_utt9.wav,921,9,sadness,Eric
dia921_utt10.wav,921,10,anger,Phoebe
dia922_utt0.wav,922,0,joy,Phoebe
dia922_utt1.wav,922,1,neutral,Rachel
dia922_utt2.wav,922,2,neutral,Phoebe
dia922_utt3.wav,922,3,sadness,Rachel
dia922_utt4.wav,922,4,neutral,Phoebe
dia922_utt5.wav,922,5,surprise,Rachel
dia922_utt6.wav,922,6,neutral,Phoebe
dia922_utt7.wav,922,7,neutral,Rachel
dia922_utt8.wav,922,8,neutral,Phoebe
dia923_utt0.wav,923,0,neutral,Rachel
dia923_utt1.wav,923,1,sadness,Chandler
dia923_utt2.wav,923,2,fear,Janice
dia923_utt3.wav,923,3,joy,Chandler
dia923_utt4.wav,923,4,sadness,Janice
dia923_utt5.wav,923,5,disgust,Chandler
dia923_utt6.wav,923,6,surprise,Janice
dia923_utt7.wav,923,7,neutral,Chandler
dia923_utt8.wav,923,8,joy,Janice
dia923_utt9.wav,923,9,anger,Chandler
dia923_utt10.wav,923,10,anger,Janice
dia923_utt11.wav,923,11,neutral,Chandler
dia923_utt12.wav,923,12,sadness,Janice
dia923_utt13.wav,923,13,joy,Chandler
dia924_utt0.wav,924,0,joy,Phoebe
dia924_utt1.wav,924,1,joy,Joey
dia924_utt2.wav,924,2,neutral,Phoebe
dia924_utt3.wav,924,3,neutral,Joey
dia924_utt4.wav,924,4,neutral,Phoebe
dia924_utt5.wav,924,5,sadness,Phoebe
dia924_utt6.wav,924,6,sadness,Joey
dia925_utt0.wav,925,0,neutral,Woman
dia925_utt1.wav,925,1,neutral,Chandler
dia925_utt2.wav,925,2,neutral,Mrs. Tedlock
dia925_utt3.wav,925,3,neutral,Chandler
dia925_utt4.wav,925,4,neutral,Chandler
dia925_utt5.wav,925,5,joy,Chandler
dia925_utt6.wav,925,6,neutral,Chandler
dia925_utt7.wav,925,7,joy,Chandler
dia925_utt8.wav,925,8,neutral,Chandler
dia926_utt0.wav,926,0,neutral,Chandler
dia926_utt1.wav,926,1,sadness,Monica
dia926_utt2.wav,926,2,sadness,Chandler
dia926_utt3.wav,926,3,neutral,Monica
dia926_utt4.wav,926,4,anger,Chandler
dia926_utt5.wav,926,5,sadness,Chandler
dia926_utt6.wav,926,6,neutral,Chandler
dia926_utt7.wav,926,7,neutral,Monica
dia926_utt8.wav,926,8,neutral,Monica
dia926_utt9.wav,926,9,neutral,Monica
dia926_utt10.wav,926,10,joy,Chandler
dia926_utt11.wav,926,11,neutral,Monica
dia926_utt12.wav,926,12,neutral,Chandler
dia926_utt13.wav,926,13,joy,Joey
dia926_utt14.wav,926,14,joy,Monica
dia926_utt15.wav,926,15,neutral,Joey
dia926_utt16.wav,926,16,neutral,Monica
dia926_utt17.wav,926,17,surprise,Joey
dia927_utt0.wav,927,0,neutral,Phoebe
dia927_utt1.wav,927,1,neutral,Monica
dia927_utt2.wav,927,2,surprise,Phoebe
dia927_utt3.wav,927,3,neutral,Monica
dia927_utt4.wav,927,4,surprise,Phoebe
dia928_utt0.wav,928,0,disgust,Monica
dia928_utt1.wav,928,1,neutral,Richard
dia928_utt2.wav,928,2,neutral,Monica
dia928_utt3.wav,928,3,joy,Richard
dia928_utt4.wav,928,4,anger,Monica
dia928_utt5.wav,928,5,neutral,Richard
dia929_utt0.wav,929,0,joy,The Guys
dia929_utt1.wav,929,1,anger,Phoebe
dia929_utt2.wav,929,2,neutral,The Guys
dia929_utt3.wav,929,3,neutral,Monica
dia929_utt4.wav,929,4,neutral,Rachel
dia929_utt5.wav,929,5,neutral,Monica
dia930_utt0.wav,930,0,joy,Phoebe
dia930_utt1.wav,930,1,neutral,Chandler
dia930_utt2.wav,930,2,neutral,Joey
dia930_utt3.wav,930,3,neutral,Chandler
dia930_utt4.wav,930,4,neutral,Joey
dia930_utt5.wav,930,5,neutral,Chandler
dia930_utt6.wav,930,6,neutral,Joey
dia930_utt7.wav,930,7,neutral,Ross
dia930_utt8.wav,930,8,neutral,Joey
dia930_utt9.wav,930,9,joy,Ross
dia930_utt10.wav,930,10,neutral,Ross
dia930_utt11.wav,930,11,neutral,Ross
dia930_utt12.wav,930,12,neutral,Chandler
dia930_utt13.wav,930,13,anger,Ross
dia930_utt14.wav,930,14,neutral,Chandler
dia930_utt15.wav,930,15,anger,Joey
dia931_utt0.wav,931,0,joy,Joey/Drake
dia931_utt1.wav,931,1,anger,Joey/Drake
dia931_utt2.wav,931,2,disgust,Joey/Drake
dia932_utt0.wav,932,0,joy,Phoebe
dia932_utt1.wav,932,1,anger,Ross
dia932_utt2.wav,932,2,joy,Rachel
dia932_utt3.wav,932,3,joy,Monica
dia932_utt4.wav,932,4,anger,Rachel
dia932_utt5.wav,932,5,fear,Monica
dia932_utt6.wav,932,6,anger,Rachel
dia932_utt7.wav,932,7,anger,Monica
dia932_utt8.wav,932,8,anger,Rachel
dia932_utt9.wav,932,9,neutral,Monica
dia932_utt10.wav,932,10,anger,Rachel
dia932_utt11.wav,932,11,neutral,Monica
dia932_utt12.wav,932,12,joy,Rachel
dia932_utt13.wav,932,13,neutral,Monica
dia932_utt14.wav,932,14,neutral,Rachel
dia932_utt15.wav,932,15,neutral,Ross
dia932_utt16.wav,932,16,neutral,Ross
dia933_utt0.wav,933,0,joy,Ross
dia933_utt1.wav,933,1,joy,Gunther
dia933_utt2.wav,933,2,neutral,Joey
dia933_utt3.wav,933,3,neutral,Ross
dia933_utt4.wav,933,4,joy,Joey
dia933_utt5.wav,933,5,neutral,Rachel
dia933_utt6.wav,933,6,neutral,Monica
dia933_utt7.wav,933,7,neutral,Joey
dia933_utt8.wav,933,8,neutral,Woman
dia933_utt9.wav,933,9,neutral,Joey
dia933_utt10.wav,933,10,surprise,Monica
dia933_utt11.wav,933,11,anger,Joey
dia933_utt12.wav,933,12,anger,Rachel
dia933_utt13.wav,933,13,neutral,Joey
dia933_utt14.wav,933,14,anger,Gunther
dia933_utt15.wav,933,15,sadness,Joey
dia933_utt16.wav,933,16,surprise,Monica
dia933_utt17.wav,933,17,neutral,Joey
dia933_utt18.wav,933,18,neutral,Customer
dia933_utt19.wav,933,19,neutral,Joey
dia934_utt0.wav,934,0,neutral,Chandler
dia934_utt1.wav,934,1,neutral,The Museum Official
dia934_utt2.wav,934,2,neutral,The Museum Official
dia934_utt3.wav,934,3,neutral,The Museum Official
dia934_utt4.wav,934,4,surprise,Chandler
dia935_utt0.wav,935,0,neutral,Monica
dia935_utt1.wav,935,1,neutral,Phoebe
dia935_utt2.wav,935,2,anger,Monica
dia935_utt3.wav,935,3,neutral,Phoebe
dia935_utt4.wav,935,4,sadness,Monica
dia935_utt5.wav,935,5,neutral,Phoebe
dia935_utt6.wav,935,6,neutral,Phoebe
dia935_utt7.wav,935,7,sadness,Phoebe
dia935_utt8.wav,935,8,anger,Phoebe
dia935_utt9.wav,935,9,joy,Monica
dia935_utt10.wav,935,10,joy,Phoebe
dia935_utt11.wav,935,11,neutral,Monica
dia935_utt12.wav,935,12,joy,The Croupier
dia935_utt13.wav,935,13,neutral,Monica
dia936_utt0.wav,936,0,neutral,Rachel
dia936_utt1.wav,936,1,surprise,Phoebe
dia936_utt2.wav,936,2,neutral,Rachel
dia936_utt3.wav,936,3,surprise,Phoebe
dia936_utt4.wav,936,4,neutral,Rachel
dia936_utt5.wav,936,5,neutral,Rachel
dia936_utt6.wav,936,6,fear,Phoebe
dia936_utt7.wav,936,7,fear,Rachel
dia936_utt8.wav,936,8,sadness,Rachel
dia936_utt9.wav,936,9,neutral,Rachel
dia936_utt10.wav,936,10,sadness,Phoebe
dia936_utt11.wav,936,11,sadness,Phoebe
dia936_utt12.wav,936,12,sadness,Phoebe
dia936_utt13.wav,936,13,surprise,Rachel
dia936_utt14.wav,936,14,sadness,Phoebe
dia936_utt15.wav,936,15,sadness,Phoebe
dia936_utt16.wav,936,16,anger,Phoebe
dia936_utt17.wav,936,17,anger,Phoebe
dia936_utt18.wav,936,18,sadness,Phoebe
dia936_utt19.wav,936,19,sadness,Phoebe
dia936_utt20.wav,936,20,anger,Rachel
dia936_utt21.wav,936,21,joy,Phoebe
dia937_utt0.wav,937,0,neutral,Ross
dia937_utt1.wav,937,1,neutral,Ross
dia937_utt2.wav,937,2,neutral,Ross
dia937_utt3.wav,937,3,neutral,Ross
dia937_utt4.wav,937,4,neutral,Ross
dia937_utt5.wav,937,5,neutral,Ross
dia937_utt6.wav,937,6,neutral,Ross
dia938_utt0.wav,938,0,neutral,Joey
dia938_utt1.wav,938,1,sadness,Joey
dia938_utt2.wav,938,2,sadness,Joey
dia938_utt3.wav,938,3,joy,Joey
dia938_utt4.wav,938,4,joy,Joey
dia938_utt5.wav,938,5,neutral,Joey
dia938_utt6.wav,938,6,neutral,Joey
dia938_utt7.wav,938,7,surprise,Joey
dia938_utt8.wav,938,8,surprise,Joey
dia938_utt9.wav,938,9,neutral,Joey
dia939_utt0.wav,939,0,anger,Phoebe
dia939_utt1.wav,939,1,neutral,Rachel
dia939_utt2.wav,939,2,neutral,Phoebe
dia939_utt3.wav,939,3,fear,Rachel
dia939_utt4.wav,939,4,surprise,Phoebe
dia939_utt5.wav,939,5,joy,Rachel
dia939_utt6.wav,939,6,surprise,Phoebe
dia939_utt7.wav,939,7,joy,Phoebe
dia939_utt8.wav,939,8,sadness,Phoebe
dia939_utt9.wav,939,9,sadness,Rachel
dia939_utt10.wav,939,10,neutral,Phoebe
dia939_utt11.wav,939,11,sadness,Rachel
dia939_utt12.wav,939,12,surprise,Phoebe
dia939_utt13.wav,939,13,surprise,Rachel
dia939_utt14.wav,939,14,joy,Phoebe
dia939_utt15.wav,939,15,neutral,Joey
dia939_utt16.wav,939,16,surprise,Ross
dia939_utt17.wav,939,17,joy,Phoebe
dia939_utt18.wav,939,18,neutral,Rachel
dia939_utt19.wav,939,19,neutral,Phoebe
dia939_utt20.wav,939,20,neutral,Rachel
dia940_utt0.wav,940,0,sadness,Phoebe
dia940_utt1.wav,940,1,neutral,Ross
dia940_utt2.wav,940,2,joy,Phoebe
dia940_utt3.wav,940,3,neutral,Monica
dia940_utt4.wav,940,4,neutral,Phoebe
dia940_utt5.wav,940,5,neutral,Monica
dia940_utt6.wav,940,6,joy,Phoebe
dia940_utt7.wav,940,7,neutral,Ross
dia940_utt8.wav,940,8,neutral,Phoebe
dia941_utt0.wav,941,0,neutral,Jeannine
dia941_utt1.wav,941,1,neutral,Julio
dia941_utt2.wav,941,2,surprise,Monica
dia941_utt3.wav,941,3,neutral,Julio
dia941_utt4.wav,941,4,neutral,Monica
dia941_utt5.wav,941,5,neutral,Julio
dia941_utt6.wav,941,6,neutral,Monica
dia941_utt7.wav,941,7,neutral,Julio
dia941_utt8.wav,941,8,neutral,Monica
dia941_utt9.wav,941,9,neutral,Julio
dia941_utt10.wav,941,10,neutral,Monica
dia941_utt11.wav,941,11,neutral,Julio
dia941_utt12.wav,941,12,neutral,Monica
dia941_utt13.wav,941,13,joy,Julio
dia941_utt14.wav,941,14,joy,Monica
dia942_utt0.wav,942,0,neutral,The Conductor
dia942_utt1.wav,942,1,surprise,Ross
dia942_utt2.wav,942,2,neutral,Woman On Train
dia942_utt3.wav,942,3,surprise,Ross
dia942_utt4.wav,942,4,neutral,Woman On Train
dia942_utt5.wav,942,5,surprise,Ross
dia942_utt6.wav,942,6,neutral,Woman On Train
dia942_utt7.wav,942,7,neutral,Ross
dia942_utt8.wav,942,8,neutral,Woman On Train
dia943_utt0.wav,943,0,neutral,Monica
dia943_utt1.wav,943,1,anger,Monica
dia943_utt2.wav,943,2,neutral,Monica
dia943_utt3.wav,943,3,neutral,Ross
dia943_utt4.wav,943,4,surprise,Phoebe
dia943_utt5.wav,943,5,neutral,Monica
dia944_utt0.wav,944,0,neutral,Phoebe
dia944_utt1.wav,944,1,anger,Joey
dia945_utt0.wav,945,0,disgust,Rachel
dia945_utt1.wav,945,1,sadness,Monica
dia945_utt2.wav,945,2,sadness,Rachel
dia945_utt3.wav,945,3,joy,Monica
dia945_utt4.wav,945,4,sadness,Rachel
dia945_utt5.wav,945,5,disgust,Rachel
dia945_utt6.wav,945,6,anger,Rachel
dia945_utt7.wav,945,7,fear,Guy
dia945_utt8.wav,945,8,anger,Rachel
dia945_utt9.wav,945,9,neutral,Guy
dia945_utt10.wav,945,10,joy,Rachel
dia945_utt11.wav,945,11,joy,Rachel
dia945_utt12.wav,945,12,neutral,Guy
dia945_utt13.wav,945,13,joy,Rachel
dia945_utt14.wav,945,14,neutral,Guy
dia945_utt15.wav,945,15,neutral,Rachel
dia946_utt0.wav,946,0,neutral,Phoebe
dia946_utt1.wav,946,1,surprise,Monica
dia946_utt2.wav,946,2,neutral,Phoebe
dia946_utt3.wav,946,3,surprise,Monica
dia946_utt4.wav,946,4,neutral,Monica
dia946_utt5.wav,946,5,neutral,Monica
dia946_utt6.wav,946,6,joy,Phoebe
dia946_utt7.wav,946,7,anger,Monica
dia946_utt8.wav,946,8,joy,Phoebe
dia946_utt9.wav,946,9,anger,Monica
dia946_utt10.wav,946,10,neutral,Phoebe
dia946_utt11.wav,946,11,anger,Monica
dia946_utt12.wav,946,12,joy,Phoebe
dia946_utt13.wav,946,13,anger,Monica
dia946_utt14.wav,946,14,joy,Phoebe
dia946_utt15.wav,946,15,joy,Monica
dia946_utt16.wav,946,16,surprise,Phoebe
dia947_utt0.wav,947,0,neutral,Monica
dia947_utt1.wav,947,1,surprise,The Food Critic
dia947_utt2.wav,947,2,neutral,Monica
dia947_utt3.wav,947,3,joy,The Food Critic
dia947_utt4.wav,947,4,anger,Joey
dia947_utt5.wav,947,5,joy,Monica
dia947_utt6.wav,947,6,disgust,The Food Critic
dia947_utt7.wav,947,7,joy,Joey
dia947_utt8.wav,947,8,neutral,The Cooking Teacher
dia947_utt9.wav,947,9,neutral,Monica
dia947_utt10.wav,947,10,neutral,The Cooking Teacher
dia947_utt11.wav,947,11,neutral,Monica
dia947_utt12.wav,947,12,neutral,The Cooking Teacher
dia947_utt13.wav,947,13,neutral,Monica
dia947_utt14.wav,947,14,neutral,The Cooking Teacher
dia947_utt15.wav,947,15,joy,Monica
dia948_utt0.wav,948,0,neutral,Phoebe
dia948_utt1.wav,948,1,neutral,Phoebe
dia948_utt2.wav,948,2,neutral,Phoebe
dia948_utt3.wav,948,3,joy,Phoebe
dia948_utt4.wav,948,4,surprise,Monica
dia948_utt5.wav,948,5,joy,Phoebe
dia948_utt6.wav,948,6,joy,Monica
dia948_utt7.wav,948,7,joy,Phoebe
dia948_utt8.wav,948,8,joy,Phoebe
dia948_utt9.wav,948,9,joy,Phoebe
dia948_utt10.wav,948,10,joy,Monica
dia948_utt11.wav,948,11,neutral,Phoebe
dia948_utt12.wav,948,12,neutral,Monica
dia948_utt13.wav,948,13,neutral,Phoebe
dia948_utt14.wav,948,14,neutral,Monica
dia948_utt15.wav,948,15,neutral,Phoebe
dia949_utt0.wav,949,0,sadness,Joey
dia949_utt1.wav,949,1,neutral,Rachel
dia949_utt2.wav,949,2,joy,Joey
dia949_utt3.wav,949,3,joy,Joey
dia949_utt4.wav,949,4,neutral,Waiter
dia949_utt5.wav,949,5,neutral,Joey
dia949_utt6.wav,949,6,sadness,Rachel
dia949_utt7.wav,949,7,neutral,Joey
dia949_utt8.wav,949,8,neutral,Rachel
dia949_utt9.wav,949,9,neutral,Joey
dia949_utt10.wav,949,10,joy,Rachel
dia949_utt11.wav,949,11,neutral,Joey
dia949_utt12.wav,949,12,neutral,Rachel
dia950_utt0.wav,950,0,surprise,Chandler
dia950_utt1.wav,950,1,sadness,Monica
dia950_utt2.wav,950,2,anger,Ross
dia950_utt3.wav,950,3,disgust,Ross
dia950_utt4.wav,950,4,sadness,All
dia950_utt5.wav,950,5,anger,Ross
dia950_utt6.wav,950,6,joy,Monica
dia950_utt7.wav,950,7,sadness,Ross
dia950_utt8.wav,950,8,joy,Monica
dia950_utt9.wav,950,9,joy,Rachel
dia950_utt10.wav,950,10,joy,Joey
dia950_utt11.wav,950,11,joy,Ross
dia950_utt12.wav,950,12,joy,Ross
dia950_utt13.wav,950,13,joy,Ross
dia950_utt14.wav,950,14,joy,Ross
dia950_utt15.wav,950,15,joy,Ross
dia950_utt16.wav,950,16,neutral,Monica
dia950_utt17.wav,950,17,neutral,Chandler
dia951_utt0.wav,951,0,anger,Ross
dia951_utt1.wav,951,1,surprise,Chandler
dia952_utt0.wav,952,0,neutral,Joey
dia952_utt1.wav,952,1,neutral,Ross
dia952_utt2.wav,952,2,joy,Joey
dia952_utt3.wav,952,3,neutral,The Interviewer
dia952_utt4.wav,952,4,neutral,Joey
dia952_utt5.wav,952,5,disgust,Phoebe
dia952_utt6.wav,952,6,neutral,Joey
dia953_utt0.wav,953,0,neutral,Phoebe
dia953_utt1.wav,953,1,neutral,Mike
dia953_utt2.wav,953,2,neutral,Phoebe
dia953_utt3.wav,953,3,neutral,Mike
dia953_utt4.wav,953,4,surprise,Phoebe
dia953_utt5.wav,953,5,neutral,Mike
dia953_utt6.wav,953,6,anger,Phoebe
dia953_utt7.wav,953,7,sadness,Phoebe
dia953_utt8.wav,953,8,neutral,Mike
dia953_utt9.wav,953,9,neutral,Phoebe
dia953_utt10.wav,953,10,fear,Phoebe
dia953_utt11.wav,953,11,sadness,Phoebe
dia953_utt12.wav,953,12,anger,Phoebe
dia953_utt13.wav,953,13,neutral,Phoebe
dia953_utt14.wav,953,14,surprise,Phoebe
dia953_utt15.wav,953,15,surprise,Phoebe
dia953_utt16.wav,953,16,surprise,Phoebe
dia953_utt17.wav,953,17,neutral,Mike
dia953_utt18.wav,953,18,neutral,Phoebe
dia953_utt19.wav,953,19,neutral,Mike
dia953_utt20.wav,953,20,sadness,Phoebe
dia953_utt21.wav,953,21,neutral,Mike
dia953_utt22.wav,953,22,neutral,Phoebe
dia954_utt0.wav,954,0,joy,Joey
dia954_utt1.wav,954,1,neutral,Carol
dia954_utt2.wav,954,2,neutral,Joey
dia954_utt3.wav,954,3,neutral,Carol
dia954_utt4.wav,954,4,sadness,Joey
dia954_utt5.wav,954,5,surprise,Ross
dia955_utt0.wav,955,0,surprise,Monica
dia955_utt1.wav,955,1,anger,Rachel
dia955_utt2.wav,955,2,anger,Rachel
dia955_utt3.wav,955,3,anger,Rachel
dia955_utt4.wav,955,4,neutral,Rachel
dia955_utt5.wav,955,5,anger,Monica
dia955_utt6.wav,955,6,anger,Rachel
dia956_utt0.wav,956,0,surprise,Danny
dia956_utt1.wav,956,1,neutral,Rachel
dia956_utt2.wav,956,2,surprise,Danny
dia956_utt3.wav,956,3,neutral,Rachel
dia956_utt4.wav,956,4,anger,Danny
dia956_utt5.wav,956,5,neutral,Danny
dia956_utt6.wav,956,6,neutral,Rachel
dia956_utt7.wav,956,7,neutral,Danny
dia956_utt8.wav,956,8,neutral,Rachel
dia956_utt9.wav,956,9,neutral,Danny
dia956_utt10.wav,956,10,neutral,Danny
dia956_utt11.wav,956,11,neutral,Danny
dia956_utt12.wav,956,12,neutral,Danny
dia956_utt13.wav,956,13,neutral,Rachel
dia956_utt14.wav,956,14,neutral,Krista
dia956_utt15.wav,956,15,surprise,Danny
dia956_utt16.wav,956,16,neutral,Rachel
dia957_utt0.wav,957,0,sadness,Ross
dia957_utt1.wav,957,1,sadness,Rachel
dia958_utt0.wav,958,0,sadness,Ross
dia959_utt0.wav,959,0,neutral,Ross
dia959_utt1.wav,959,1,sadness,Ross
dia959_utt2.wav,959,2,neutral,Ross
dia959_utt3.wav,959,3,neutral,Rachel
dia959_utt4.wav,959,4,joy,Ross
dia959_utt5.wav,959,5,neutral,Rachel
dia959_utt6.wav,959,6,neutral,Rachel
dia959_utt7.wav,959,7,neutral,Ross
dia959_utt8.wav,959,8,neutral,Rachel
dia959_utt9.wav,959,9,joy,Ross
dia960_utt0.wav,960,0,anger,Monica
dia960_utt1.wav,960,1,neutral,Allesandro
dia960_utt2.wav,960,2,neutral,Monica
dia960_utt3.wav,960,3,disgust,Monica
dia960_utt4.wav,960,4,disgust,Monica
dia960_utt5.wav,960,5,disgust,Monica
dia960_utt6.wav,960,6,anger,Allesandro
dia960_utt7.wav,960,7,surprise,Monica
dia960_utt8.wav,960,8,neutral,Allesandro
dia960_utt9.wav,960,9,anger,Monica
dia960_utt10.wav,960,10,neutral,Allesandro
dia961_utt0.wav,961,0,neutral,Phoebe
dia961_utt1.wav,961,1,anger,Phoebe
dia961_utt2.wav,961,2,neutral,Ross
dia961_utt3.wav,961,3,anger,Phoebe
dia961_utt4.wav,961,4,anger,Ross
dia961_utt5.wav,961,5,surprise,Phoebe
dia961_utt6.wav,961,6,sadness,Ross
dia961_utt7.wav,961,7,neutral,Joey
dia961_utt8.wav,961,8,sadness,Ross
dia961_utt9.wav,961,9,surprise,Joey
dia961_utt10.wav,961,10,sadness,Ross
dia961_utt11.wav,961,11,neutral,Joey
dia961_utt12.wav,961,12,neutral,Ross
dia961_utt13.wav,961,13,neutral,Joey
dia961_utt14.wav,961,14,surprise,Ross
dia962_utt0.wav,962,0,joy,Chandler
dia962_utt1.wav,962,1,neutral,Monica
dia962_utt2.wav,962,2,joy,Monica
dia962_utt3.wav,962,3,joy,Monica
dia962_utt4.wav,962,4,joy,Monica
dia962_utt5.wav,962,5,neutral,Chandler
dia963_utt0.wav,963,0,anger,Chandler
dia963_utt1.wav,963,1,surprise,Ross
dia963_utt2.wav,963,2,anger,Ross
dia963_utt3.wav,963,3,anger,Ross
dia963_utt4.wav,963,4,anger,Ross
dia963_utt5.wav,963,5,neutral,Ross
dia963_utt6.wav,963,6,anger,Ross
dia963_utt7.wav,963,7,neutral,Chandler
dia963_utt8.wav,963,8,anger,Ross
dia963_utt9.wav,963,9,disgust,Chandler
dia964_utt0.wav,964,0,neutral,Ross
dia964_utt1.wav,964,1,joy,Rachel
dia964_utt2.wav,964,2,joy,Ross
dia964_utt3.wav,964,3,neutral,Ross
dia964_utt4.wav,964,4,surprise,Ross
dia964_utt5.wav,964,5,neutral,Rachel
dia964_utt6.wav,964,6,surprise,Ross
dia964_utt7.wav,964,7,sadness,Rachel
dia964_utt8.wav,964,8,sadness,Rachel
dia964_utt9.wav,964,9,anger,Rachel
dia964_utt10.wav,964,10,sadness,Rachel
dia964_utt11.wav,964,11,disgust,Rachel
dia964_utt12.wav,964,12,sadness,Rachel
dia964_utt13.wav,964,13,neutral,Rachel
dia964_utt14.wav,964,14,neutral,Ross
dia964_utt15.wav,964,15,sadness,Rachel
dia964_utt16.wav,964,16,sadness,Ross
dia964_utt17.wav,964,17,neutral,Rachel
dia965_utt0.wav,965,0,fear,Monica
dia965_utt1.wav,965,1,neutral,Rachel
dia965_utt2.wav,965,2,joy,Chip
dia965_utt3.wav,965,3,joy,Rachel
dia965_utt4.wav,965,4,neutral,Chip
dia965_utt5.wav,965,5,neutral,Rachel
dia965_utt6.wav,965,6,surprise,Chip
dia966_utt0.wav,966,0,joy,Ross
dia966_utt1.wav,966,1,surprise,Phoebe
dia966_utt2.wav,966,2,neutral,Rachel
dia966_utt3.wav,966,3,surprise,Phoebe
dia966_utt4.wav,966,4,surprise,Phoebe
dia966_utt5.wav,966,5,surprise,Phoebe
dia966_utt6.wav,966,6,neutral,Rachel
dia966_utt7.wav,966,7,neutral,Phoebe
dia967_utt0.wav,967,0,surprise,Joey
dia967_utt1.wav,967,1,surprise,Rachel
dia967_utt2.wav,967,2,surprise,Rachel
dia967_utt3.wav,967,3,surprise,Rachel
dia967_utt4.wav,967,4,joy,Rachel
dia967_utt5.wav,967,5,neutral,Joey
dia967_utt6.wav,967,6,joy,Rachel
dia967_utt7.wav,967,7,joy,Joey
dia967_utt8.wav,967,8,surprise,Rachel
dia967_utt9.wav,967,9,surprise,Joey
dia968_utt0.wav,968,0,neutral,Chandler
dia968_utt1.wav,968,1,surprise,Ross
dia968_utt2.wav,968,2,sadness,Joey
dia968_utt3.wav,968,3,surprise,Chandler
dia968_utt4.wav,968,4,surprise,Ross
dia968_utt5.wav,968,5,neutral,Chandler
dia968_utt6.wav,968,6,neutral,Ross
dia968_utt7.wav,968,7,joy,Joey
dia969_utt0.wav,969,0,anger,Ross
dia969_utt1.wav,969,1,neutral,Ross
dia969_utt2.wav,969,2,neutral,Ross
dia969_utt3.wav,969,3,joy,Joey
dia969_utt4.wav,969,4,neutral,Gunther
dia969_utt5.wav,969,5,joy,Joey
dia969_utt6.wav,969,6,neutral,Joey
dia970_utt0.wav,970,0,neutral,Joey
dia971_utt0.wav,971,0,neutral,Joey
dia971_utt1.wav,971,1,sadness,Ross
dia971_utt2.wav,971,2,anger,Joey
dia972_utt0.wav,972,0,neutral,Ross
dia972_utt1.wav,972,1,neutral,Cassie
dia972_utt2.wav,972,2,joy,Ross
dia972_utt3.wav,972,3,neutral,Cassie
dia972_utt4.wav,972,4,neutral,Ross
dia972_utt5.wav,972,5,neutral,Ross
dia972_utt6.wav,972,6,joy,Ross
dia972_utt7.wav,972,7,sadness,Ross
dia972_utt8.wav,972,8,joy,Cassie
dia972_utt9.wav,972,9,joy,Ross
dia972_utt10.wav,972,10,surprise,Cassie
dia972_utt11.wav,972,11,neutral,Ross
dia973_utt0.wav,973,0,neutral,Phoebe
dia973_utt1.wav,973,1,neutral,Phoebe
dia973_utt2.wav,973,2,neutral,Phoebe
dia973_utt3.wav,973,3,neutral,Phoebe
dia973_utt4.wav,973,4,joy,Monica
dia973_utt5.wav,973,5,anger,Phoebe
dia973_utt6.wav,973,6,sadness,Monica
dia973_utt7.wav,973,7,neutral,Phoebe
dia973_utt8.wav,973,8,neutral,Phoebe
dia973_utt9.wav,973,9,neutral,Monica
dia973_utt10.wav,973,10,neutral,Phoebe
dia973_utt11.wav,973,11,sadness,Monica
dia973_utt12.wav,973,12,joy,Phoebe
dia973_utt13.wav,973,13,sadness,Monica
dia973_utt14.wav,973,14,neutral,Phoebe
dia973_utt15.wav,973,15,neutral,Phoebe
dia973_utt16.wav,973,16,joy,Phoebe
dia973_utt17.wav,973,17,neutral,Phoebe
dia973_utt18.wav,973,18,disgust,Monica
dia974_utt0.wav,974,0,neutral,Ross
dia974_utt1.wav,974,1,neutral,Julie
dia975_utt0.wav,975,0,neutral,Rachel
dia975_utt1.wav,975,1,neutral,Rachel
dia975_utt2.wav,975,2,neutral,Ross
dia975_utt3.wav,975,3,joy,Rachel
dia975_utt4.wav,975,4,neutral,Ross
dia975_utt5.wav,975,5,neutral,Rachel
dia975_utt6.wav,975,6,neutral,Ross
dia976_utt0.wav,976,0,joy,Phoebe
dia976_utt1.wav,976,1,neutral,Rachel
dia976_utt2.wav,976,2,neutral,Terry
dia976_utt3.wav,976,3,neutral,Rachel
dia976_utt4.wav,976,4,neutral,Terry
dia976_utt5.wav,976,5,neutral,Terry
dia976_utt6.wav,976,6,neutral,Terry
dia976_utt7.wav,976,7,neutral,Terry
dia976_utt8.wav,976,8,surprise,Rachel
dia976_utt9.wav,976,9,disgust,Terry
dia976_utt10.wav,976,10,sadness,Rachel
dia976_utt11.wav,976,11,neutral,Terry
dia976_utt12.wav,976,12,fear,Rachel
dia977_utt0.wav,977,0,sadness,Ross
dia977_utt1.wav,977,1,neutral,Rachel
dia977_utt2.wav,977,2,surprise,Ross
dia977_utt3.wav,977,3,anger,Rachel
dia977_utt4.wav,977,4,anger,Rachel
dia977_utt5.wav,977,5,joy,Ross
dia977_utt6.wav,977,6,anger,Rachel
dia977_utt7.wav,977,7,neutral,Rachel
dia977_utt8.wav,977,8,neutral,Rachel
dia977_utt9.wav,977,9,neutral,Ross
dia977_utt10.wav,977,10,sadness,Rachel
dia977_utt11.wav,977,11,surprise,Ross
dia977_utt12.wav,977,12,surprise,Ross
dia977_utt13.wav,977,13,joy,Rachel
dia977_utt14.wav,977,14,neutral,Chandler
dia978_utt0.wav,978,0,surprise,Chandler
dia978_utt1.wav,978,1,joy,Rachel
dia978_utt2.wav,978,2,neutral,Rachel
dia978_utt3.wav,978,3,joy,Rachel
dia978_utt4.wav,978,4,joy,Friend No. 2
dia978_utt5.wav,978,5,neutral,Rachel
dia978_utt6.wav,978,6,surprise,Friend No. 2
dia978_utt7.wav,978,7,neutral,Rachel
dia978_utt8.wav,978,8,surprise,Friend No. 1
dia978_utt9.wav,978,9,neutral,Rachel
dia978_utt10.wav,978,10,joy,Her-Friends
dia979_utt0.wav,979,0,surprise,Phoebe
dia979_utt1.wav,979,1,joy,Joey
dia979_utt2.wav,979,2,joy,Chandler
dia979_utt3.wav,979,3,surprise,Phoebe
dia979_utt4.wav,979,4,joy,Joey
dia979_utt5.wav,979,5,neutral,Monica
dia979_utt6.wav,979,6,neutral,Chandler
dia980_utt0.wav,980,0,neutral,Ross
dia980_utt1.wav,980,1,neutral,Ross
dia980_utt2.wav,980,2,neutral,Ross
dia980_utt3.wav,980,3,sadness,Ross
dia980_utt4.wav,980,4,disgust,Ross
dia980_utt5.wav,980,5,anger,Ross
dia980_utt6.wav,980,6,neutral,Chandler
dia980_utt7.wav,980,7,neutral,Ross
dia980_utt8.wav,980,8,neutral,Ross
dia980_utt9.wav,980,9,neutral,Ross
dia980_utt10.wav,980,10,fear,Chandler
dia980_utt11.wav,980,11,sadness,Ross
dia981_utt0.wav,981,0,neutral,Chandler
dia981_utt1.wav,981,1,sadness,Ross
dia981_utt2.wav,981,2,surprise,Rachel
dia981_utt3.wav,981,3,sadness,Ross
dia981_utt4.wav,981,4,surprise,Rachel
dia982_utt0.wav,982,0,neutral,Joey
dia982_utt1.wav,982,1,neutral,Chandler
dia982_utt2.wav,982,2,neutral,Joey
dia982_utt3.wav,982,3,joy,Chandler
dia982_utt4.wav,982,4,surprise,Joey
dia982_utt5.wav,982,5,neutral,Chandler
dia982_utt6.wav,982,6,neutral,Joey
dia982_utt7.wav,982,7,surprise,Chandler
dia982_utt8.wav,982,8,neutral,Joey
dia982_utt9.wav,982,9,surprise,Chandler
dia982_utt10.wav,982,10,joy,Joey
dia983_utt0.wav,983,0,surprise,Rachel
dia983_utt1.wav,983,1,neutral,Joey
dia983_utt2.wav,983,2,anger,Rachel
dia983_utt3.wav,983,3,sadness,Joey
dia983_utt4.wav,983,4,sadness,Rachel
dia983_utt5.wav,983,5,anger,Joey
dia983_utt6.wav,983,6,sadness,Rachel
dia983_utt7.wav,983,7,anger,Joey
dia984_utt0.wav,984,0,joy,Phoebe
dia984_utt1.wav,984,1,neutral,Joey
dia984_utt2.wav,984,2,neutral,Phoebe
dia984_utt3.wav,984,3,neutral,Joey
dia984_utt4.wav,984,4,neutral,Phoebe
dia984_utt5.wav,984,5,joy,Joey
dia985_utt0.wav,985,0,sadness,Joey
dia985_utt1.wav,985,1,neutral,Estelle
dia985_utt2.wav,985,2,surprise,Joey
dia985_utt3.wav,985,3,sadness,Estelle
dia985_utt4.wav,985,4,anger,Joey
dia986_utt0.wav,986,0,surprise,Phoebe
dia986_utt1.wav,986,1,surprise,Phoebe
dia986_utt2.wav,986,2,joy,Rachel
dia986_utt3.wav,986,3,surprise,Phoebe
dia986_utt4.wav,986,4,joy,Phoebe
dia986_utt5.wav,986,5,neutral,Phoebe
dia986_utt6.wav,986,6,neutral,Phoebe
dia986_utt7.wav,986,7,neutral,Joey
dia986_utt8.wav,986,8,neutral,Rachel
dia986_utt9.wav,986,9,neutral,Rachel
dia986_utt10.wav,986,10,neutral,Joey
dia986_utt11.wav,986,11,neutral,Rachel
dia986_utt12.wav,986,12,surprise,Phoebe
dia986_utt13.wav,986,13,neutral,Joey
dia986_utt14.wav,986,14,neutral,Joey
dia986_utt15.wav,986,15,neutral,Joey
dia986_utt16.wav,986,16,joy,Joey
dia987_utt0.wav,987,0,neutral,Chandler
dia988_utt0.wav,988,0,neutral,Phoebe
dia988_utt1.wav,988,1,surprise,Rachel
dia988_utt2.wav,988,2,surprise,Phoebe
dia988_utt3.wav,988,3,sadness,Phoebe
dia988_utt4.wav,988,4,sadness,Phoebe
dia988_utt5.wav,988,5,neutral,Rachel
dia988_utt6.wav,988,6,sadness,Joey
dia988_utt7.wav,988,7,neutral,Ross
dia989_utt0.wav,989,0,surprise,Rachel
dia989_utt1.wav,989,1,neutral,Chandler
dia989_utt2.wav,989,2,sadness,Rachel
dia989_utt3.wav,989,3,fear,Chandler
dia989_utt4.wav,989,4,fear,Rachel
dia989_utt5.wav,989,5,neutral,Chandler
dia989_utt6.wav,989,6,neutral,Rachel
dia989_utt7.wav,989,7,neutral,Chandler
dia989_utt8.wav,989,8,fear,Rachel
dia989_utt9.wav,989,9,surprise,Chandler
dia989_utt10.wav,989,10,fear,Rachel
dia989_utt11.wav,989,11,fear,Chandler
dia990_utt0.wav,990,0,neutral,Chandler
dia990_utt1.wav,990,1,neutral,Joey
dia990_utt2.wav,990,2,neutral,Chandler
dia990_utt3.wav,990,3,neutral,Joey
dia990_utt4.wav,990,4,neutral,Chandler
dia990_utt5.wav,990,5,neutral,Joey
dia990_utt6.wav,990,6,sadness,Joey
dia990_utt7.wav,990,7,neutral,Joey
dia990_utt8.wav,990,8,neutral,Chandler
dia990_utt9.wav,990,9,neutral,Chandler
dia990_utt10.wav,990,10,neutral,Chandler
dia990_utt11.wav,990,11,neutral,Joey
dia990_utt12.wav,990,12,neutral,Chandler
dia990_utt13.wav,990,13,neutral,Chandler
dia990_utt14.wav,990,14,neutral,Chandler
dia990_utt15.wav,990,15,neutral,Chandler
dia990_utt16.wav,990,16,joy,Joey
dia990_utt17.wav,990,17,neutral,Chandler
dia990_utt18.wav,990,18,neutral,Joey
dia990_utt19.wav,990,19,anger,Chandler
dia991_utt0.wav,991,0,neutral,Joey
dia991_utt1.wav,991,1,neutral,The Cooking Teacher
dia991_utt2.wav,991,2,neutral,Joey
dia991_utt3.wav,991,3,neutral,The Cooking Teacher
dia991_utt4.wav,991,4,neutral,Joey
dia991_utt5.wav,991,5,neutral,The Cooking Teacher
dia991_utt6.wav,991,6,neutral,Joey
dia991_utt7.wav,991,7,surprise,The Cooking Teacher
dia991_utt8.wav,991,8,surprise,Monica
dia991_utt9.wav,991,9,neutral,Monica
dia991_utt10.wav,991,10,neutral,Monica
dia991_utt11.wav,991,11,joy,The Cooking Teacher
dia991_utt12.wav,991,12,neutral,Monica
dia991_utt13.wav,991,13,joy,The Cooking Teacher
dia991_utt14.wav,991,14,joy,Monica
dia992_utt0.wav,992,0,neutral,All
dia992_utt1.wav,992,1,neutral,Phoebe
dia992_utt2.wav,992,2,neutral,Monica
dia992_utt3.wav,992,3,joy,Phoebe
dia992_utt4.wav,992,4,neutral,Phoebe
dia992_utt5.wav,992,5,neutral,Monica
dia992_utt6.wav,992,6,neutral,Ross
dia992_utt7.wav,992,7,neutral,Chandler
dia992_utt8.wav,992,8,disgust,Rachel
dia992_utt9.wav,992,9,disgust,All
dia992_utt10.wav,992,10,sadness,Ross
dia992_utt11.wav,992,11,neutral,Phoebe
dia992_utt12.wav,992,12,neutral,Phoebe
dia992_utt13.wav,992,13,neutral,Phoebe
dia992_utt14.wav,992,14,disgust,All
dia992_utt15.wav,992,15,sadness,Rachel
dia993_utt0.wav,993,0,joy,Ross
dia993_utt1.wav,993,1,joy,Joey
dia993_utt2.wav,993,2,neutral,Ross
dia993_utt3.wav,993,3,neutral,Joey
dia994_utt0.wav,994,0,fear,Chandler
dia994_utt1.wav,994,1,neutral,Joey
dia994_utt2.wav,994,2,sadness,Chandler
dia994_utt3.wav,994,3,anger,Joey
dia994_utt4.wav,994,4,neutral,Joey
dia994_utt5.wav,994,5,neutral,Joey
dia994_utt6.wav,994,6,anger,Joey
dia995_utt0.wav,995,0,anger,Chandler
dia995_utt1.wav,995,1,neutral,Ross
dia996_utt0.wav,996,0,surprise,Ross
dia996_utt1.wav,996,1,neutral,Emily
dia996_utt2.wav,996,2,joy,Ross
dia996_utt3.wav,996,3,anger,Ross
dia996_utt4.wav,996,4,anger,Ross
dia996_utt5.wav,996,5,neutral,Ross
dia996_utt6.wav,996,6,sadness,Emily
dia996_utt7.wav,996,7,anger,Ross
dia996_utt8.wav,996,8,anger,Emily
dia996_utt9.wav,996,9,anger,Emily
dia996_utt10.wav,996,10,anger,Emily
dia996_utt11.wav,996,11,anger,Emily
dia996_utt12.wav,996,12,neutral,Ross
dia996_utt13.wav,996,13,anger,Emily
dia996_utt14.wav,996,14,neutral,Ross
dia996_utt15.wav,996,15,anger,Emily
dia996_utt16.wav,996,16,anger,Ross
dia996_utt17.wav,996,17,anger,Emily
dia996_utt18.wav,996,18,anger,Emily
dia996_utt19.wav,996,19,anger,Emily
dia996_utt20.wav,996,20,sadness,Ross
dia997_utt0.wav,997,0,neutral,Monica
dia997_utt1.wav,997,1,neutral,Chandler
dia997_utt2.wav,997,2,joy,Monica
dia997_utt3.wav,997,3,anger,Chandler
dia997_utt4.wav,997,4,neutral,The Museum Official
dia997_utt5.wav,997,5,surprise,Monica
dia997_utt6.wav,997,6,neutral,The Museum Official
dia997_utt7.wav,997,7,fear,Monica
dia997_utt8.wav,997,8,surprise,Chandler
dia997_utt9.wav,997,9,anger,Monica
dia998_utt0.wav,998,0,surprise,Joey
dia998_utt1.wav,998,1,neutral,Mrs. Tribbiani
dia998_utt2.wav,998,2,surprise,Joey
dia999_utt0.wav,999,0,neutral,Susan
dia999_utt1.wav,999,1,neutral,Ross
dia999_utt2.wav,999,2,neutral,Susan
dia999_utt3.wav,999,3,surprise,Ross
dia999_utt4.wav,999,4,neutral,Susan
dia1000_utt0.wav,1000,0,disgust,Monica
dia1000_utt1.wav,1000,1,disgust,Rachel
dia1000_utt2.wav,1000,2,anger,Chandler
dia1000_utt3.wav,1000,3,neutral,Joey
dia1001_utt0.wav,1001,0,neutral,Rachel
dia1001_utt1.wav,1001,1,neutral,Monica
dia1001_utt2.wav,1001,2,neutral,Monica
dia1001_utt3.wav,1001,3,joy,Monica
dia1001_utt4.wav,1001,4,sadness,Joey
dia1001_utt5.wav,1001,5,joy,Monica
dia1001_utt6.wav,1001,6,joy,Monica
dia1001_utt7.wav,1001,7,joy,Monica
dia1001_utt8.wav,1001,8,neutral,Monica
dia1001_utt9.wav,1001,9,neutral,Joey
dia1001_utt10.wav,1001,10,joy,Rachel
dia1001_utt11.wav,1001,11,neutral,Joey
dia1002_utt0.wav,1002,0,neutral,Chandler
dia1002_utt1.wav,1002,1,joy,Ross
dia1002_utt2.wav,1002,2,joy,Chandler
dia1002_utt3.wav,1002,3,neutral,Monica
dia1002_utt4.wav,1002,4,joy,Joey
dia1002_utt5.wav,1002,5,joy,Monica
dia1003_utt0.wav,1003,0,neutral,Monica
dia1003_utt1.wav,1003,1,neutral,Joey
dia1003_utt2.wav,1003,2,neutral,Monica
dia1003_utt3.wav,1003,3,neutral,Monica
dia1003_utt4.wav,1003,4,neutral,Monica
dia1003_utt5.wav,1003,5,neutral,Monica
dia1003_utt6.wav,1003,6,joy,Joey
dia1003_utt7.wav,1003,7,surprise,Monica
dia1004_utt0.wav,1004,0,neutral,Ross
dia1004_utt1.wav,1004,1,joy,Rachel
dia1004_utt2.wav,1004,2,neutral,Paul
dia1005_utt0.wav,1005,0,neutral,Larry
dia1005_utt1.wav,1005,1,joy,Phoebe
dia1005_utt2.wav,1005,2,joy,Larry
dia1005_utt3.wav,1005,3,neutral,Phoebe
dia1005_utt4.wav,1005,4,neutral,Larry
dia1005_utt5.wav,1005,5,neutral,Phoebe
dia1005_utt6.wav,1005,6,disgust,Larry
dia1005_utt7.wav,1005,7,neutral,Phoebe
dia1005_utt8.wav,1005,8,neutral,Phoebe
dia1005_utt9.wav,1005,9,neutral,Phoebe
dia1005_utt10.wav,1005,10,joy,Phoebe
dia1005_utt11.wav,1005,11,anger,Larry
dia1005_utt12.wav,1005,12,neutral,Gunther
dia1005_utt13.wav,1005,13,disgust,Larry
dia1005_utt14.wav,1005,14,anger,Phoebe
dia1005_utt15.wav,1005,15,neutral,Phoebe
dia1005_utt16.wav,1005,16,anger,Phoebe
dia1005_utt17.wav,1005,17,neutral,Larry
dia1005_utt18.wav,1005,18,joy,Phoebe
dia1005_utt19.wav,1005,19,neutral,Phoebe
dia1005_utt20.wav,1005,20,anger,Phoebe
dia1005_utt21.wav,1005,21,disgust,Phoebe
dia1006_utt0.wav,1006,0,sadness,Rachel
dia1006_utt1.wav,1006,1,joy,Phoebe
dia1006_utt2.wav,1006,2,sadness,Rachel
dia1006_utt3.wav,1006,3,neutral,Phoebe
dia1006_utt4.wav,1006,4,neutral,Joey
dia1006_utt5.wav,1006,5,neutral,Phoebe
dia1007_utt0.wav,1007,0,neutral,Chandler
dia1007_utt1.wav,1007,1,sadness,Ross
dia1007_utt2.wav,1007,2,sadness,Ross
dia1007_utt3.wav,1007,3,anger,Ross
dia1007_utt4.wav,1007,4,joy,Chandler
dia1007_utt5.wav,1007,5,sadness,Rachel
dia1007_utt6.wav,1007,6,sadness,Ross
dia1007_utt7.wav,1007,7,sadness,Ross
dia1007_utt8.wav,1007,8,sadness,Phoebe
dia1007_utt9.wav,1007,9,neutral,Chandler
dia1007_utt10.wav,1007,10,anger,Rachel
dia1007_utt11.wav,1007,11,anger,Rachel
dia1007_utt12.wav,1007,12,sadness,Rachel
dia1007_utt13.wav,1007,13,sadness,Rachel
dia1007_utt14.wav,1007,14,sadness,Rachel
dia1007_utt15.wav,1007,15,neutral,Ross
dia1008_utt0.wav,1008,0,surprise,Fireman No. 1
dia1008_utt1.wav,1008,1,surprise,Fireman No. 2
dia1008_utt2.wav,1008,2,joy,Monica
dia1008_utt3.wav,1008,3,neutral,Fireman No. 3
dia1008_utt4.wav,1008,4,neutral,Fireman No. 3
dia1008_utt5.wav,1008,5,neutral,Fireman No. 3
dia1008_utt6.wav,1008,6,neutral,Fireman No. 3
dia1008_utt7.wav,1008,7,neutral,Fireman No. 1
dia1008_utt8.wav,1008,8,surprise,Rachel
dia1008_utt9.wav,1008,9,neutral,Fireman No. 2
dia1009_utt0.wav,1009,0,sadness,Rachel
dia1009_utt1.wav,1009,1,neutral,Monica
dia1009_utt2.wav,1009,2,joy,Rachel
dia1009_utt3.wav,1009,3,neutral,Monica
dia1009_utt4.wav,1009,4,neutral,Phoebe
dia1009_utt5.wav,1009,5,neutral,Monica
dia1009_utt6.wav,1009,6,joy,Phoebe
dia1009_utt7.wav,1009,7,sadness,Rachel
dia1009_utt8.wav,1009,8,surprise,Monica
dia1009_utt9.wav,1009,9,surprise,Monica
dia1009_utt10.wav,1009,10,joy,Monica
dia1009_utt11.wav,1009,11,joy,Phoebe
dia1009_utt12.wav,1009,12,surprise,Monica
dia1009_utt13.wav,1009,13,surprise,Monica
dia1009_utt14.wav,1009,14,neutral,Rachel
dia1009_utt15.wav,1009,15,neutral,Phoebe
dia1009_utt16.wav,1009,16,joy,Monica
dia1009_utt17.wav,1009,17,joy,Phoebe
dia1009_utt18.wav,1009,18,sadness,Rachel
dia1010_utt0.wav,1010,0,neutral,Joey
dia1010_utt1.wav,1010,1,neutral,Monica
dia1010_utt2.wav,1010,2,joy,Joey
dia1010_utt3.wav,1010,3,disgust,All
dia1010_utt4.wav,1010,4,disgust,Monica
dia1010_utt5.wav,1010,5,sadness,Joey
dia1010_utt6.wav,1010,6,neutral,Rachel
dia1010_utt7.wav,1010,7,joy,Monica
dia1010_utt8.wav,1010,8,neutral,Rachel
dia1010_utt9.wav,1010,9,disgust,Ross
dia1010_utt10.wav,1010,10,neutral,Rachel
dia1010_utt11.wav,1010,11,joy,Ross
dia1011_utt0.wav,1011,0,surprise,Monica
dia1011_utt1.wav,1011,1,neutral,Chandler
dia1011_utt2.wav,1011,2,joy,Ross
dia1011_utt3.wav,1011,3,neutral,Chandler
dia1011_utt4.wav,1011,4,neutral,Ross
dia1011_utt5.wav,1011,5,anger,Rachel
dia1011_utt6.wav,1011,6,neutral,Joey
dia1011_utt7.wav,1011,7,neutral,Ross
dia1011_utt8.wav,1011,8,neutral,Monica
dia1011_utt9.wav,1011,9,neutral,Ross
dia1011_utt10.wav,1011,10,neutral,Rachel
dia1011_utt11.wav,1011,11,anger,Ross
dia1011_utt12.wav,1011,12,neutral,Rachel
dia1012_utt0.wav,1012,0,neutral,Ross
dia1012_utt1.wav,1012,1,surprise,Phoebe
dia1012_utt2.wav,1012,2,joy,Dr. Oberman
dia1012_utt3.wav,1012,3,joy,Phoebe
dia1012_utt4.wav,1012,4,joy,Dr. Oberman
dia1012_utt5.wav,1012,5,anger,Phoebe
dia1012_utt6.wav,1012,6,anger,Phoebe
dia1012_utt7.wav,1012,7,surprise,Phoebe
dia1012_utt8.wav,1012,8,surprise,Phoebe
dia1012_utt9.wav,1012,9,anger,Phoebe
dia1012_utt10.wav,1012,10,anger,Phoebe
dia1012_utt11.wav,1012,11,joy,Frank
dia1013_utt0.wav,1013,0,neutral,Ross
dia1013_utt1.wav,1013,1,anger,Monica
dia1013_utt2.wav,1013,2,neutral,Ross
dia1013_utt3.wav,1013,3,anger,Monica
dia1014_utt0.wav,1014,0,neutral,Policeman
dia1014_utt1.wav,1014,1,neutral,Ross
dia1014_utt2.wav,1014,2,neutral,Policeman
dia1014_utt3.wav,1014,3,surprise,Rachel
dia1014_utt4.wav,1014,4,neutral,Ross
dia1015_utt0.wav,1015,0,neutral,Gerston
dia1015_utt1.wav,1015,1,neutral,Santos
dia1015_utt2.wav,1015,2,joy,Petrie
dia1015_utt3.wav,1015,3,neutral,Chandler
dia1015_utt4.wav,1015,4,neutral,Santos
dia1015_utt5.wav,1015,5,neutral,Gerston
dia1015_utt6.wav,1015,6,joy,Chandler
dia1015_utt7.wav,1015,7,neutral,Chandler
dia1015_utt8.wav,1015,8,neutral,Phoebe
dia1015_utt9.wav,1015,9,neutral,Chandler
dia1016_utt0.wav,1016,0,anger,Ross
dia1016_utt1.wav,1016,1,anger,Ross
dia1016_utt2.wav,1016,2,anger,Ross
dia1016_utt3.wav,1016,3,anger,Ross
dia1016_utt4.wav,1016,4,joy,Carol
dia1016_utt5.wav,1016,5,surprise,Ross
dia1016_utt6.wav,1016,6,neutral,Carol
dia1016_utt7.wav,1016,7,joy,Phoebe
dia1016_utt8.wav,1016,8,surprise,Ross
dia1016_utt9.wav,1016,9,disgust,Phoebe
dia1016_utt10.wav,1016,10,joy,Monica
dia1016_utt11.wav,1016,11,fear,Phoebe
dia1016_utt12.wav,1016,12,joy,Ross
dia1016_utt13.wav,1016,13,neutral,Phoebe
dia1016_utt14.wav,1016,14,anger,Ross
dia1016_utt15.wav,1016,15,neutral,Carol
dia1016_utt16.wav,1016,16,anger,Ross
dia1016_utt17.wav,1016,17,neutral,Carol
dia1016_utt18.wav,1016,18,anger,Carol
dia1016_utt19.wav,1016,19,anger,Ross
dia1016_utt20.wav,1016,20,neutral,Carol
dia1016_utt21.wav,1016,21,neutral,Ross
dia1017_utt0.wav,1017,0,sadness,Monica
dia1017_utt1.wav,1017,1,sadness,Phoebe
dia1017_utt2.wav,1017,2,sadness,Joey
dia1017_utt3.wav,1017,3,anger,Chandler
dia1017_utt4.wav,1017,4,anger,Joey
dia1017_utt5.wav,1017,5,anger,Chandler
dia1017_utt6.wav,1017,6,neutral,Phoebe
dia1017_utt7.wav,1017,7,anger,Chandler
dia1017_utt8.wav,1017,8,anger,Phoebe
dia1017_utt9.wav,1017,9,anger,Phoebe
dia1017_utt10.wav,1017,10,joy,Phoebe
dia1017_utt11.wav,1017,11,joy,Phoebe
dia1017_utt12.wav,1017,12,neutral,Phoebe
dia1017_utt13.wav,1017,13,joy,Phoebe
dia1018_utt0.wav,1018,0,joy,Ross
dia1018_utt1.wav,1018,1,fear,Rachel
dia1018_utt2.wav,1018,2,neutral,Phoebe
dia1018_utt3.wav,1018,3,sadness,Rachel
dia1018_utt4.wav,1018,4,anger,Ross
dia1018_utt5.wav,1018,5,neutral,Rachel
dia1018_utt6.wav,1018,6,anger,Ross
dia1018_utt7.wav,1018,7,fear,Rachel
dia1018_utt8.wav,1018,8,anger,Ross
dia1018_utt9.wav,1018,9,neutral,Rachel
dia1018_utt10.wav,1018,10,anger,Ross
dia1018_utt11.wav,1018,11,anger,Phoebe
dia1018_utt12.wav,1018,12,surprise,Phoebe
dia1018_utt13.wav,1018,13,anger,Phoebe
dia1018_utt14.wav,1018,14,anger,Phoebe
dia1018_utt15.wav,1018,15,anger,Phoebe
dia1018_utt16.wav,1018,16,surprise,Phoebe
dia1019_utt0.wav,1019,0,neutral,Chandler
dia1019_utt1.wav,1019,1,neutral,Monica
dia1019_utt2.wav,1019,2,neutral,Monica
dia1019_utt3.wav,1019,3,neutral,Monica
dia1019_utt4.wav,1019,4,neutral,Maitre d'
dia1019_utt5.wav,1019,5,surprise,Chandler
dia1019_utt6.wav,1019,6,neutral,Maitre d'
dia1019_utt7.wav,1019,7,sadness,Chandler
dia1019_utt8.wav,1019,8,neutral,Monica
dia1019_utt9.wav,1019,9,surprise,Chandler
dia1019_utt10.wav,1019,10,anger,Monica
dia1019_utt11.wav,1019,11,neutral,Chandler
dia1019_utt12.wav,1019,12,neutral,Monica
dia1019_utt13.wav,1019,13,neutral,Chandler
dia1019_utt14.wav,1019,14,neutral,Chandler
dia1019_utt15.wav,1019,15,neutral,Maitre d'
dia1019_utt16.wav,1019,16,neutral,Chandler
dia1020_utt0.wav,1020,0,neutral,Tag
dia1020_utt1.wav,1020,1,joy,Rachel
dia1020_utt2.wav,1020,2,surprise,Tag
dia1020_utt3.wav,1020,3,neutral,Rachel
dia1020_utt4.wav,1020,4,neutral,Rachel
dia1020_utt5.wav,1020,5,surprise,Tag
dia1020_utt6.wav,1020,6,neutral,Rachel
dia1021_utt0.wav,1021,0,neutral,Chandler
dia1021_utt1.wav,1021,1,neutral,Chandler
dia1021_utt2.wav,1021,2,neutral,Chandler
dia1021_utt3.wav,1021,3,disgust,Chandler
dia1021_utt4.wav,1021,4,sadness,Chandler
dia1021_utt5.wav,1021,5,disgust,Ross
dia1021_utt6.wav,1021,6,neutral,Chandler
dia1022_utt0.wav,1022,0,neutral,Rachel
dia1022_utt1.wav,1022,1,neutral,Joey
dia1022_utt2.wav,1022,2,neutral,Rachel
dia1022_utt3.wav,1022,3,joy,Joey
dia1022_utt4.wav,1022,4,neutral,Rachel
dia1022_utt5.wav,1022,5,joy,Joey
dia1022_utt6.wav,1022,6,surprise,Rachel
dia1022_utt7.wav,1022,7,neutral,Joey
dia1022_utt8.wav,1022,8,anger,Rachel
dia1022_utt9.wav,1022,9,joy,Joey
dia1022_utt10.wav,1022,10,anger,Rachel
dia1022_utt11.wav,1022,11,surprise,Joey
dia1022_utt12.wav,1022,12,anger,Rachel
dia1022_utt15.wav,1022,15,neutral,Rachel
dia1022_utt16.wav,1022,16,anger,Rachel
dia1022_utt17.wav,1022,17,joy,Joey
dia1023_utt0.wav,1023,0,joy,Chandler
dia1023_utt1.wav,1023,1,neutral,Monica
dia1023_utt2.wav,1023,2,neutral,Chandler
dia1023_utt3.wav,1023,3,surprise,Ross
dia1023_utt4.wav,1023,4,sadness,Chandler
dia1023_utt5.wav,1023,5,neutral,Ross
dia1023_utt6.wav,1023,6,anger,Monica
dia1023_utt7.wav,1023,7,surprise,Ross
dia1024_utt0.wav,1024,0,joy,Joey
dia1024_utt1.wav,1024,1,joy,The Potential Roommate
dia1024_utt2.wav,1024,2,neutral,Joey
dia1024_utt3.wav,1024,3,neutral,Joey
dia1024_utt4.wav,1024,4,joy,The Potential Roommate
dia1024_utt5.wav,1024,5,neutral,Joey
dia1024_utt6.wav,1024,6,neutral,Joey
dia1024_utt7.wav,1024,7,neutral,Joey
dia1024_utt8.wav,1024,8,neutral,The Potential Roommate
dia1024_utt9.wav,1024,9,neutral,Joey
dia1024_utt10.wav,1024,10,neutral,The Potential Roommate
dia1024_utt11.wav,1024,11,joy,Joey
dia1024_utt12.wav,1024,12,neutral,The Potential Roommate
dia1024_utt13.wav,1024,13,joy,Joey
dia1024_utt14.wav,1024,14,neutral,The Potential Roommate
dia1024_utt15.wav,1024,15,sadness,Joey
dia1025_utt0.wav,1025,0,disgust,Monica
dia1025_utt1.wav,1025,1,disgust,Monica
dia1025_utt2.wav,1025,2,anger,Phoebe
dia1025_utt3.wav,1025,3,sadness,Joey
dia1025_utt4.wav,1025,4,surprise,Joey
dia1025_utt5.wav,1025,5,anger,Joey
dia1025_utt6.wav,1025,6,neutral,Rachel
dia1025_utt7.wav,1025,7,anger,Joey
dia1025_utt8.wav,1025,8,anger,Rachel
dia1025_utt9.wav,1025,9,anger,Rachel
dia1025_utt10.wav,1025,10,anger,Rachel
dia1025_utt11.wav,1025,11,fear,Rachel
dia1025_utt12.wav,1025,12,neutral,Rachel
dia1025_utt13.wav,1025,13,joy,Joey
dia1025_utt14.wav,1025,14,anger,Monica
dia1025_utt15.wav,1025,15,anger,Ross
dia1025_utt16.wav,1025,16,neutral,Joey
dia1025_utt17.wav,1025,17,neutral,Ross
dia1026_utt0.wav,1026,0,joy,Monica
dia1026_utt1.wav,1026,1,joy,Chandler
dia1026_utt2.wav,1026,2,joy,Monica
dia1026_utt3.wav,1026,3,neutral,Chandler
dia1026_utt4.wav,1026,4,surprise,Monica
dia1026_utt5.wav,1026,5,surprise,Chandler
dia1026_utt6.wav,1026,6,surprise,Monica
dia1026_utt7.wav,1026,7,joy,Chandler
dia1026_utt8.wav,1026,8,joy,Monica
dia1026_utt9.wav,1026,9,surprise,Chandler
dia1026_utt10.wav,1026,10,joy,Monica
dia1026_utt11.wav,1026,11,anger,Chandler
dia1026_utt12.wav,1026,12,sadness,Monica
dia1026_utt13.wav,1026,13,anger,Chandler
dia1026_utt14.wav,1026,14,surprise,Monica
dia1026_utt15.wav,1026,15,anger,Chandler
dia1027_utt0.wav,1027,0,neutral,Phoebe
dia1027_utt1.wav,1027,1,sadness,Phoebe
dia1027_utt2.wav,1027,2,sadness,Phoebe
dia1027_utt3.wav,1027,3,sadness,Phoebe
dia1027_utt4.wav,1027,4,joy,Phoebe
dia1027_utt5.wav,1027,5,anger,Phoebe
dia1027_utt6.wav,1027,6,disgust,Phoebe
dia1028_utt0.wav,1028,0,neutral,Melissa
dia1028_utt1.wav,1028,1,neutral,Melissa
dia1028_utt2.wav,1028,2,neutral,Melissa
dia1028_utt3.wav,1028,3,neutral,Melissa
dia1028_utt4.wav,1028,4,neutral,Melissa
dia1028_utt5.wav,1028,5,joy,Rachel
dia1029_utt0.wav,1029,0,surprise,Ben
dia1029_utt1.wav,1029,1,neutral,Rachel
dia1029_utt2.wav,1029,2,joy,Ben
dia1029_utt3.wav,1029,3,surprise,Rachel
dia1029_utt4.wav,1029,4,joy,Ben
dia1029_utt5.wav,1029,5,surprise,Rachel
dia1029_utt6.wav,1029,6,joy,Rachel
dia1029_utt7.wav,1029,7,joy,Rachel
dia1029_utt8.wav,1029,8,neutral,Rachel
dia1029_utt9.wav,1029,9,neutral,Rachel
dia1029_utt10.wav,1029,10,neutral,Rachel
dia1029_utt11.wav,1029,11,neutral,Rachel
dia1029_utt12.wav,1029,12,neutral,Rachel
dia1029_utt13.wav,1029,13,neutral,Ben
dia1029_utt14.wav,1029,14,joy,Rachel
dia1030_utt0.wav,1030,0,neutral,Ross
dia1030_utt1.wav,1030,1,sadness,Chloe
dia1030_utt2.wav,1030,2,surprise,Ross
dia1030_utt3.wav,1030,3,sadness,Chloe
dia1030_utt4.wav,1030,4,sadness,Ross
dia1030_utt5.wav,1030,5,neutral,Chloe
dia1031_utt0.wav,1031,0,neutral,Pete
dia1031_utt1.wav,1031,1,neutral,Monica
dia1031_utt2.wav,1031,2,joy,Chandler
dia1031_utt3.wav,1031,3,joy,Doug
dia1032_utt0.wav,1032,0,neutral,Chip
dia1032_utt1.wav,1032,1,neutral,Monica
dia1032_utt2.wav,1032,2,neutral,Chip
dia1032_utt3.wav,1032,3,neutral,Chip
dia1032_utt4.wav,1032,4,neutral,Chip
dia1032_utt5.wav,1032,5,neutral,Chip
dia1032_utt6.wav,1032,6,neutral,Monica
dia1032_utt7.wav,1032,7,joy,Chip
dia1032_utt8.wav,1032,8,surprise,Monica
dia1032_utt9.wav,1032,9,neutral,Chip
dia1032_utt10.wav,1032,10,neutral,Monica
dia1032_utt11.wav,1032,11,neutral,Chip
dia1033_utt0.wav,1033,0,neutral,Joey
dia1033_utt1.wav,1033,1,neutral,Chandler
dia1033_utt2.wav,1033,2,joy,Joey
dia1033_utt3.wav,1033,3,surprise,Monica
dia1034_utt0.wav,1034,0,neutral,Rachel
dia1034_utt1.wav,1034,1,joy,Ross
dia1034_utt2.wav,1034,2,surprise,Rachel
dia1035_utt0.wav,1035,0,anger,Joey
dia1035_utt1.wav,1035,1,neutral,Chandler
dia1035_utt2.wav,1035,2,anger,Joey
dia1035_utt3.wav,1035,3,neutral,Ross
dia1035_utt4.wav,1035,4,neutral,Chandler
dia1035_utt5.wav,1035,5,anger,Ross
dia1035_utt6.wav,1035,6,joy,Joey
dia1036_utt0.wav,1036,0,joy,Joey
dia1036_utt1.wav,1036,1,sadness,Stanley
dia1036_utt2.wav,1036,2,surprise,Joey
dia1036_utt3.wav,1036,3,sadness,Stanley
dia1036_utt4.wav,1036,4,surprise,Joey
dia1036_utt5.wav,1036,5,neutral,Stanley
dia1036_utt6.wav,1036,6,surprise,Joey
dia1036_utt7.wav,1036,7,neutral,Stanley
dia1036_utt8.wav,1036,8,sadness,Joey
dia1036_utt9.wav,1036,9,neutral,Stanley
dia1036_utt10.wav,1036,10,anger,Stanley
dia1036_utt11.wav,1036,11,neutral,Stanley
dia1036_utt12.wav,1036,12,neutral,Stanley
dia1036_utt13.wav,1036,13,neutral,Stanley
dia1036_utt14.wav,1036,14,neutral,Stanley
dia1036_utt15.wav,1036,15,anger,Joey
dia1036_utt16.wav,1036,16,neutral,Stanley
dia1036_utt17.wav,1036,17,neutral,The Grip
dia1036_utt18.wav,1036,18,neutral,Joey
dia1036_utt19.wav,1036,19,neutral,The Grip
dia1036_utt20.wav,1036,20,sadness,Joey
dia1037_utt0.wav,1037,0,neutral,Julie
dia1037_utt1.wav,1037,1,neutral,Rachel
dia1037_utt2.wav,1037,2,neutral,Julie
dia1038_utt0.wav,1038,0,neutral,Chandler
dia1038_utt1.wav,1038,1,joy,All
dia1038_utt2.wav,1038,2,neutral,Monica
dia1038_utt3.wav,1038,3,neutral,Chandler
dia1038_utt4.wav,1038,4,surprise,Ross
dia1038_utt5.wav,1038,5,disgust,Chandler
dia1038_utt6.wav,1038,6,neutral,Rachel
dia1038_utt7.wav,1038,7,disgust,Chandler
dia1038_utt8.wav,1038,8,surprise,Monica
dia1038_utt9.wav,1038,9,neutral,Joey
dia1038_utt10.wav,1038,10,neutral,Joey
dia1038_utt11.wav,1038,11,disgust,Joey
dia1038_utt12.wav,1038,12,disgust,Joey
dia1038_utt13.wav,1038,13,neutral,Chandler
dia1038_utt14.wav,1038,14,neutral,Ross
dia1038_utt15.wav,1038,15,surprise,Joey
dia1038_utt16.wav,1038,16,neutral,All
dia1038_utt17.wav,1038,17,joy,Joey
